ISO-10303-21;
HEADER;
/* Generated by software containing ST-Developer
 * from STEP Tools, Inc. (www.steptools.com) 
 */

FILE_DESCRIPTION(
/* description */ (''),
/* implementation_level */ '2;1');

FILE_NAME(
/* name */ 'ba4a1b17-9bab-44bb-a3f7-195d758f143b.zip.stp',
/* time_stamp */ '2026-08-27T20:20:50Z',
/* author */ (''),
/* organization */ (''),
/* preprocessor_version */ 'ST-DEVELOPER v20.2',
/* originating_system */ 'Autodesk Translation Framework v15.15.0.0',
/* authorisation */ '');

FILE_SCHEMA (('AUTOMOTIVE_DESIGN { 1 0 10303 214 3 1 1 }'));
ENDSEC;

DATA;
#10=MECHANICAL_DESIGN_GEOMETRIC_PRESENTATION_REPRESENTATION('',(#153,#154,
#155,#156,#157,#158,#159,#160,#161,#162,#163,#164,#165),#15620);
#11=ITEM_DEFINED_TRANSFORMATION($,$,#10105,#10330);
#12=ITEM_DEFINED_TRANSFORMATION($,$,#10078,#10331);
#13=ITEM_DEFINED_TRANSFORMATION($,$,#10246,#10332);
#14=ITEM_DEFINED_TRANSFORMATION($,$,#10211,#10333);
#15=ITEM_DEFINED_TRANSFORMATION($,$,#10306,#10334);
#16=ITEM_DEFINED_TRANSFORMATION($,$,#10321,#10335);
#17=ITEM_DEFINED_TRANSFORMATION($,$,#9680,#10336);
#18=ITEM_DEFINED_TRANSFORMATION($,$,#9799,#10337);
#19=ITEM_DEFINED_TRANSFORMATION($,$,#9845,#10338);
#20=ITEM_DEFINED_TRANSFORMATION($,$,#9852,#10339);
#21=ITEM_DEFINED_TRANSFORMATION($,$,#9859,#10340);
#22=ITEM_DEFINED_TRANSFORMATION($,$,#9976,#10341);
#23=ITEM_DEFINED_TRANSFORMATION($,$,#10054,#10342);
#24=ITEM_DEFINED_TRANSFORMATION($,$,#10078,#10343);
#25=ITEM_DEFINED_TRANSFORMATION($,$,#10105,#10344);
#26=ITEM_DEFINED_TRANSFORMATION($,$,#10211,#10345);
#27=ITEM_DEFINED_TRANSFORMATION($,$,#10246,#10346);
#28=ITEM_DEFINED_TRANSFORMATION($,$,#10211,#10347);
#29=ITEM_DEFINED_TRANSFORMATION($,$,#10211,#10348);
#30=ITEM_DEFINED_TRANSFORMATION($,$,#10246,#10349);
#31=ITEM_DEFINED_TRANSFORMATION($,$,#10246,#10350);
#32=ITEM_DEFINED_TRANSFORMATION($,$,#10306,#10351);
#33=ITEM_DEFINED_TRANSFORMATION($,$,#10321,#10352);
#34=ITEM_DEFINED_TRANSFORMATION($,$,#10306,#10353);
#35=ITEM_DEFINED_TRANSFORMATION($,$,#10306,#10354);
#36=ITEM_DEFINED_TRANSFORMATION($,$,#10321,#10355);
#37=ITEM_DEFINED_TRANSFORMATION($,$,#10321,#10356);
#38=(
REPRESENTATION_RELATIONSHIP($,$,#15689,#15680)
REPRESENTATION_RELATIONSHIP_WITH_TRANSFORMATION(#11)
SHAPE_REPRESENTATION_RELATIONSHIP()
);
#39=(
REPRESENTATION_RELATIONSHIP($,$,#15688,#15680)
REPRESENTATION_RELATIONSHIP_WITH_TRANSFORMATION(#12)
SHAPE_REPRESENTATION_RELATIONSHIP()
);
#40=(
REPRESENTATION_RELATIONSHIP($,$,#15691,#15680)
REPRESENTATION_RELATIONSHIP_WITH_TRANSFORMATION(#13)
SHAPE_REPRESENTATION_RELATIONSHIP()
);
#41=(
REPRESENTATION_RELATIONSHIP($,$,#15690,#15680)
REPRESENTATION_RELATIONSHIP_WITH_TRANSFORMATION(#14)
SHAPE_REPRESENTATION_RELATIONSHIP()
);
#42=(
REPRESENTATION_RELATIONSHIP($,$,#15692,#15680)
REPRESENTATION_RELATIONSHIP_WITH_TRANSFORMATION(#15)
SHAPE_REPRESENTATION_RELATIONSHIP()
);
#43=(
REPRESENTATION_RELATIONSHIP($,$,#15693,#15680)
REPRESENTATION_RELATIONSHIP_WITH_TRANSFORMATION(#16)
SHAPE_REPRESENTATION_RELATIONSHIP()
);
#44=(
REPRESENTATION_RELATIONSHIP($,$,#15681,#15680)
REPRESENTATION_RELATIONSHIP_WITH_TRANSFORMATION(#17)
SHAPE_REPRESENTATION_RELATIONSHIP()
);
#45=(
REPRESENTATION_RELATIONSHIP($,$,#15682,#15680)
REPRESENTATION_RELATIONSHIP_WITH_TRANSFORMATION(#18)
SHAPE_REPRESENTATION_RELATIONSHIP()
);
#46=(
REPRESENTATION_RELATIONSHIP($,$,#15683,#15680)
REPRESENTATION_RELATIONSHIP_WITH_TRANSFORMATION(#19)
SHAPE_REPRESENTATION_RELATIONSHIP()
);
#47=(
REPRESENTATION_RELATIONSHIP($,$,#15684,#15680)
REPRESENTATION_RELATIONSHIP_WITH_TRANSFORMATION(#20)
SHAPE_REPRESENTATION_RELATIONSHIP()
);
#48=(
REPRESENTATION_RELATIONSHIP($,$,#15685,#15680)
REPRESENTATION_RELATIONSHIP_WITH_TRANSFORMATION(#21)
SHAPE_REPRESENTATION_RELATIONSHIP()
);
#49=(
REPRESENTATION_RELATIONSHIP($,$,#15686,#15680)
REPRESENTATION_RELATIONSHIP_WITH_TRANSFORMATION(#22)
SHAPE_REPRESENTATION_RELATIONSHIP()
);
#50=(
REPRESENTATION_RELATIONSHIP($,$,#15687,#15680)
REPRESENTATION_RELATIONSHIP_WITH_TRANSFORMATION(#23)
SHAPE_REPRESENTATION_RELATIONSHIP()
);
#51=(
REPRESENTATION_RELATIONSHIP($,$,#15688,#15680)
REPRESENTATION_RELATIONSHIP_WITH_TRANSFORMATION(#24)
SHAPE_REPRESENTATION_RELATIONSHIP()
);
#52=(
REPRESENTATION_RELATIONSHIP($,$,#15689,#15680)
REPRESENTATION_RELATIONSHIP_WITH_TRANSFORMATION(#25)
SHAPE_REPRESENTATION_RELATIONSHIP()
);
#53=(
REPRESENTATION_RELATIONSHIP($,$,#15690,#15680)
REPRESENTATION_RELATIONSHIP_WITH_TRANSFORMATION(#26)
SHAPE_REPRESENTATION_RELATIONSHIP()
);
#54=(
REPRESENTATION_RELATIONSHIP($,$,#15691,#15680)
REPRESENTATION_RELATIONSHIP_WITH_TRANSFORMATION(#27)
SHAPE_REPRESENTATION_RELATIONSHIP()
);
#55=(
REPRESENTATION_RELATIONSHIP($,$,#15690,#15680)
REPRESENTATION_RELATIONSHIP_WITH_TRANSFORMATION(#28)
SHAPE_REPRESENTATION_RELATIONSHIP()
);
#56=(
REPRESENTATION_RELATIONSHIP($,$,#15690,#15680)
REPRESENTATION_RELATIONSHIP_WITH_TRANSFORMATION(#29)
SHAPE_REPRESENTATION_RELATIONSHIP()
);
#57=(
REPRESENTATION_RELATIONSHIP($,$,#15691,#15680)
REPRESENTATION_RELATIONSHIP_WITH_TRANSFORMATION(#30)
SHAPE_REPRESENTATION_RELATIONSHIP()
);
#58=(
REPRESENTATION_RELATIONSHIP($,$,#15691,#15680)
REPRESENTATION_RELATIONSHIP_WITH_TRANSFORMATION(#31)
SHAPE_REPRESENTATION_RELATIONSHIP()
);
#59=(
REPRESENTATION_RELATIONSHIP($,$,#15692,#15680)
REPRESENTATION_RELATIONSHIP_WITH_TRANSFORMATION(#32)
SHAPE_REPRESENTATION_RELATIONSHIP()
);
#60=(
REPRESENTATION_RELATIONSHIP($,$,#15693,#15680)
REPRESENTATION_RELATIONSHIP_WITH_TRANSFORMATION(#33)
SHAPE_REPRESENTATION_RELATIONSHIP()
);
#61=(
REPRESENTATION_RELATIONSHIP($,$,#15692,#15680)
REPRESENTATION_RELATIONSHIP_WITH_TRANSFORMATION(#34)
SHAPE_REPRESENTATION_RELATIONSHIP()
);
#62=(
REPRESENTATION_RELATIONSHIP($,$,#15692,#15680)
REPRESENTATION_RELATIONSHIP_WITH_TRANSFORMATION(#35)
SHAPE_REPRESENTATION_RELATIONSHIP()
);
#63=(
REPRESENTATION_RELATIONSHIP($,$,#15693,#15680)
REPRESENTATION_RELATIONSHIP_WITH_TRANSFORMATION(#36)
SHAPE_REPRESENTATION_RELATIONSHIP()
);
#64=(
REPRESENTATION_RELATIONSHIP($,$,#15693,#15680)
REPRESENTATION_RELATIONSHIP_WITH_TRANSFORMATION(#37)
SHAPE_REPRESENTATION_RELATIONSHIP()
);
#65=CONTEXT_DEPENDENT_SHAPE_REPRESENTATION(#38,#15653);
#66=CONTEXT_DEPENDENT_SHAPE_REPRESENTATION(#39,#15654);
#67=CONTEXT_DEPENDENT_SHAPE_REPRESENTATION(#40,#15655);
#68=CONTEXT_DEPENDENT_SHAPE_REPRESENTATION(#41,#15656);
#69=CONTEXT_DEPENDENT_SHAPE_REPRESENTATION(#42,#15657);
#70=CONTEXT_DEPENDENT_SHAPE_REPRESENTATION(#43,#15658);
#71=CONTEXT_DEPENDENT_SHAPE_REPRESENTATION(#44,#15659);
#72=CONTEXT_DEPENDENT_SHAPE_REPRESENTATION(#45,#15660);
#73=CONTEXT_DEPENDENT_SHAPE_REPRESENTATION(#46,#15661);
#74=CONTEXT_DEPENDENT_SHAPE_REPRESENTATION(#47,#15662);
#75=CONTEXT_DEPENDENT_SHAPE_REPRESENTATION(#48,#15663);
#76=CONTEXT_DEPENDENT_SHAPE_REPRESENTATION(#49,#15664);
#77=CONTEXT_DEPENDENT_SHAPE_REPRESENTATION(#50,#15665);
#78=CONTEXT_DEPENDENT_SHAPE_REPRESENTATION(#51,#15666);
#79=CONTEXT_DEPENDENT_SHAPE_REPRESENTATION(#52,#15667);
#80=CONTEXT_DEPENDENT_SHAPE_REPRESENTATION(#53,#15668);
#81=CONTEXT_DEPENDENT_SHAPE_REPRESENTATION(#54,#15669);
#82=CONTEXT_DEPENDENT_SHAPE_REPRESENTATION(#55,#15670);
#83=CONTEXT_DEPENDENT_SHAPE_REPRESENTATION(#56,#15671);
#84=CONTEXT_DEPENDENT_SHAPE_REPRESENTATION(#57,#15672);
#85=CONTEXT_DEPENDENT_SHAPE_REPRESENTATION(#58,#15673);
#86=CONTEXT_DEPENDENT_SHAPE_REPRESENTATION(#59,#15674);
#87=CONTEXT_DEPENDENT_SHAPE_REPRESENTATION(#60,#15675);
#88=CONTEXT_DEPENDENT_SHAPE_REPRESENTATION(#61,#15676);
#89=CONTEXT_DEPENDENT_SHAPE_REPRESENTATION(#62,#15677);
#90=CONTEXT_DEPENDENT_SHAPE_REPRESENTATION(#63,#15678);
#91=CONTEXT_DEPENDENT_SHAPE_REPRESENTATION(#64,#15679);
#92=NEXT_ASSEMBLY_USAGE_OCCURRENCE('3030-155mm:1','3030-155mm:1',
'3030-155mm:1',#15695,#15704,'3030-155mm:1');
#93=NEXT_ASSEMBLY_USAGE_OCCURRENCE('extrusion-spacers-6mm:1',
'extrusion-spacers-6mm:1','extrusion-spacers-6mm:1',#15695,#15703,
'extrusion-spacers-6mm:1');
#94=NEXT_ASSEMBLY_USAGE_OCCURRENCE('motorleg-v2:1','motorleg-v2:1',
'motorleg-v2:1',#15695,#15706,'motorleg-v2:1');
#95=NEXT_ASSEMBLY_USAGE_OCCURRENCE('olimex_motor:1','olimex_motor:1',
'olimex_motor:1',#15695,#15705,'olimex_motor:1');
#96=NEXT_ASSEMBLY_USAGE_OCCURRENCE('wheel_shaft_5_5_to_5_d:1',
'wheel_shaft_5_5_to_5_d:1','wheel_shaft_5_5_to_5_d:1',#15695,#15707,
'wheel_shaft_5_5_to_5_d:1');
#97=NEXT_ASSEMBLY_USAGE_OCCURRENCE('100mm_wheels:1','100mm_wheels:1',
'100mm_wheels:1',#15695,#15708,'100mm_wheels:1');
#98=NEXT_ASSEMBLY_USAGE_OCCURRENCE('lidar_mount:1','lidar_mount:1',
'lidar_mount:1',#15695,#15696,'lidar_mount:1');
#99=NEXT_ASSEMBLY_USAGE_OCCURRENCE('rspi5:1','rspi5:1','rspi5:1',#15695,
#15697,'rspi5:1');
#100=NEXT_ASSEMBLY_USAGE_OCCURRENCE('12V_battery:1','12V_battery:1',
'12V_battery:1',#15695,#15698,'12V_battery:1');
#101=NEXT_ASSEMBLY_USAGE_OCCURRENCE('breadboard:1','breadboard:1',
'breadboard:1',#15695,#15699,'breadboard:1');
#102=NEXT_ASSEMBLY_USAGE_OCCURRENCE('rspi_mount:1','rspi_mount:1',
'rspi_mount:1',#15695,#15700,'rspi_mount:1');
#103=NEXT_ASSEMBLY_USAGE_OCCURRENCE('breadboard_mount:1',
'breadboard_mount:1','breadboard_mount:1',#15695,#15701,
'breadboard_mount:1');
#104=NEXT_ASSEMBLY_USAGE_OCCURRENCE('lidar:1','lidar:1','lidar:1',#15695,
#15702,'lidar:1');
#105=NEXT_ASSEMBLY_USAGE_OCCURRENCE('extrusion-spacers-6mm:2',
'extrusion-spacers-6mm:2','extrusion-spacers-6mm:2',#15695,#15703,
'extrusion-spacers-6mm:2');
#106=NEXT_ASSEMBLY_USAGE_OCCURRENCE('3030-155mm:2','3030-155mm:2',
'3030-155mm:2',#15695,#15704,'3030-155mm:2');
#107=NEXT_ASSEMBLY_USAGE_OCCURRENCE('olimex_motor:2','olimex_motor:2',
'olimex_motor:2',#15695,#15705,'olimex_motor:2');
#108=NEXT_ASSEMBLY_USAGE_OCCURRENCE('motorleg-v2:2','motorleg-v2:2',
'motorleg-v2:2',#15695,#15706,'motorleg-v2:2');
#109=NEXT_ASSEMBLY_USAGE_OCCURRENCE('olimex_motor:3','olimex_motor:3',
'olimex_motor:3',#15695,#15705,'olimex_motor:3');
#110=NEXT_ASSEMBLY_USAGE_OCCURRENCE('olimex_motor:4','olimex_motor:4',
'olimex_motor:4',#15695,#15705,'olimex_motor:4');
#111=NEXT_ASSEMBLY_USAGE_OCCURRENCE('motorleg-v2:3','motorleg-v2:3',
'motorleg-v2:3',#15695,#15706,'motorleg-v2:3');
#112=NEXT_ASSEMBLY_USAGE_OCCURRENCE('motorleg-v2:4','motorleg-v2:4',
'motorleg-v2:4',#15695,#15706,'motorleg-v2:4');
#113=NEXT_ASSEMBLY_USAGE_OCCURRENCE('wheel_shaft_5_5_to_5_d:2',
'wheel_shaft_5_5_to_5_d:2','wheel_shaft_5_5_to_5_d:2',#15695,#15707,
'wheel_shaft_5_5_to_5_d:2');
#114=NEXT_ASSEMBLY_USAGE_OCCURRENCE('100mm_wheels:2','100mm_wheels:2',
'100mm_wheels:2',#15695,#15708,'100mm_wheels:2');
#115=NEXT_ASSEMBLY_USAGE_OCCURRENCE('wheel_shaft_5_5_to_5_d:3',
'wheel_shaft_5_5_to_5_d:3','wheel_shaft_5_5_to_5_d:3',#15695,#15707,
'wheel_shaft_5_5_to_5_d:3');
#116=NEXT_ASSEMBLY_USAGE_OCCURRENCE('wheel_shaft_5_5_to_5_d:4',
'wheel_shaft_5_5_to_5_d:4','wheel_shaft_5_5_to_5_d:4',#15695,#15707,
'wheel_shaft_5_5_to_5_d:4');
#117=NEXT_ASSEMBLY_USAGE_OCCURRENCE('100mm_wheels:3','100mm_wheels:3',
'100mm_wheels:3',#15695,#15708,'100mm_wheels:3');
#118=NEXT_ASSEMBLY_USAGE_OCCURRENCE('100mm_wheels:4','100mm_wheels:4',
'100mm_wheels:4',#15695,#15708,'100mm_wheels:4');
#119=B_SPLINE_CURVE_WITH_KNOTS('',3,(#13687,#13688,#13689,#13690,#13691,
#13692),.UNSPECIFIED.,.F.,.F.,(4,2,4),(0.433364110992548,0.512435083962376,
0.542724083221546),.UNSPECIFIED.);
#120=B_SPLINE_CURVE_WITH_KNOTS('',3,(#13693,#13694,#13695,#13696,#13697,
#13698),.UNSPECIFIED.,.F.,.F.,(4,2,4),(0.324004138763549,0.354293138022719,
0.433364110992548),.UNSPECIFIED.);
#121=B_SPLINE_CURVE_WITH_KNOTS('',3,(#13701,#13702,#13703,#13704,#13705,
#13706),.UNSPECIFIED.,.F.,.F.,(4,2,4),(0.866728221985095,0.945799194954924,
0.959245609851813),.UNSPECIFIED.);
#122=B_SPLINE_CURVE_WITH_KNOTS('',3,(#13707,#13708,#13709,#13710,#13711,
#13712),.UNSPECIFIED.,.F.,.F.,(4,2,4),(0.774210834118383,0.787657249015267,
0.866728221985095),.UNSPECIFIED.);
#123=B_SPLINE_CURVE_WITH_KNOTS('',3,(#13989,#13990,#13991,#13992,#13993,
#13994),.UNSPECIFIED.,.F.,.F.,(4,2,4),(0.433364110992546,0.512435083962375,
0.542724083221543),.UNSPECIFIED.);
#124=B_SPLINE_CURVE_WITH_KNOTS('',3,(#13995,#13996,#13997,#13998,#13999,
#14000),.UNSPECIFIED.,.F.,.F.,(4,2,4),(0.324004138763549,0.354293138022718,
0.433364110992546),.UNSPECIFIED.);
#125=B_SPLINE_CURVE_WITH_KNOTS('',3,(#14002,#14003,#14004,#14005,#14006,
#14007),.UNSPECIFIED.,.F.,.F.,(4,2,4),(0.866728221985091,0.94579919495492,
0.959245609851806),.UNSPECIFIED.);
#126=B_SPLINE_CURVE_WITH_KNOTS('',3,(#14008,#14009,#14010,#14011,#14012,
#14013),.UNSPECIFIED.,.F.,.F.,(4,2,4),(0.774210834118378,0.787657249015263,
0.866728221985091),.UNSPECIFIED.);
#127=SHAPE_REPRESENTATION_RELATIONSHIP('SRR','None',#15681,#140);
#128=SHAPE_REPRESENTATION_RELATIONSHIP('SRR','None',#15682,#141);
#129=SHAPE_REPRESENTATION_RELATIONSHIP('SRR','None',#15683,#142);
#130=SHAPE_REPRESENTATION_RELATIONSHIP('SRR','None',#15684,#143);
#131=SHAPE_REPRESENTATION_RELATIONSHIP('SRR','None',#15685,#144);
#132=SHAPE_REPRESENTATION_RELATIONSHIP('SRR','None',#15686,#145);
#133=SHAPE_REPRESENTATION_RELATIONSHIP('SRR','None',#15687,#146);
#134=SHAPE_REPRESENTATION_RELATIONSHIP('SRR','None',#15688,#147);
#135=SHAPE_REPRESENTATION_RELATIONSHIP('SRR','None',#15689,#148);
#136=SHAPE_REPRESENTATION_RELATIONSHIP('SRR','None',#15690,#149);
#137=SHAPE_REPRESENTATION_RELATIONSHIP('SRR','None',#15691,#150);
#138=SHAPE_REPRESENTATION_RELATIONSHIP('SRR','None',#15692,#151);
#139=SHAPE_REPRESENTATION_RELATIONSHIP('SRR','None',#15693,#152);
#140=ADVANCED_BREP_SHAPE_REPRESENTATION('',(#166),#15607);
#141=ADVANCED_BREP_SHAPE_REPRESENTATION('',(#167),#15608);
#142=ADVANCED_BREP_SHAPE_REPRESENTATION('',(#168),#15609);
#143=ADVANCED_BREP_SHAPE_REPRESENTATION('',(#169),#15610);
#144=ADVANCED_BREP_SHAPE_REPRESENTATION('',(#170),#15611);
#145=ADVANCED_BREP_SHAPE_REPRESENTATION('',(#171),#15612);
#146=ADVANCED_BREP_SHAPE_REPRESENTATION('',(#172),#15613);
#147=ADVANCED_BREP_SHAPE_REPRESENTATION('',(#173),#15614);
#148=ADVANCED_BREP_SHAPE_REPRESENTATION('',(#174),#15615);
#149=ADVANCED_BREP_SHAPE_REPRESENTATION('',(#175),#15616);
#150=ADVANCED_BREP_SHAPE_REPRESENTATION('',(#176),#15617);
#151=ADVANCED_BREP_SHAPE_REPRESENTATION('',(#177),#15618);
#152=ADVANCED_BREP_SHAPE_REPRESENTATION('',(#178),#15619);
#153=STYLED_ITEM('',(#15754),#166);
#154=STYLED_ITEM('',(#15754),#167);
#155=STYLED_ITEM('',(#15754),#168);
#156=STYLED_ITEM('',(#15754),#169);
#157=STYLED_ITEM('',(#15754),#170);
#158=STYLED_ITEM('',(#15754),#171);
#159=STYLED_ITEM('',(#15754),#172);
#160=STYLED_ITEM('',(#15754),#173);
#161=STYLED_ITEM('',(#15754),#174);
#162=STYLED_ITEM('',(#15754),#175);
#163=STYLED_ITEM('',(#15754),#176);
#164=STYLED_ITEM('',(#15754),#177);
#165=STYLED_ITEM('',(#15754),#178);
#166=MANIFOLD_SOLID_BREP('Body1',#9522);
#167=MANIFOLD_SOLID_BREP('Body1',#9523);
#168=MANIFOLD_SOLID_BREP('Body1',#9524);
#169=MANIFOLD_SOLID_BREP('Body1',#9525);
#170=MANIFOLD_SOLID_BREP('Body1',#9526);
#171=MANIFOLD_SOLID_BREP('Body1',#9527);
#172=MANIFOLD_SOLID_BREP('Body1',#9528);
#173=MANIFOLD_SOLID_BREP('Body1',#9529);
#174=MANIFOLD_SOLID_BREP('Body1',#9530);
#175=MANIFOLD_SOLID_BREP('Body1',#9531);
#176=MANIFOLD_SOLID_BREP('Body1',#9532);
#177=MANIFOLD_SOLID_BREP('Body1',#9533);
#178=MANIFOLD_SOLID_BREP('Body1',#9534);
#179=FACE_BOUND('',#846,.T.);
#180=FACE_BOUND('',#880,.T.);
#181=FACE_BOUND('',#885,.T.);
#182=FACE_BOUND('',#907,.T.);
#183=FACE_BOUND('',#908,.T.);
#184=FACE_BOUND('',#911,.T.);
#185=FACE_BOUND('',#912,.T.);
#186=FACE_BOUND('',#913,.T.);
#187=FACE_BOUND('',#914,.T.);
#188=FACE_BOUND('',#925,.T.);
#189=FACE_BOUND('',#928,.T.);
#190=FACE_BOUND('',#944,.T.);
#191=FACE_BOUND('',#945,.T.);
#192=FACE_BOUND('',#946,.T.);
#193=FACE_BOUND('',#947,.T.);
#194=FACE_BOUND('',#948,.T.);
#195=FACE_BOUND('',#949,.T.);
#196=FACE_BOUND('',#950,.T.);
#197=FACE_BOUND('',#952,.T.);
#198=FACE_BOUND('',#953,.T.);
#199=FACE_BOUND('',#954,.T.);
#200=FACE_BOUND('',#955,.T.);
#201=FACE_BOUND('',#996,.T.);
#202=FACE_BOUND('',#997,.T.);
#203=FACE_BOUND('',#999,.T.);
#204=FACE_BOUND('',#1001,.T.);
#205=FACE_BOUND('',#1012,.T.);
#206=FACE_BOUND('',#1027,.T.);
#207=FACE_BOUND('',#1056,.T.);
#208=FACE_BOUND('',#1059,.T.);
#209=FACE_BOUND('',#1062,.T.);
#210=FACE_BOUND('',#1065,.T.);
#211=FACE_BOUND('',#1072,.T.);
#212=FACE_BOUND('',#1075,.T.);
#213=FACE_BOUND('',#1080,.T.);
#214=FACE_BOUND('',#1083,.T.);
#215=FACE_BOUND('',#1086,.T.);
#216=FACE_BOUND('',#1089,.T.);
#217=FACE_BOUND('',#1096,.T.);
#218=FACE_BOUND('',#1098,.T.);
#219=FACE_BOUND('',#1099,.T.);
#220=FACE_BOUND('',#1106,.T.);
#221=FACE_BOUND('',#1121,.T.);
#222=FACE_BOUND('',#1131,.T.);
#223=FACE_BOUND('',#1134,.T.);
#224=FACE_BOUND('',#1135,.T.);
#225=FACE_BOUND('',#1136,.T.);
#226=FACE_BOUND('',#1160,.T.);
#227=FACE_BOUND('',#1163,.T.);
#228=FACE_BOUND('',#1170,.T.);
#229=FACE_BOUND('',#1171,.T.);
#230=FACE_BOUND('',#1172,.T.);
#231=FACE_BOUND('',#1174,.T.);
#232=FACE_BOUND('',#1175,.T.);
#233=FACE_BOUND('',#1176,.T.);
#234=FACE_BOUND('',#1283,.T.);
#235=FACE_BOUND('',#1284,.T.);
#236=FACE_BOUND('',#1285,.T.);
#237=FACE_BOUND('',#1286,.T.);
#238=FACE_BOUND('',#1287,.T.);
#239=FACE_BOUND('',#1289,.T.);
#240=FACE_BOUND('',#1290,.T.);
#241=FACE_BOUND('',#1291,.T.);
#242=FACE_BOUND('',#1292,.T.);
#243=FACE_BOUND('',#1293,.T.);
#244=FACE_BOUND('',#1324,.T.);
#245=FACE_BOUND('',#1325,.T.);
#246=FACE_BOUND('',#1326,.T.);
#247=FACE_BOUND('',#1327,.T.);
#248=FACE_BOUND('',#1328,.T.);
#249=FACE_BOUND('',#1339,.T.);
#250=FACE_BOUND('',#1349,.T.);
#251=FACE_BOUND('',#1350,.T.);
#252=FACE_BOUND('',#1351,.T.);
#253=FACE_BOUND('',#1352,.T.);
#254=FACE_BOUND('',#1353,.T.);
#255=FACE_BOUND('',#1354,.T.);
#256=FACE_BOUND('',#1355,.T.);
#257=FACE_BOUND('',#1363,.T.);
#258=FACE_BOUND('',#1364,.T.);
#259=FACE_BOUND('',#1373,.T.);
#260=FACE_BOUND('',#1374,.T.);
#261=FACE_BOUND('',#1375,.T.);
#262=FACE_BOUND('',#1376,.T.);
#263=FACE_BOUND('',#1377,.T.);
#264=FACE_BOUND('',#1391,.T.);
#265=FACE_BOUND('',#1394,.T.);
#266=FACE_BOUND('',#1397,.T.);
#267=FACE_BOUND('',#1403,.T.);
#268=FACE_BOUND('',#1405,.T.);
#269=FACE_BOUND('',#1410,.T.);
#270=FACE_BOUND('',#1412,.T.);
#271=ELLIPSE('',#9689,6.29624349210139,2.);
#272=ELLIPSE('',#9760,2.62228845989828,2.5);
#273=ELLIPSE('',#9761,2.62228845989828,2.5);
#274=ELLIPSE('',#9866,2.57694101601104,2.5);
#275=ELLIPSE('',#9868,2.57694101601104,2.5);
#276=ELLIPSE('',#9870,2.5247673964996,2.5);
#277=ELLIPSE('',#9878,2.52476739649959,2.5);
#278=ELLIPSE('',#9984,2.05352040016542,2.);
#279=ELLIPSE('',#9985,2.05352040016542,2.);
#280=CYLINDRICAL_SURFACE('',#9686,0.499999999999996);
#281=CYLINDRICAL_SURFACE('',#9738,0.499999999999994);
#282=CYLINDRICAL_SURFACE('',#9742,0.499999999999996);
#283=CYLINDRICAL_SURFACE('',#9744,0.499999999999996);
#284=CYLINDRICAL_SURFACE('',#9752,0.5);
#285=CYLINDRICAL_SURFACE('',#9756,0.499999999999996);
#286=CYLINDRICAL_SURFACE('',#9762,0.500000000000004);
#287=CYLINDRICAL_SURFACE('',#9773,1.35);
#288=CYLINDRICAL_SURFACE('',#9774,1.35);
#289=CYLINDRICAL_SURFACE('',#9776,1.35);
#290=CYLINDRICAL_SURFACE('',#9778,2.);
#291=CYLINDRICAL_SURFACE('',#9779,2.5);
#292=CYLINDRICAL_SURFACE('',#9782,2.5);
#293=CYLINDRICAL_SURFACE('',#9818,3.);
#294=CYLINDRICAL_SURFACE('',#9820,3.);
#295=CYLINDRICAL_SURFACE('',#9822,3.);
#296=CYLINDRICAL_SURFACE('',#9824,3.);
#297=CYLINDRICAL_SURFACE('',#9826,1.35);
#298=CYLINDRICAL_SURFACE('',#9827,1.35);
#299=CYLINDRICAL_SURFACE('',#9828,1.35);
#300=CYLINDRICAL_SURFACE('',#9829,1.35);
#301=CYLINDRICAL_SURFACE('',#9871,0.500000000000001);
#302=CYLINDRICAL_SURFACE('',#9874,0.499999999999989);
#303=CYLINDRICAL_SURFACE('',#9923,0.500000000000001);
#304=CYLINDRICAL_SURFACE('',#9925,0.499999999999989);
#305=CYLINDRICAL_SURFACE('',#9927,1.35);
#306=CYLINDRICAL_SURFACE('',#9930,1.35);
#307=CYLINDRICAL_SURFACE('',#9933,1.35);
#308=CYLINDRICAL_SURFACE('',#9936,1.35);
#309=CYLINDRICAL_SURFACE('',#9939,2.5);
#310=CYLINDRICAL_SURFACE('',#9942,2.5);
#311=CYLINDRICAL_SURFACE('',#9945,2.5);
#312=CYLINDRICAL_SURFACE('',#9948,2.5);
#313=CYLINDRICAL_SURFACE('',#9962,2.85);
#314=CYLINDRICAL_SURFACE('',#9963,2.85);
#315=CYLINDRICAL_SURFACE('',#9966,2.5);
#316=CYLINDRICAL_SURFACE('',#9969,2.5);
#317=CYLINDRICAL_SURFACE('',#9972,2.5);
#318=CYLINDRICAL_SURFACE('',#9975,2.5);
#319=CYLINDRICAL_SURFACE('',#10018,0.5);
#320=CYLINDRICAL_SURFACE('',#10050,2.85);
#321=CYLINDRICAL_SURFACE('',#10051,2.85);
#322=CYLINDRICAL_SURFACE('',#10052,2.);
#323=CYLINDRICAL_SURFACE('',#10053,2.);
#324=CYLINDRICAL_SURFACE('',#10075,1.25);
#325=CYLINDRICAL_SURFACE('',#10076,1.25);
#326=CYLINDRICAL_SURFACE('',#10077,1.25);
#327=CYLINDRICAL_SURFACE('',#10119,0.999999999999999);
#328=CYLINDRICAL_SURFACE('',#10137,0.999999999999999);
#329=CYLINDRICAL_SURFACE('',#10155,0.999999999999999);
#330=CYLINDRICAL_SURFACE('',#10173,0.999999999999999);
#331=CYLINDRICAL_SURFACE('',#10190,3.4);
#332=CYLINDRICAL_SURFACE('',#10191,0.5);
#333=CYLINDRICAL_SURFACE('',#10196,0.5);
#334=CYLINDRICAL_SURFACE('',#10201,0.5);
#335=CYLINDRICAL_SURFACE('',#10206,0.5);
#336=CYLINDRICAL_SURFACE('',#10226,1.5);
#337=CYLINDRICAL_SURFACE('',#10229,1.5);
#338=CYLINDRICAL_SURFACE('',#10232,1.5);
#339=CYLINDRICAL_SURFACE('',#10235,1.5);
#340=CYLINDRICAL_SURFACE('',#10238,11.);
#341=CYLINDRICAL_SURFACE('',#10242,2.5);
#342=CYLINDRICAL_SURFACE('',#10247,2.85);
#343=CYLINDRICAL_SURFACE('',#10250,2.85);
#344=CYLINDRICAL_SURFACE('',#10291,1.6);
#345=CYLINDRICAL_SURFACE('',#10292,1.59999999999999);
#346=CYLINDRICAL_SURFACE('',#10293,1.6);
#347=CYLINDRICAL_SURFACE('',#10294,1.6);
#348=CYLINDRICAL_SURFACE('',#10295,11.025);
#349=CYLINDRICAL_SURFACE('',#10299,2.6);
#350=CYLINDRICAL_SURFACE('',#10302,3.6);
#351=CYLINDRICAL_SURFACE('',#10305,3.6);
#352=CYLINDRICAL_SURFACE('',#10307,2.75);
#353=CYLINDRICAL_SURFACE('',#10311,4.5);
#354=CYLINDRICAL_SURFACE('',#10317,2.5);
#355=CYLINDRICAL_SURFACE('',#10328,50.);
#356=CYLINDRICAL_SURFACE('',#10329,2.75);
#357=FACE_OUTER_BOUND('',#840,.T.);
#358=FACE_OUTER_BOUND('',#841,.T.);
#359=FACE_OUTER_BOUND('',#842,.T.);
#360=FACE_OUTER_BOUND('',#843,.T.);
#361=FACE_OUTER_BOUND('',#844,.T.);
#362=FACE_OUTER_BOUND('',#845,.T.);
#363=FACE_OUTER_BOUND('',#847,.T.);
#364=FACE_OUTER_BOUND('',#848,.T.);
#365=FACE_OUTER_BOUND('',#849,.T.);
#366=FACE_OUTER_BOUND('',#850,.T.);
#367=FACE_OUTER_BOUND('',#851,.T.);
#368=FACE_OUTER_BOUND('',#852,.T.);
#369=FACE_OUTER_BOUND('',#853,.T.);
#370=FACE_OUTER_BOUND('',#854,.T.);
#371=FACE_OUTER_BOUND('',#855,.T.);
#372=FACE_OUTER_BOUND('',#856,.T.);
#373=FACE_OUTER_BOUND('',#857,.T.);
#374=FACE_OUTER_BOUND('',#858,.T.);
#375=FACE_OUTER_BOUND('',#859,.T.);
#376=FACE_OUTER_BOUND('',#860,.T.);
#377=FACE_OUTER_BOUND('',#861,.T.);
#378=FACE_OUTER_BOUND('',#862,.T.);
#379=FACE_OUTER_BOUND('',#863,.T.);
#380=FACE_OUTER_BOUND('',#864,.T.);
#381=FACE_OUTER_BOUND('',#865,.T.);
#382=FACE_OUTER_BOUND('',#866,.T.);
#383=FACE_OUTER_BOUND('',#867,.T.);
#384=FACE_OUTER_BOUND('',#868,.T.);
#385=FACE_OUTER_BOUND('',#869,.T.);
#386=FACE_OUTER_BOUND('',#870,.T.);
#387=FACE_OUTER_BOUND('',#871,.T.);
#388=FACE_OUTER_BOUND('',#872,.T.);
#389=FACE_OUTER_BOUND('',#873,.T.);
#390=FACE_OUTER_BOUND('',#874,.T.);
#391=FACE_OUTER_BOUND('',#875,.T.);
#392=FACE_OUTER_BOUND('',#876,.T.);
#393=FACE_OUTER_BOUND('',#877,.T.);
#394=FACE_OUTER_BOUND('',#878,.T.);
#395=FACE_OUTER_BOUND('',#879,.T.);
#396=FACE_OUTER_BOUND('',#881,.T.);
#397=FACE_OUTER_BOUND('',#882,.T.);
#398=FACE_OUTER_BOUND('',#883,.T.);
#399=FACE_OUTER_BOUND('',#884,.T.);
#400=FACE_OUTER_BOUND('',#886,.T.);
#401=FACE_OUTER_BOUND('',#887,.T.);
#402=FACE_OUTER_BOUND('',#888,.T.);
#403=FACE_OUTER_BOUND('',#889,.T.);
#404=FACE_OUTER_BOUND('',#890,.T.);
#405=FACE_OUTER_BOUND('',#891,.T.);
#406=FACE_OUTER_BOUND('',#892,.T.);
#407=FACE_OUTER_BOUND('',#893,.T.);
#408=FACE_OUTER_BOUND('',#894,.T.);
#409=FACE_OUTER_BOUND('',#895,.T.);
#410=FACE_OUTER_BOUND('',#896,.T.);
#411=FACE_OUTER_BOUND('',#897,.T.);
#412=FACE_OUTER_BOUND('',#898,.T.);
#413=FACE_OUTER_BOUND('',#899,.T.);
#414=FACE_OUTER_BOUND('',#900,.T.);
#415=FACE_OUTER_BOUND('',#901,.T.);
#416=FACE_OUTER_BOUND('',#902,.T.);
#417=FACE_OUTER_BOUND('',#903,.T.);
#418=FACE_OUTER_BOUND('',#904,.T.);
#419=FACE_OUTER_BOUND('',#905,.T.);
#420=FACE_OUTER_BOUND('',#906,.T.);
#421=FACE_OUTER_BOUND('',#909,.T.);
#422=FACE_OUTER_BOUND('',#910,.T.);
#423=FACE_OUTER_BOUND('',#915,.T.);
#424=FACE_OUTER_BOUND('',#916,.T.);
#425=FACE_OUTER_BOUND('',#917,.T.);
#426=FACE_OUTER_BOUND('',#918,.T.);
#427=FACE_OUTER_BOUND('',#919,.T.);
#428=FACE_OUTER_BOUND('',#920,.T.);
#429=FACE_OUTER_BOUND('',#921,.T.);
#430=FACE_OUTER_BOUND('',#922,.T.);
#431=FACE_OUTER_BOUND('',#923,.T.);
#432=FACE_OUTER_BOUND('',#924,.T.);
#433=FACE_OUTER_BOUND('',#926,.T.);
#434=FACE_OUTER_BOUND('',#927,.T.);
#435=FACE_OUTER_BOUND('',#929,.T.);
#436=FACE_OUTER_BOUND('',#930,.T.);
#437=FACE_OUTER_BOUND('',#931,.T.);
#438=FACE_OUTER_BOUND('',#932,.T.);
#439=FACE_OUTER_BOUND('',#933,.T.);
#440=FACE_OUTER_BOUND('',#934,.T.);
#441=FACE_OUTER_BOUND('',#935,.T.);
#442=FACE_OUTER_BOUND('',#936,.T.);
#443=FACE_OUTER_BOUND('',#937,.T.);
#444=FACE_OUTER_BOUND('',#938,.T.);
#445=FACE_OUTER_BOUND('',#939,.T.);
#446=FACE_OUTER_BOUND('',#940,.T.);
#447=FACE_OUTER_BOUND('',#941,.T.);
#448=FACE_OUTER_BOUND('',#942,.T.);
#449=FACE_OUTER_BOUND('',#943,.T.);
#450=FACE_OUTER_BOUND('',#951,.T.);
#451=FACE_OUTER_BOUND('',#956,.T.);
#452=FACE_OUTER_BOUND('',#957,.T.);
#453=FACE_OUTER_BOUND('',#958,.T.);
#454=FACE_OUTER_BOUND('',#959,.T.);
#455=FACE_OUTER_BOUND('',#960,.T.);
#456=FACE_OUTER_BOUND('',#961,.T.);
#457=FACE_OUTER_BOUND('',#962,.T.);
#458=FACE_OUTER_BOUND('',#963,.T.);
#459=FACE_OUTER_BOUND('',#964,.T.);
#460=FACE_OUTER_BOUND('',#965,.T.);
#461=FACE_OUTER_BOUND('',#966,.T.);
#462=FACE_OUTER_BOUND('',#967,.T.);
#463=FACE_OUTER_BOUND('',#968,.T.);
#464=FACE_OUTER_BOUND('',#969,.T.);
#465=FACE_OUTER_BOUND('',#970,.T.);
#466=FACE_OUTER_BOUND('',#971,.T.);
#467=FACE_OUTER_BOUND('',#972,.T.);
#468=FACE_OUTER_BOUND('',#973,.T.);
#469=FACE_OUTER_BOUND('',#974,.T.);
#470=FACE_OUTER_BOUND('',#975,.T.);
#471=FACE_OUTER_BOUND('',#976,.T.);
#472=FACE_OUTER_BOUND('',#977,.T.);
#473=FACE_OUTER_BOUND('',#978,.T.);
#474=FACE_OUTER_BOUND('',#979,.T.);
#475=FACE_OUTER_BOUND('',#980,.T.);
#476=FACE_OUTER_BOUND('',#981,.T.);
#477=FACE_OUTER_BOUND('',#982,.T.);
#478=FACE_OUTER_BOUND('',#983,.T.);
#479=FACE_OUTER_BOUND('',#984,.T.);
#480=FACE_OUTER_BOUND('',#985,.T.);
#481=FACE_OUTER_BOUND('',#986,.T.);
#482=FACE_OUTER_BOUND('',#987,.T.);
#483=FACE_OUTER_BOUND('',#988,.T.);
#484=FACE_OUTER_BOUND('',#989,.T.);
#485=FACE_OUTER_BOUND('',#990,.T.);
#486=FACE_OUTER_BOUND('',#991,.T.);
#487=FACE_OUTER_BOUND('',#992,.T.);
#488=FACE_OUTER_BOUND('',#993,.T.);
#489=FACE_OUTER_BOUND('',#994,.T.);
#490=FACE_OUTER_BOUND('',#995,.T.);
#491=FACE_OUTER_BOUND('',#998,.T.);
#492=FACE_OUTER_BOUND('',#1000,.T.);
#493=FACE_OUTER_BOUND('',#1002,.T.);
#494=FACE_OUTER_BOUND('',#1003,.T.);
#495=FACE_OUTER_BOUND('',#1004,.T.);
#496=FACE_OUTER_BOUND('',#1005,.T.);
#497=FACE_OUTER_BOUND('',#1006,.T.);
#498=FACE_OUTER_BOUND('',#1007,.T.);
#499=FACE_OUTER_BOUND('',#1008,.T.);
#500=FACE_OUTER_BOUND('',#1009,.T.);
#501=FACE_OUTER_BOUND('',#1010,.T.);
#502=FACE_OUTER_BOUND('',#1011,.T.);
#503=FACE_OUTER_BOUND('',#1013,.T.);
#504=FACE_OUTER_BOUND('',#1014,.T.);
#505=FACE_OUTER_BOUND('',#1015,.T.);
#506=FACE_OUTER_BOUND('',#1016,.T.);
#507=FACE_OUTER_BOUND('',#1017,.T.);
#508=FACE_OUTER_BOUND('',#1018,.T.);
#509=FACE_OUTER_BOUND('',#1019,.T.);
#510=FACE_OUTER_BOUND('',#1020,.T.);
#511=FACE_OUTER_BOUND('',#1021,.T.);
#512=FACE_OUTER_BOUND('',#1022,.T.);
#513=FACE_OUTER_BOUND('',#1023,.T.);
#514=FACE_OUTER_BOUND('',#1024,.T.);
#515=FACE_OUTER_BOUND('',#1025,.T.);
#516=FACE_OUTER_BOUND('',#1026,.T.);
#517=FACE_OUTER_BOUND('',#1028,.T.);
#518=FACE_OUTER_BOUND('',#1029,.T.);
#519=FACE_OUTER_BOUND('',#1030,.T.);
#520=FACE_OUTER_BOUND('',#1031,.T.);
#521=FACE_OUTER_BOUND('',#1032,.T.);
#522=FACE_OUTER_BOUND('',#1033,.T.);
#523=FACE_OUTER_BOUND('',#1034,.T.);
#524=FACE_OUTER_BOUND('',#1035,.T.);
#525=FACE_OUTER_BOUND('',#1036,.T.);
#526=FACE_OUTER_BOUND('',#1037,.T.);
#527=FACE_OUTER_BOUND('',#1038,.T.);
#528=FACE_OUTER_BOUND('',#1039,.T.);
#529=FACE_OUTER_BOUND('',#1040,.T.);
#530=FACE_OUTER_BOUND('',#1041,.T.);
#531=FACE_OUTER_BOUND('',#1042,.T.);
#532=FACE_OUTER_BOUND('',#1043,.T.);
#533=FACE_OUTER_BOUND('',#1044,.T.);
#534=FACE_OUTER_BOUND('',#1045,.T.);
#535=FACE_OUTER_BOUND('',#1046,.T.);
#536=FACE_OUTER_BOUND('',#1047,.T.);
#537=FACE_OUTER_BOUND('',#1048,.T.);
#538=FACE_OUTER_BOUND('',#1049,.T.);
#539=FACE_OUTER_BOUND('',#1050,.T.);
#540=FACE_OUTER_BOUND('',#1051,.T.);
#541=FACE_OUTER_BOUND('',#1052,.T.);
#542=FACE_OUTER_BOUND('',#1053,.T.);
#543=FACE_OUTER_BOUND('',#1054,.T.);
#544=FACE_OUTER_BOUND('',#1055,.T.);
#545=FACE_OUTER_BOUND('',#1057,.T.);
#546=FACE_OUTER_BOUND('',#1058,.T.);
#547=FACE_OUTER_BOUND('',#1060,.T.);
#548=FACE_OUTER_BOUND('',#1061,.T.);
#549=FACE_OUTER_BOUND('',#1063,.T.);
#550=FACE_OUTER_BOUND('',#1064,.T.);
#551=FACE_OUTER_BOUND('',#1066,.T.);
#552=FACE_OUTER_BOUND('',#1067,.T.);
#553=FACE_OUTER_BOUND('',#1068,.T.);
#554=FACE_OUTER_BOUND('',#1069,.T.);
#555=FACE_OUTER_BOUND('',#1070,.T.);
#556=FACE_OUTER_BOUND('',#1071,.T.);
#557=FACE_OUTER_BOUND('',#1073,.T.);
#558=FACE_OUTER_BOUND('',#1074,.T.);
#559=FACE_OUTER_BOUND('',#1076,.T.);
#560=FACE_OUTER_BOUND('',#1077,.T.);
#561=FACE_OUTER_BOUND('',#1078,.T.);
#562=FACE_OUTER_BOUND('',#1079,.T.);
#563=FACE_OUTER_BOUND('',#1081,.T.);
#564=FACE_OUTER_BOUND('',#1082,.T.);
#565=FACE_OUTER_BOUND('',#1084,.T.);
#566=FACE_OUTER_BOUND('',#1085,.T.);
#567=FACE_OUTER_BOUND('',#1087,.T.);
#568=FACE_OUTER_BOUND('',#1088,.T.);
#569=FACE_OUTER_BOUND('',#1090,.T.);
#570=FACE_OUTER_BOUND('',#1091,.T.);
#571=FACE_OUTER_BOUND('',#1092,.T.);
#572=FACE_OUTER_BOUND('',#1093,.T.);
#573=FACE_OUTER_BOUND('',#1094,.T.);
#574=FACE_OUTER_BOUND('',#1095,.T.);
#575=FACE_OUTER_BOUND('',#1097,.T.);
#576=FACE_OUTER_BOUND('',#1100,.T.);
#577=FACE_OUTER_BOUND('',#1101,.T.);
#578=FACE_OUTER_BOUND('',#1102,.T.);
#579=FACE_OUTER_BOUND('',#1103,.T.);
#580=FACE_OUTER_BOUND('',#1104,.T.);
#581=FACE_OUTER_BOUND('',#1105,.T.);
#582=FACE_OUTER_BOUND('',#1107,.T.);
#583=FACE_OUTER_BOUND('',#1108,.T.);
#584=FACE_OUTER_BOUND('',#1109,.T.);
#585=FACE_OUTER_BOUND('',#1110,.T.);
#586=FACE_OUTER_BOUND('',#1111,.T.);
#587=FACE_OUTER_BOUND('',#1112,.T.);
#588=FACE_OUTER_BOUND('',#1113,.T.);
#589=FACE_OUTER_BOUND('',#1114,.T.);
#590=FACE_OUTER_BOUND('',#1115,.T.);
#591=FACE_OUTER_BOUND('',#1116,.T.);
#592=FACE_OUTER_BOUND('',#1117,.T.);
#593=FACE_OUTER_BOUND('',#1118,.T.);
#594=FACE_OUTER_BOUND('',#1119,.T.);
#595=FACE_OUTER_BOUND('',#1120,.T.);
#596=FACE_OUTER_BOUND('',#1122,.T.);
#597=FACE_OUTER_BOUND('',#1123,.T.);
#598=FACE_OUTER_BOUND('',#1124,.T.);
#599=FACE_OUTER_BOUND('',#1125,.T.);
#600=FACE_OUTER_BOUND('',#1126,.T.);
#601=FACE_OUTER_BOUND('',#1127,.T.);
#602=FACE_OUTER_BOUND('',#1128,.T.);
#603=FACE_OUTER_BOUND('',#1129,.T.);
#604=FACE_OUTER_BOUND('',#1130,.T.);
#605=FACE_OUTER_BOUND('',#1132,.T.);
#606=FACE_OUTER_BOUND('',#1133,.T.);
#607=FACE_OUTER_BOUND('',#1137,.T.);
#608=FACE_OUTER_BOUND('',#1138,.T.);
#609=FACE_OUTER_BOUND('',#1139,.T.);
#610=FACE_OUTER_BOUND('',#1140,.T.);
#611=FACE_OUTER_BOUND('',#1141,.T.);
#612=FACE_OUTER_BOUND('',#1142,.T.);
#613=FACE_OUTER_BOUND('',#1143,.T.);
#614=FACE_OUTER_BOUND('',#1144,.T.);
#615=FACE_OUTER_BOUND('',#1145,.T.);
#616=FACE_OUTER_BOUND('',#1146,.T.);
#617=FACE_OUTER_BOUND('',#1147,.T.);
#618=FACE_OUTER_BOUND('',#1148,.T.);
#619=FACE_OUTER_BOUND('',#1149,.T.);
#620=FACE_OUTER_BOUND('',#1150,.T.);
#621=FACE_OUTER_BOUND('',#1151,.T.);
#622=FACE_OUTER_BOUND('',#1152,.T.);
#623=FACE_OUTER_BOUND('',#1153,.T.);
#624=FACE_OUTER_BOUND('',#1154,.T.);
#625=FACE_OUTER_BOUND('',#1155,.T.);
#626=FACE_OUTER_BOUND('',#1156,.T.);
#627=FACE_OUTER_BOUND('',#1157,.T.);
#628=FACE_OUTER_BOUND('',#1158,.T.);
#629=FACE_OUTER_BOUND('',#1159,.T.);
#630=FACE_OUTER_BOUND('',#1161,.T.);
#631=FACE_OUTER_BOUND('',#1162,.T.);
#632=FACE_OUTER_BOUND('',#1164,.T.);
#633=FACE_OUTER_BOUND('',#1165,.T.);
#634=FACE_OUTER_BOUND('',#1166,.T.);
#635=FACE_OUTER_BOUND('',#1167,.T.);
#636=FACE_OUTER_BOUND('',#1168,.T.);
#637=FACE_OUTER_BOUND('',#1169,.T.);
#638=FACE_OUTER_BOUND('',#1173,.T.);
#639=FACE_OUTER_BOUND('',#1177,.T.);
#640=FACE_OUTER_BOUND('',#1178,.T.);
#641=FACE_OUTER_BOUND('',#1179,.T.);
#642=FACE_OUTER_BOUND('',#1180,.T.);
#643=FACE_OUTER_BOUND('',#1181,.T.);
#644=FACE_OUTER_BOUND('',#1182,.T.);
#645=FACE_OUTER_BOUND('',#1183,.T.);
#646=FACE_OUTER_BOUND('',#1184,.T.);
#647=FACE_OUTER_BOUND('',#1185,.T.);
#648=FACE_OUTER_BOUND('',#1186,.T.);
#649=FACE_OUTER_BOUND('',#1187,.T.);
#650=FACE_OUTER_BOUND('',#1188,.T.);
#651=FACE_OUTER_BOUND('',#1189,.T.);
#652=FACE_OUTER_BOUND('',#1190,.T.);
#653=FACE_OUTER_BOUND('',#1191,.T.);
#654=FACE_OUTER_BOUND('',#1192,.T.);
#655=FACE_OUTER_BOUND('',#1193,.T.);
#656=FACE_OUTER_BOUND('',#1194,.T.);
#657=FACE_OUTER_BOUND('',#1195,.T.);
#658=FACE_OUTER_BOUND('',#1196,.T.);
#659=FACE_OUTER_BOUND('',#1197,.T.);
#660=FACE_OUTER_BOUND('',#1198,.T.);
#661=FACE_OUTER_BOUND('',#1199,.T.);
#662=FACE_OUTER_BOUND('',#1200,.T.);
#663=FACE_OUTER_BOUND('',#1201,.T.);
#664=FACE_OUTER_BOUND('',#1202,.T.);
#665=FACE_OUTER_BOUND('',#1203,.T.);
#666=FACE_OUTER_BOUND('',#1204,.T.);
#667=FACE_OUTER_BOUND('',#1205,.T.);
#668=FACE_OUTER_BOUND('',#1206,.T.);
#669=FACE_OUTER_BOUND('',#1207,.T.);
#670=FACE_OUTER_BOUND('',#1208,.T.);
#671=FACE_OUTER_BOUND('',#1209,.T.);
#672=FACE_OUTER_BOUND('',#1210,.T.);
#673=FACE_OUTER_BOUND('',#1211,.T.);
#674=FACE_OUTER_BOUND('',#1212,.T.);
#675=FACE_OUTER_BOUND('',#1213,.T.);
#676=FACE_OUTER_BOUND('',#1214,.T.);
#677=FACE_OUTER_BOUND('',#1215,.T.);
#678=FACE_OUTER_BOUND('',#1216,.T.);
#679=FACE_OUTER_BOUND('',#1217,.T.);
#680=FACE_OUTER_BOUND('',#1218,.T.);
#681=FACE_OUTER_BOUND('',#1219,.T.);
#682=FACE_OUTER_BOUND('',#1220,.T.);
#683=FACE_OUTER_BOUND('',#1221,.T.);
#684=FACE_OUTER_BOUND('',#1222,.T.);
#685=FACE_OUTER_BOUND('',#1223,.T.);
#686=FACE_OUTER_BOUND('',#1224,.T.);
#687=FACE_OUTER_BOUND('',#1225,.T.);
#688=FACE_OUTER_BOUND('',#1226,.T.);
#689=FACE_OUTER_BOUND('',#1227,.T.);
#690=FACE_OUTER_BOUND('',#1228,.T.);
#691=FACE_OUTER_BOUND('',#1229,.T.);
#692=FACE_OUTER_BOUND('',#1230,.T.);
#693=FACE_OUTER_BOUND('',#1231,.T.);
#694=FACE_OUTER_BOUND('',#1232,.T.);
#695=FACE_OUTER_BOUND('',#1233,.T.);
#696=FACE_OUTER_BOUND('',#1234,.T.);
#697=FACE_OUTER_BOUND('',#1235,.T.);
#698=FACE_OUTER_BOUND('',#1236,.T.);
#699=FACE_OUTER_BOUND('',#1237,.T.);
#700=FACE_OUTER_BOUND('',#1238,.T.);
#701=FACE_OUTER_BOUND('',#1239,.T.);
#702=FACE_OUTER_BOUND('',#1240,.T.);
#703=FACE_OUTER_BOUND('',#1241,.T.);
#704=FACE_OUTER_BOUND('',#1242,.T.);
#705=FACE_OUTER_BOUND('',#1243,.T.);
#706=FACE_OUTER_BOUND('',#1244,.T.);
#707=FACE_OUTER_BOUND('',#1245,.T.);
#708=FACE_OUTER_BOUND('',#1246,.T.);
#709=FACE_OUTER_BOUND('',#1247,.T.);
#710=FACE_OUTER_BOUND('',#1248,.T.);
#711=FACE_OUTER_BOUND('',#1249,.T.);
#712=FACE_OUTER_BOUND('',#1250,.T.);
#713=FACE_OUTER_BOUND('',#1251,.T.);
#714=FACE_OUTER_BOUND('',#1252,.T.);
#715=FACE_OUTER_BOUND('',#1253,.T.);
#716=FACE_OUTER_BOUND('',#1254,.T.);
#717=FACE_OUTER_BOUND('',#1255,.T.);
#718=FACE_OUTER_BOUND('',#1256,.T.);
#719=FACE_OUTER_BOUND('',#1257,.T.);
#720=FACE_OUTER_BOUND('',#1258,.T.);
#721=FACE_OUTER_BOUND('',#1259,.T.);
#722=FACE_OUTER_BOUND('',#1260,.T.);
#723=FACE_OUTER_BOUND('',#1261,.T.);
#724=FACE_OUTER_BOUND('',#1262,.T.);
#725=FACE_OUTER_BOUND('',#1263,.T.);
#726=FACE_OUTER_BOUND('',#1264,.T.);
#727=FACE_OUTER_BOUND('',#1265,.T.);
#728=FACE_OUTER_BOUND('',#1266,.T.);
#729=FACE_OUTER_BOUND('',#1267,.T.);
#730=FACE_OUTER_BOUND('',#1268,.T.);
#731=FACE_OUTER_BOUND('',#1269,.T.);
#732=FACE_OUTER_BOUND('',#1270,.T.);
#733=FACE_OUTER_BOUND('',#1271,.T.);
#734=FACE_OUTER_BOUND('',#1272,.T.);
#735=FACE_OUTER_BOUND('',#1273,.T.);
#736=FACE_OUTER_BOUND('',#1274,.T.);
#737=FACE_OUTER_BOUND('',#1275,.T.);
#738=FACE_OUTER_BOUND('',#1276,.T.);
#739=FACE_OUTER_BOUND('',#1277,.T.);
#740=FACE_OUTER_BOUND('',#1278,.T.);
#741=FACE_OUTER_BOUND('',#1279,.T.);
#742=FACE_OUTER_BOUND('',#1280,.T.);
#743=FACE_OUTER_BOUND('',#1281,.T.);
#744=FACE_OUTER_BOUND('',#1282,.T.);
#745=FACE_OUTER_BOUND('',#1288,.T.);
#746=FACE_OUTER_BOUND('',#1294,.T.);
#747=FACE_OUTER_BOUND('',#1295,.T.);
#748=FACE_OUTER_BOUND('',#1296,.T.);
#749=FACE_OUTER_BOUND('',#1297,.T.);
#750=FACE_OUTER_BOUND('',#1298,.T.);
#751=FACE_OUTER_BOUND('',#1299,.T.);
#752=FACE_OUTER_BOUND('',#1300,.T.);
#753=FACE_OUTER_BOUND('',#1301,.T.);
#754=FACE_OUTER_BOUND('',#1302,.T.);
#755=FACE_OUTER_BOUND('',#1303,.T.);
#756=FACE_OUTER_BOUND('',#1304,.T.);
#757=FACE_OUTER_BOUND('',#1305,.T.);
#758=FACE_OUTER_BOUND('',#1306,.T.);
#759=FACE_OUTER_BOUND('',#1307,.T.);
#760=FACE_OUTER_BOUND('',#1308,.T.);
#761=FACE_OUTER_BOUND('',#1309,.T.);
#762=FACE_OUTER_BOUND('',#1310,.T.);
#763=FACE_OUTER_BOUND('',#1311,.T.);
#764=FACE_OUTER_BOUND('',#1312,.T.);
#765=FACE_OUTER_BOUND('',#1313,.T.);
#766=FACE_OUTER_BOUND('',#1314,.T.);
#767=FACE_OUTER_BOUND('',#1315,.T.);
#768=FACE_OUTER_BOUND('',#1316,.T.);
#769=FACE_OUTER_BOUND('',#1317,.T.);
#770=FACE_OUTER_BOUND('',#1318,.T.);
#771=FACE_OUTER_BOUND('',#1319,.T.);
#772=FACE_OUTER_BOUND('',#1320,.T.);
#773=FACE_OUTER_BOUND('',#1321,.T.);
#774=FACE_OUTER_BOUND('',#1322,.T.);
#775=FACE_OUTER_BOUND('',#1323,.T.);
#776=FACE_OUTER_BOUND('',#1329,.T.);
#777=FACE_OUTER_BOUND('',#1330,.T.);
#778=FACE_OUTER_BOUND('',#1331,.T.);
#779=FACE_OUTER_BOUND('',#1332,.T.);
#780=FACE_OUTER_BOUND('',#1333,.T.);
#781=FACE_OUTER_BOUND('',#1334,.T.);
#782=FACE_OUTER_BOUND('',#1335,.T.);
#783=FACE_OUTER_BOUND('',#1336,.T.);
#784=FACE_OUTER_BOUND('',#1337,.T.);
#785=FACE_OUTER_BOUND('',#1338,.T.);
#786=FACE_OUTER_BOUND('',#1340,.T.);
#787=FACE_OUTER_BOUND('',#1341,.T.);
#788=FACE_OUTER_BOUND('',#1342,.T.);
#789=FACE_OUTER_BOUND('',#1343,.T.);
#790=FACE_OUTER_BOUND('',#1344,.T.);
#791=FACE_OUTER_BOUND('',#1345,.T.);
#792=FACE_OUTER_BOUND('',#1346,.T.);
#793=FACE_OUTER_BOUND('',#1347,.T.);
#794=FACE_OUTER_BOUND('',#1348,.T.);
#795=FACE_OUTER_BOUND('',#1356,.T.);
#796=FACE_OUTER_BOUND('',#1357,.T.);
#797=FACE_OUTER_BOUND('',#1358,.T.);
#798=FACE_OUTER_BOUND('',#1359,.T.);
#799=FACE_OUTER_BOUND('',#1360,.T.);
#800=FACE_OUTER_BOUND('',#1361,.T.);
#801=FACE_OUTER_BOUND('',#1362,.T.);
#802=FACE_OUTER_BOUND('',#1365,.T.);
#803=FACE_OUTER_BOUND('',#1366,.T.);
#804=FACE_OUTER_BOUND('',#1367,.T.);
#805=FACE_OUTER_BOUND('',#1368,.T.);
#806=FACE_OUTER_BOUND('',#1369,.T.);
#807=FACE_OUTER_BOUND('',#1370,.T.);
#808=FACE_OUTER_BOUND('',#1371,.T.);
#809=FACE_OUTER_BOUND('',#1372,.T.);
#810=FACE_OUTER_BOUND('',#1378,.T.);
#811=FACE_OUTER_BOUND('',#1379,.T.);
#812=FACE_OUTER_BOUND('',#1380,.T.);
#813=FACE_OUTER_BOUND('',#1381,.T.);
#814=FACE_OUTER_BOUND('',#1382,.T.);
#815=FACE_OUTER_BOUND('',#1383,.T.);
#816=FACE_OUTER_BOUND('',#1384,.T.);
#817=FACE_OUTER_BOUND('',#1385,.T.);
#818=FACE_OUTER_BOUND('',#1386,.T.);
#819=FACE_OUTER_BOUND('',#1387,.T.);
#820=FACE_OUTER_BOUND('',#1388,.T.);
#821=FACE_OUTER_BOUND('',#1389,.T.);
#822=FACE_OUTER_BOUND('',#1390,.T.);
#823=FACE_OUTER_BOUND('',#1392,.T.);
#824=FACE_OUTER_BOUND('',#1393,.T.);
#825=FACE_OUTER_BOUND('',#1395,.T.);
#826=FACE_OUTER_BOUND('',#1396,.T.);
#827=FACE_OUTER_BOUND('',#1398,.T.);
#828=FACE_OUTER_BOUND('',#1399,.T.);
#829=FACE_OUTER_BOUND('',#1400,.T.);
#830=FACE_OUTER_BOUND('',#1401,.T.);
#831=FACE_OUTER_BOUND('',#1402,.T.);
#832=FACE_OUTER_BOUND('',#1404,.T.);
#833=FACE_OUTER_BOUND('',#1406,.T.);
#834=FACE_OUTER_BOUND('',#1407,.T.);
#835=FACE_OUTER_BOUND('',#1408,.T.);
#836=FACE_OUTER_BOUND('',#1409,.T.);
#837=FACE_OUTER_BOUND('',#1411,.T.);
#838=FACE_OUTER_BOUND('',#1413,.T.);
#839=FACE_OUTER_BOUND('',#1414,.T.);
#840=EDGE_LOOP('',(#6019,#6020,#6021,#6022,#6023,#6024,#6025,#6026,#6027,
#6028,#6029,#6030,#6031,#6032,#6033,#6034,#6035,#6036,#6037,#6038,#6039,
#6040));
#841=EDGE_LOOP('',(#6041,#6042,#6043,#6044));
#842=EDGE_LOOP('',(#6045,#6046,#6047,#6048));
#843=EDGE_LOOP('',(#6049,#6050,#6051,#6052));
#844=EDGE_LOOP('',(#6053,#6054,#6055,#6056,#6057,#6058,#6059,#6060,#6061,
#6062));
#845=EDGE_LOOP('',(#6063,#6064,#6065,#6066,#6067,#6068));
#846=EDGE_LOOP('',(#6069));
#847=EDGE_LOOP('',(#6070,#6071,#6072,#6073,#6074,#6075,#6076,#6077,#6078,
#6079,#6080,#6081));
#848=EDGE_LOOP('',(#6082,#6083,#6084,#6085,#6086,#6087,#6088,#6089,#6090,
#6091,#6092,#6093,#6094,#6095,#6096,#6097,#6098,#6099,#6100,#6101,#6102,
#6103,#6104,#6105,#6106,#6107,#6108,#6109,#6110,#6111,#6112,#6113));
#849=EDGE_LOOP('',(#6114,#6115,#6116,#6117));
#850=EDGE_LOOP('',(#6118,#6119,#6120,#6121));
#851=EDGE_LOOP('',(#6122,#6123,#6124,#6125));
#852=EDGE_LOOP('',(#6126,#6127,#6128,#6129));
#853=EDGE_LOOP('',(#6130,#6131,#6132,#6133));
#854=EDGE_LOOP('',(#6134,#6135,#6136,#6137));
#855=EDGE_LOOP('',(#6138,#6139,#6140,#6141));
#856=EDGE_LOOP('',(#6142,#6143,#6144,#6145));
#857=EDGE_LOOP('',(#6146,#6147,#6148,#6149));
#858=EDGE_LOOP('',(#6150,#6151,#6152,#6153));
#859=EDGE_LOOP('',(#6154,#6155,#6156,#6157));
#860=EDGE_LOOP('',(#6158,#6159,#6160,#6161));
#861=EDGE_LOOP('',(#6162,#6163,#6164,#6165));
#862=EDGE_LOOP('',(#6166,#6167,#6168,#6169));
#863=EDGE_LOOP('',(#6170,#6171,#6172,#6173));
#864=EDGE_LOOP('',(#6174,#6175,#6176,#6177));
#865=EDGE_LOOP('',(#6178,#6179,#6180,#6181));
#866=EDGE_LOOP('',(#6182,#6183,#6184,#6185));
#867=EDGE_LOOP('',(#6186,#6187,#6188,#6189));
#868=EDGE_LOOP('',(#6190,#6191,#6192,#6193));
#869=EDGE_LOOP('',(#6194,#6195,#6196,#6197));
#870=EDGE_LOOP('',(#6198,#6199,#6200,#6201));
#871=EDGE_LOOP('',(#6202,#6203,#6204,#6205));
#872=EDGE_LOOP('',(#6206,#6207,#6208,#6209,#6210,#6211,#6212,#6213,#6214,
#6215,#6216,#6217,#6218,#6219,#6220,#6221,#6222,#6223,#6224,#6225,#6226,
#6227));
#873=EDGE_LOOP('',(#6228,#6229,#6230,#6231));
#874=EDGE_LOOP('',(#6232,#6233,#6234,#6235));
#875=EDGE_LOOP('',(#6236,#6237,#6238,#6239,#6240,#6241,#6242,#6243,#6244,
#6245,#6246,#6247,#6248,#6249,#6250,#6251,#6252,#6253,#6254,#6255,#6256,
#6257,#6258,#6259,#6260,#6261,#6262,#6263,#6264,#6265,#6266,#6267,#6268,
#6269,#6270,#6271));
#876=EDGE_LOOP('',(#6272,#6273,#6274,#6275));
#877=EDGE_LOOP('',(#6276,#6277,#6278,#6279));
#878=EDGE_LOOP('',(#6280,#6281,#6282,#6283));
#879=EDGE_LOOP('',(#6284,#6285,#6286,#6287,#6288,#6289,#6290,#6291,#6292,
#6293,#6294,#6295,#6296,#6297,#6298,#6299,#6300,#6301));
#880=EDGE_LOOP('',(#6302,#6303,#6304,#6305));
#881=EDGE_LOOP('',(#6306,#6307,#6308,#6309));
#882=EDGE_LOOP('',(#6310,#6311,#6312,#6313));
#883=EDGE_LOOP('',(#6314,#6315,#6316,#6317));
#884=EDGE_LOOP('',(#6318,#6319,#6320,#6321,#6322,#6323,#6324,#6325,#6326,
#6327,#6328,#6329,#6330,#6331,#6332,#6333,#6334,#6335));
#885=EDGE_LOOP('',(#6336,#6337,#6338,#6339));
#886=EDGE_LOOP('',(#6340,#6341,#6342,#6343));
#887=EDGE_LOOP('',(#6344,#6345,#6346,#6347));
#888=EDGE_LOOP('',(#6348,#6349,#6350,#6351));
#889=EDGE_LOOP('',(#6352,#6353,#6354,#6355));
#890=EDGE_LOOP('',(#6356,#6357,#6358,#6359));
#891=EDGE_LOOP('',(#6360,#6361,#6362,#6363));
#892=EDGE_LOOP('',(#6364,#6365,#6366,#6367));
#893=EDGE_LOOP('',(#6368,#6369,#6370,#6371));
#894=EDGE_LOOP('',(#6372,#6373,#6374,#6375));
#895=EDGE_LOOP('',(#6376,#6377,#6378,#6379));
#896=EDGE_LOOP('',(#6380,#6381,#6382,#6383));
#897=EDGE_LOOP('',(#6384,#6385,#6386,#6387));
#898=EDGE_LOOP('',(#6388,#6389,#6390,#6391));
#899=EDGE_LOOP('',(#6392,#6393,#6394,#6395));
#900=EDGE_LOOP('',(#6396,#6397,#6398,#6399));
#901=EDGE_LOOP('',(#6400,#6401,#6402,#6403));
#902=EDGE_LOOP('',(#6404,#6405,#6406,#6407));
#903=EDGE_LOOP('',(#6408,#6409,#6410,#6411));
#904=EDGE_LOOP('',(#6412,#6413,#6414,#6415));
#905=EDGE_LOOP('',(#6416,#6417,#6418,#6419));
#906=EDGE_LOOP('',(#6420,#6421,#6422,#6423,#6424,#6425,#6426,#6427,#6428,
#6429,#6430,#6431,#6432,#6433,#6434,#6435,#6436,#6437));
#907=EDGE_LOOP('',(#6438));
#908=EDGE_LOOP('',(#6439));
#909=EDGE_LOOP('',(#6440,#6441,#6442,#6443));
#910=EDGE_LOOP('',(#6444,#6445,#6446,#6447));
#911=EDGE_LOOP('',(#6448));
#912=EDGE_LOOP('',(#6449));
#913=EDGE_LOOP('',(#6450));
#914=EDGE_LOOP('',(#6451,#6452,#6453,#6454));
#915=EDGE_LOOP('',(#6455,#6456,#6457,#6458,#6459,#6460,#6461,#6462));
#916=EDGE_LOOP('',(#6463,#6464,#6465,#6466,#6467,#6468,#6469,#6470));
#917=EDGE_LOOP('',(#6471,#6472,#6473,#6474));
#918=EDGE_LOOP('',(#6475,#6476,#6477,#6478));
#919=EDGE_LOOP('',(#6479,#6480,#6481,#6482));
#920=EDGE_LOOP('',(#6483,#6484,#6485,#6486));
#921=EDGE_LOOP('',(#6487,#6488,#6489,#6490));
#922=EDGE_LOOP('',(#6491,#6492));
#923=EDGE_LOOP('',(#6493,#6494,#6495,#6496));
#924=EDGE_LOOP('',(#6497));
#925=EDGE_LOOP('',(#6498));
#926=EDGE_LOOP('',(#6499,#6500,#6501,#6502));
#927=EDGE_LOOP('',(#6503));
#928=EDGE_LOOP('',(#6504));
#929=EDGE_LOOP('',(#6505,#6506,#6507,#6508));
#930=EDGE_LOOP('',(#6509,#6510,#6511,#6512));
#931=EDGE_LOOP('',(#6513,#6514,#6515,#6516));
#932=EDGE_LOOP('',(#6517,#6518,#6519,#6520));
#933=EDGE_LOOP('',(#6521,#6522,#6523,#6524,#6525,#6526));
#934=EDGE_LOOP('',(#6527,#6528,#6529,#6530));
#935=EDGE_LOOP('',(#6531,#6532,#6533,#6534));
#936=EDGE_LOOP('',(#6535,#6536,#6537,#6538));
#937=EDGE_LOOP('',(#6539,#6540,#6541,#6542));
#938=EDGE_LOOP('',(#6543,#6544,#6545,#6546));
#939=EDGE_LOOP('',(#6547,#6548,#6549,#6550,#6551,#6552));
#940=EDGE_LOOP('',(#6553,#6554,#6555,#6556));
#941=EDGE_LOOP('',(#6557,#6558,#6559,#6560));
#942=EDGE_LOOP('',(#6561,#6562,#6563,#6564));
#943=EDGE_LOOP('',(#6565,#6566,#6567,#6568,#6569,#6570,#6571,#6572));
#944=EDGE_LOOP('',(#6573,#6574,#6575,#6576));
#945=EDGE_LOOP('',(#6577,#6578,#6579,#6580));
#946=EDGE_LOOP('',(#6581,#6582,#6583,#6584));
#947=EDGE_LOOP('',(#6585));
#948=EDGE_LOOP('',(#6586));
#949=EDGE_LOOP('',(#6587));
#950=EDGE_LOOP('',(#6588));
#951=EDGE_LOOP('',(#6589,#6590,#6591,#6592,#6593,#6594,#6595,#6596));
#952=EDGE_LOOP('',(#6597));
#953=EDGE_LOOP('',(#6598));
#954=EDGE_LOOP('',(#6599));
#955=EDGE_LOOP('',(#6600));
#956=EDGE_LOOP('',(#6601,#6602,#6603,#6604));
#957=EDGE_LOOP('',(#6605,#6606,#6607,#6608));
#958=EDGE_LOOP('',(#6609,#6610,#6611,#6612));
#959=EDGE_LOOP('',(#6613,#6614,#6615,#6616));
#960=EDGE_LOOP('',(#6617,#6618,#6619,#6620));
#961=EDGE_LOOP('',(#6621,#6622,#6623,#6624));
#962=EDGE_LOOP('',(#6625,#6626,#6627,#6628));
#963=EDGE_LOOP('',(#6629,#6630,#6631,#6632));
#964=EDGE_LOOP('',(#6633,#6634,#6635,#6636));
#965=EDGE_LOOP('',(#6637,#6638,#6639,#6640));
#966=EDGE_LOOP('',(#6641,#6642,#6643,#6644));
#967=EDGE_LOOP('',(#6645,#6646,#6647,#6648));
#968=EDGE_LOOP('',(#6649,#6650,#6651,#6652));
#969=EDGE_LOOP('',(#6653,#6654,#6655,#6656));
#970=EDGE_LOOP('',(#6657,#6658,#6659,#6660));
#971=EDGE_LOOP('',(#6661,#6662,#6663,#6664));
#972=EDGE_LOOP('',(#6665,#6666,#6667,#6668));
#973=EDGE_LOOP('',(#6669,#6670,#6671,#6672));
#974=EDGE_LOOP('',(#6673,#6674,#6675,#6676));
#975=EDGE_LOOP('',(#6677,#6678,#6679,#6680));
#976=EDGE_LOOP('',(#6681,#6682,#6683,#6684));
#977=EDGE_LOOP('',(#6685,#6686,#6687,#6688));
#978=EDGE_LOOP('',(#6689,#6690,#6691,#6692));
#979=EDGE_LOOP('',(#6693,#6694,#6695,#6696));
#980=EDGE_LOOP('',(#6697,#6698,#6699,#6700));
#981=EDGE_LOOP('',(#6701,#6702,#6703,#6704));
#982=EDGE_LOOP('',(#6705,#6706,#6707,#6708));
#983=EDGE_LOOP('',(#6709,#6710,#6711,#6712));
#984=EDGE_LOOP('',(#6713,#6714,#6715,#6716));
#985=EDGE_LOOP('',(#6717,#6718,#6719,#6720));
#986=EDGE_LOOP('',(#6721,#6722,#6723,#6724));
#987=EDGE_LOOP('',(#6725,#6726,#6727,#6728));
#988=EDGE_LOOP('',(#6729,#6730,#6731,#6732));
#989=EDGE_LOOP('',(#6733,#6734,#6735,#6736));
#990=EDGE_LOOP('',(#6737,#6738,#6739,#6740));
#991=EDGE_LOOP('',(#6741,#6742,#6743,#6744));
#992=EDGE_LOOP('',(#6745,#6746,#6747,#6748));
#993=EDGE_LOOP('',(#6749,#6750,#6751,#6752));
#994=EDGE_LOOP('',(#6753,#6754,#6755,#6756));
#995=EDGE_LOOP('',(#6757,#6758,#6759,#6760,#6761,#6762,#6763,#6764,#6765,
#6766,#6767,#6768,#6769,#6770,#6771,#6772));
#996=EDGE_LOOP('',(#6773));
#997=EDGE_LOOP('',(#6774));
#998=EDGE_LOOP('',(#6775,#6776,#6777,#6778));
#999=EDGE_LOOP('',(#6779));
#1000=EDGE_LOOP('',(#6780,#6781,#6782,#6783));
#1001=EDGE_LOOP('',(#6784));
#1002=EDGE_LOOP('',(#6785,#6786,#6787,#6788,#6789,#6790));
#1003=EDGE_LOOP('',(#6791,#6792,#6793,#6794));
#1004=EDGE_LOOP('',(#6795,#6796,#6797,#6798,#6799,#6800,#6801,#6802,#6803,
#6804));
#1005=EDGE_LOOP('',(#6805,#6806,#6807,#6808,#6809,#6810));
#1006=EDGE_LOOP('',(#6811,#6812,#6813,#6814,#6815,#6816,#6817,#6818));
#1007=EDGE_LOOP('',(#6819,#6820,#6821,#6822,#6823,#6824,#6825,#6826,#6827,
#6828,#6829,#6830,#6831,#6832,#6833,#6834,#6835,#6836,#6837,#6838,#6839,
#6840,#6841,#6842,#6843,#6844,#6845,#6846,#6847,#6848,#6849,#6850));
#1008=EDGE_LOOP('',(#6851,#6852,#6853,#6854));
#1009=EDGE_LOOP('',(#6855,#6856,#6857,#6858));
#1010=EDGE_LOOP('',(#6859,#6860,#6861,#6862));
#1011=EDGE_LOOP('',(#6863,#6864,#6865,#6866));
#1012=EDGE_LOOP('',(#6867));
#1013=EDGE_LOOP('',(#6868,#6869,#6870,#6871));
#1014=EDGE_LOOP('',(#6872,#6873,#6874,#6875));
#1015=EDGE_LOOP('',(#6876,#6877,#6878,#6879));
#1016=EDGE_LOOP('',(#6880,#6881,#6882,#6883,#6884));
#1017=EDGE_LOOP('',(#6885,#6886,#6887,#6888));
#1018=EDGE_LOOP('',(#6889,#6890,#6891,#6892));
#1019=EDGE_LOOP('',(#6893,#6894,#6895,#6896));
#1020=EDGE_LOOP('',(#6897,#6898,#6899,#6900));
#1021=EDGE_LOOP('',(#6901,#6902,#6903,#6904));
#1022=EDGE_LOOP('',(#6905,#6906,#6907,#6908,#6909));
#1023=EDGE_LOOP('',(#6910,#6911,#6912,#6913));
#1024=EDGE_LOOP('',(#6914,#6915,#6916,#6917));
#1025=EDGE_LOOP('',(#6918,#6919,#6920,#6921));
#1026=EDGE_LOOP('',(#6922,#6923,#6924,#6925));
#1027=EDGE_LOOP('',(#6926));
#1028=EDGE_LOOP('',(#6927,#6928,#6929,#6930));
#1029=EDGE_LOOP('',(#6931,#6932,#6933,#6934));
#1030=EDGE_LOOP('',(#6935,#6936,#6937,#6938));
#1031=EDGE_LOOP('',(#6939,#6940,#6941,#6942,#6943));
#1032=EDGE_LOOP('',(#6944,#6945,#6946,#6947));
#1033=EDGE_LOOP('',(#6948,#6949,#6950,#6951,#6952,#6953,#6954,#6955,#6956));
#1034=EDGE_LOOP('',(#6957,#6958,#6959,#6960,#6961,#6962,#6963,#6964,#6965,
#6966,#6967,#6968,#6969));
#1035=EDGE_LOOP('',(#6970,#6971,#6972,#6973));
#1036=EDGE_LOOP('',(#6974,#6975,#6976,#6977,#6978));
#1037=EDGE_LOOP('',(#6979,#6980,#6981,#6982,#6983,#6984,#6985,#6986,#6987,
#6988,#6989,#6990));
#1038=EDGE_LOOP('',(#6991,#6992,#6993,#6994));
#1039=EDGE_LOOP('',(#6995,#6996,#6997,#6998));
#1040=EDGE_LOOP('',(#6999,#7000,#7001,#7002,#7003,#7004,#7005,#7006,#7007,
#7008,#7009,#7010));
#1041=EDGE_LOOP('',(#7011,#7012,#7013,#7014,#7015,#7016,#7017));
#1042=EDGE_LOOP('',(#7018,#7019,#7020,#7021));
#1043=EDGE_LOOP('',(#7022,#7023,#7024,#7025));
#1044=EDGE_LOOP('',(#7026,#7027,#7028,#7029,#7030,#7031,#7032));
#1045=EDGE_LOOP('',(#7033,#7034,#7035,#7036,#7037,#7038,#7039,#7040,#7041,
#7042,#7043,#7044));
#1046=EDGE_LOOP('',(#7045,#7046,#7047,#7048));
#1047=EDGE_LOOP('',(#7049,#7050,#7051,#7052,#7053,#7054));
#1048=EDGE_LOOP('',(#7055,#7056,#7057,#7058));
#1049=EDGE_LOOP('',(#7059,#7060,#7061,#7062,#7063,#7064,#7065,#7066,#7067,
#7068));
#1050=EDGE_LOOP('',(#7069,#7070,#7071,#7072));
#1051=EDGE_LOOP('',(#7073,#7074,#7075,#7076));
#1052=EDGE_LOOP('',(#7077,#7078,#7079,#7080));
#1053=EDGE_LOOP('',(#7081,#7082,#7083,#7084));
#1054=EDGE_LOOP('',(#7085,#7086,#7087,#7088,#7089,#7090));
#1055=EDGE_LOOP('',(#7091));
#1056=EDGE_LOOP('',(#7092));
#1057=EDGE_LOOP('',(#7093,#7094,#7095,#7096,#7097,#7098));
#1058=EDGE_LOOP('',(#7099));
#1059=EDGE_LOOP('',(#7100));
#1060=EDGE_LOOP('',(#7101,#7102,#7103,#7104));
#1061=EDGE_LOOP('',(#7105));
#1062=EDGE_LOOP('',(#7106));
#1063=EDGE_LOOP('',(#7107,#7108,#7109,#7110));
#1064=EDGE_LOOP('',(#7111));
#1065=EDGE_LOOP('',(#7112));
#1066=EDGE_LOOP('',(#7113,#7114,#7115,#7116,#7117,#7118));
#1067=EDGE_LOOP('',(#7119,#7120,#7121,#7122));
#1068=EDGE_LOOP('',(#7123,#7124,#7125,#7126));
#1069=EDGE_LOOP('',(#7127,#7128,#7129,#7130));
#1070=EDGE_LOOP('',(#7131,#7132,#7133,#7134));
#1071=EDGE_LOOP('',(#7135,#7136,#7137,#7138));
#1072=EDGE_LOOP('',(#7139));
#1073=EDGE_LOOP('',(#7140,#7141,#7142,#7143,#7144,#7145,#7146,#7147,#7148,
#7149));
#1074=EDGE_LOOP('',(#7150,#7151,#7152,#7153));
#1075=EDGE_LOOP('',(#7154));
#1076=EDGE_LOOP('',(#7155,#7156,#7157,#7158,#7159,#7160,#7161,#7162,#7163,
#7164));
#1077=EDGE_LOOP('',(#7165,#7166,#7167,#7168));
#1078=EDGE_LOOP('',(#7169,#7170,#7171,#7172));
#1079=EDGE_LOOP('',(#7173));
#1080=EDGE_LOOP('',(#7174));
#1081=EDGE_LOOP('',(#7175,#7176,#7177,#7178));
#1082=EDGE_LOOP('',(#7179));
#1083=EDGE_LOOP('',(#7180));
#1084=EDGE_LOOP('',(#7181,#7182,#7183,#7184,#7185,#7186));
#1085=EDGE_LOOP('',(#7187));
#1086=EDGE_LOOP('',(#7188));
#1087=EDGE_LOOP('',(#7189,#7190,#7191,#7192));
#1088=EDGE_LOOP('',(#7193));
#1089=EDGE_LOOP('',(#7194));
#1090=EDGE_LOOP('',(#7195,#7196,#7197,#7198,#7199,#7200));
#1091=EDGE_LOOP('',(#7201,#7202,#7203,#7204));
#1092=EDGE_LOOP('',(#7205,#7206,#7207,#7208));
#1093=EDGE_LOOP('',(#7209,#7210,#7211,#7212));
#1094=EDGE_LOOP('',(#7213,#7214,#7215,#7216));
#1095=EDGE_LOOP('',(#7217,#7218,#7219,#7220,#7221,#7222,#7223,#7224,#7225,
#7226,#7227,#7228,#7229,#7230,#7231,#7232,#7233,#7234,#7235,#7236,#7237,
#7238,#7239,#7240));
#1096=EDGE_LOOP('',(#7241,#7242,#7243,#7244));
#1097=EDGE_LOOP('',(#7245,#7246,#7247,#7248,#7249,#7250,#7251,#7252));
#1098=EDGE_LOOP('',(#7253));
#1099=EDGE_LOOP('',(#7254));
#1100=EDGE_LOOP('',(#7255,#7256,#7257,#7258));
#1101=EDGE_LOOP('',(#7259,#7260,#7261,#7262));
#1102=EDGE_LOOP('',(#7263,#7264,#7265,#7266));
#1103=EDGE_LOOP('',(#7267,#7268,#7269,#7270));
#1104=EDGE_LOOP('',(#7271,#7272,#7273,#7274));
#1105=EDGE_LOOP('',(#7275,#7276,#7277,#7278));
#1106=EDGE_LOOP('',(#7279));
#1107=EDGE_LOOP('',(#7280,#7281,#7282,#7283));
#1108=EDGE_LOOP('',(#7284,#7285,#7286,#7287));
#1109=EDGE_LOOP('',(#7288,#7289,#7290,#7291));
#1110=EDGE_LOOP('',(#7292,#7293,#7294,#7295,#7296,#7297));
#1111=EDGE_LOOP('',(#7298,#7299,#7300,#7301));
#1112=EDGE_LOOP('',(#7302,#7303,#7304,#7305));
#1113=EDGE_LOOP('',(#7306,#7307,#7308,#7309));
#1114=EDGE_LOOP('',(#7310,#7311,#7312,#7313));
#1115=EDGE_LOOP('',(#7314,#7315,#7316,#7317));
#1116=EDGE_LOOP('',(#7318,#7319,#7320,#7321,#7322,#7323));
#1117=EDGE_LOOP('',(#7324,#7325,#7326,#7327));
#1118=EDGE_LOOP('',(#7328,#7329,#7330,#7331));
#1119=EDGE_LOOP('',(#7332,#7333,#7334,#7335));
#1120=EDGE_LOOP('',(#7336,#7337,#7338,#7339));
#1121=EDGE_LOOP('',(#7340));
#1122=EDGE_LOOP('',(#7341,#7342,#7343,#7344));
#1123=EDGE_LOOP('',(#7345,#7346,#7347,#7348));
#1124=EDGE_LOOP('',(#7349,#7350,#7351,#7352));
#1125=EDGE_LOOP('',(#7353,#7354,#7355,#7356,#7357,#7358));
#1126=EDGE_LOOP('',(#7359,#7360,#7361,#7362));
#1127=EDGE_LOOP('',(#7363,#7364,#7365,#7366));
#1128=EDGE_LOOP('',(#7367,#7368,#7369,#7370));
#1129=EDGE_LOOP('',(#7371,#7372,#7373,#7374,#7375,#7376));
#1130=EDGE_LOOP('',(#7377,#7378,#7379,#7380,#7381,#7382,#7383,#7384,#7385,
#7386,#7387,#7388,#7389,#7390,#7391,#7392));
#1131=EDGE_LOOP('',(#7393,#7394,#7395,#7396));
#1132=EDGE_LOOP('',(#7397,#7398,#7399,#7400));
#1133=EDGE_LOOP('',(#7401,#7402,#7403,#7404,#7405,#7406,#7407,#7408));
#1134=EDGE_LOOP('',(#7409));
#1135=EDGE_LOOP('',(#7410));
#1136=EDGE_LOOP('',(#7411,#7412,#7413,#7414));
#1137=EDGE_LOOP('',(#7415,#7416,#7417,#7418));
#1138=EDGE_LOOP('',(#7419,#7420,#7421,#7422));
#1139=EDGE_LOOP('',(#7423,#7424,#7425,#7426));
#1140=EDGE_LOOP('',(#7427,#7428,#7429,#7430));
#1141=EDGE_LOOP('',(#7431,#7432,#7433,#7434));
#1142=EDGE_LOOP('',(#7435,#7436,#7437,#7438));
#1143=EDGE_LOOP('',(#7439,#7440,#7441,#7442,#7443,#7444,#7445,#7446,#7447,
#7448));
#1144=EDGE_LOOP('',(#7449,#7450,#7451,#7452));
#1145=EDGE_LOOP('',(#7453,#7454,#7455,#7456,#7457,#7458,#7459,#7460,#7461,
#7462));
#1146=EDGE_LOOP('',(#7463,#7464,#7465,#7466));
#1147=EDGE_LOOP('',(#7467,#7468,#7469,#7470,#7471,#7472,#7473,#7474));
#1148=EDGE_LOOP('',(#7475,#7476,#7477,#7478));
#1149=EDGE_LOOP('',(#7479,#7480,#7481,#7482));
#1150=EDGE_LOOP('',(#7483,#7484,#7485,#7486));
#1151=EDGE_LOOP('',(#7487,#7488,#7489,#7490));
#1152=EDGE_LOOP('',(#7491,#7492,#7493,#7494));
#1153=EDGE_LOOP('',(#7495,#7496,#7497,#7498,#7499,#7500,#7501,#7502));
#1154=EDGE_LOOP('',(#7503,#7504,#7505,#7506));
#1155=EDGE_LOOP('',(#7507,#7508,#7509,#7510));
#1156=EDGE_LOOP('',(#7511,#7512,#7513,#7514));
#1157=EDGE_LOOP('',(#7515,#7516,#7517,#7518));
#1158=EDGE_LOOP('',(#7519,#7520,#7521,#7522));
#1159=EDGE_LOOP('',(#7523,#7524,#7525,#7526));
#1160=EDGE_LOOP('',(#7527));
#1161=EDGE_LOOP('',(#7528,#7529,#7530,#7531,#7532,#7533,#7534,#7535,#7536,
#7537));
#1162=EDGE_LOOP('',(#7538,#7539,#7540,#7541));
#1163=EDGE_LOOP('',(#7542));
#1164=EDGE_LOOP('',(#7543,#7544,#7545,#7546,#7547,#7548,#7549,#7550,#7551,
#7552));
#1165=EDGE_LOOP('',(#7553,#7554,#7555,#7556));
#1166=EDGE_LOOP('',(#7557,#7558,#7559,#7560));
#1167=EDGE_LOOP('',(#7561,#7562,#7563,#7564));
#1168=EDGE_LOOP('',(#7565,#7566,#7567,#7568));
#1169=EDGE_LOOP('',(#7569,#7570,#7571,#7572,#7573,#7574,#7575,#7576,#7577,
#7578,#7579,#7580));
#1170=EDGE_LOOP('',(#7581));
#1171=EDGE_LOOP('',(#7582));
#1172=EDGE_LOOP('',(#7583));
#1173=EDGE_LOOP('',(#7584,#7585,#7586,#7587,#7588,#7589,#7590,#7591,#7592,
#7593,#7594,#7595));
#1174=EDGE_LOOP('',(#7596));
#1175=EDGE_LOOP('',(#7597));
#1176=EDGE_LOOP('',(#7598));
#1177=EDGE_LOOP('',(#7599,#7600,#7601,#7602));
#1178=EDGE_LOOP('',(#7603,#7604,#7605,#7606));
#1179=EDGE_LOOP('',(#7607,#7608,#7609,#7610));
#1180=EDGE_LOOP('',(#7611,#7612,#7613,#7614));
#1181=EDGE_LOOP('',(#7615,#7616,#7617,#7618));
#1182=EDGE_LOOP('',(#7619,#7620,#7621,#7622));
#1183=EDGE_LOOP('',(#7623,#7624,#7625,#7626));
#1184=EDGE_LOOP('',(#7627,#7628,#7629,#7630));
#1185=EDGE_LOOP('',(#7631,#7632,#7633,#7634));
#1186=EDGE_LOOP('',(#7635,#7636,#7637,#7638));
#1187=EDGE_LOOP('',(#7639,#7640,#7641,#7642));
#1188=EDGE_LOOP('',(#7643,#7644,#7645,#7646));
#1189=EDGE_LOOP('',(#7647,#7648,#7649,#7650));
#1190=EDGE_LOOP('',(#7651,#7652,#7653,#7654));
#1191=EDGE_LOOP('',(#7655,#7656,#7657,#7658));
#1192=EDGE_LOOP('',(#7659,#7660,#7661,#7662));
#1193=EDGE_LOOP('',(#7663,#7664,#7665,#7666));
#1194=EDGE_LOOP('',(#7667,#7668,#7669,#7670));
#1195=EDGE_LOOP('',(#7671,#7672,#7673,#7674));
#1196=EDGE_LOOP('',(#7675,#7676,#7677,#7678));
#1197=EDGE_LOOP('',(#7679,#7680,#7681,#7682));
#1198=EDGE_LOOP('',(#7683,#7684,#7685,#7686));
#1199=EDGE_LOOP('',(#7687,#7688,#7689,#7690));
#1200=EDGE_LOOP('',(#7691,#7692,#7693,#7694));
#1201=EDGE_LOOP('',(#7695,#7696,#7697,#7698));
#1202=EDGE_LOOP('',(#7699,#7700,#7701,#7702));
#1203=EDGE_LOOP('',(#7703,#7704,#7705,#7706));
#1204=EDGE_LOOP('',(#7707,#7708,#7709,#7710));
#1205=EDGE_LOOP('',(#7711,#7712,#7713,#7714));
#1206=EDGE_LOOP('',(#7715,#7716,#7717,#7718));
#1207=EDGE_LOOP('',(#7719,#7720,#7721,#7722));
#1208=EDGE_LOOP('',(#7723,#7724,#7725,#7726));
#1209=EDGE_LOOP('',(#7727,#7728,#7729,#7730));
#1210=EDGE_LOOP('',(#7731,#7732,#7733,#7734));
#1211=EDGE_LOOP('',(#7735,#7736,#7737,#7738));
#1212=EDGE_LOOP('',(#7739,#7740,#7741,#7742));
#1213=EDGE_LOOP('',(#7743,#7744,#7745,#7746));
#1214=EDGE_LOOP('',(#7747,#7748,#7749,#7750));
#1215=EDGE_LOOP('',(#7751,#7752,#7753,#7754));
#1216=EDGE_LOOP('',(#7755,#7756,#7757,#7758,#7759,#7760,#7761,#7762,#7763,
#7764,#7765,#7766,#7767,#7768,#7769,#7770,#7771,#7772,#7773,#7774,#7775,
#7776,#7777,#7778));
#1217=EDGE_LOOP('',(#7779,#7780,#7781,#7782,#7783,#7784,#7785,#7786,#7787,
#7788,#7789,#7790,#7791,#7792,#7793,#7794,#7795,#7796,#7797,#7798,#7799,
#7800,#7801,#7802));
#1218=EDGE_LOOP('',(#7803,#7804,#7805,#7806));
#1219=EDGE_LOOP('',(#7807,#7808,#7809,#7810));
#1220=EDGE_LOOP('',(#7811,#7812,#7813,#7814));
#1221=EDGE_LOOP('',(#7815,#7816,#7817,#7818));
#1222=EDGE_LOOP('',(#7819,#7820,#7821,#7822));
#1223=EDGE_LOOP('',(#7823,#7824,#7825,#7826));
#1224=EDGE_LOOP('',(#7827,#7828,#7829,#7830));
#1225=EDGE_LOOP('',(#7831,#7832,#7833,#7834));
#1226=EDGE_LOOP('',(#7835,#7836,#7837,#7838));
#1227=EDGE_LOOP('',(#7839,#7840,#7841,#7842));
#1228=EDGE_LOOP('',(#7843,#7844,#7845,#7846));
#1229=EDGE_LOOP('',(#7847,#7848,#7849,#7850));
#1230=EDGE_LOOP('',(#7851,#7852,#7853,#7854));
#1231=EDGE_LOOP('',(#7855,#7856,#7857,#7858));
#1232=EDGE_LOOP('',(#7859,#7860,#7861,#7862));
#1233=EDGE_LOOP('',(#7863,#7864,#7865,#7866));
#1234=EDGE_LOOP('',(#7867,#7868,#7869,#7870));
#1235=EDGE_LOOP('',(#7871,#7872,#7873,#7874));
#1236=EDGE_LOOP('',(#7875,#7876,#7877,#7878));
#1237=EDGE_LOOP('',(#7879,#7880,#7881,#7882));
#1238=EDGE_LOOP('',(#7883,#7884,#7885,#7886));
#1239=EDGE_LOOP('',(#7887,#7888,#7889,#7890));
#1240=EDGE_LOOP('',(#7891,#7892,#7893,#7894));
#1241=EDGE_LOOP('',(#7895,#7896,#7897,#7898));
#1242=EDGE_LOOP('',(#7899,#7900,#7901,#7902));
#1243=EDGE_LOOP('',(#7903,#7904,#7905,#7906));
#1244=EDGE_LOOP('',(#7907,#7908,#7909,#7910));
#1245=EDGE_LOOP('',(#7911,#7912,#7913,#7914));
#1246=EDGE_LOOP('',(#7915,#7916,#7917,#7918));
#1247=EDGE_LOOP('',(#7919,#7920,#7921,#7922));
#1248=EDGE_LOOP('',(#7923,#7924,#7925,#7926));
#1249=EDGE_LOOP('',(#7927,#7928,#7929,#7930));
#1250=EDGE_LOOP('',(#7931,#7932,#7933,#7934));
#1251=EDGE_LOOP('',(#7935,#7936,#7937,#7938));
#1252=EDGE_LOOP('',(#7939,#7940,#7941,#7942));
#1253=EDGE_LOOP('',(#7943,#7944,#7945,#7946));
#1254=EDGE_LOOP('',(#7947,#7948,#7949,#7950));
#1255=EDGE_LOOP('',(#7951,#7952,#7953,#7954));
#1256=EDGE_LOOP('',(#7955,#7956,#7957,#7958));
#1257=EDGE_LOOP('',(#7959,#7960,#7961,#7962));
#1258=EDGE_LOOP('',(#7963,#7964,#7965,#7966));
#1259=EDGE_LOOP('',(#7967,#7968,#7969,#7970));
#1260=EDGE_LOOP('',(#7971,#7972,#7973,#7974));
#1261=EDGE_LOOP('',(#7975,#7976,#7977,#7978));
#1262=EDGE_LOOP('',(#7979,#7980,#7981,#7982));
#1263=EDGE_LOOP('',(#7983,#7984,#7985,#7986));
#1264=EDGE_LOOP('',(#7987,#7988,#7989,#7990));
#1265=EDGE_LOOP('',(#7991,#7992,#7993,#7994));
#1266=EDGE_LOOP('',(#7995,#7996,#7997,#7998));
#1267=EDGE_LOOP('',(#7999,#8000,#8001,#8002));
#1268=EDGE_LOOP('',(#8003,#8004,#8005,#8006));
#1269=EDGE_LOOP('',(#8007,#8008,#8009,#8010));
#1270=EDGE_LOOP('',(#8011,#8012,#8013,#8014));
#1271=EDGE_LOOP('',(#8015,#8016,#8017,#8018));
#1272=EDGE_LOOP('',(#8019,#8020,#8021,#8022));
#1273=EDGE_LOOP('',(#8023,#8024,#8025,#8026));
#1274=EDGE_LOOP('',(#8027,#8028,#8029,#8030));
#1275=EDGE_LOOP('',(#8031,#8032,#8033,#8034));
#1276=EDGE_LOOP('',(#8035,#8036,#8037,#8038));
#1277=EDGE_LOOP('',(#8039,#8040,#8041,#8042));
#1278=EDGE_LOOP('',(#8043,#8044,#8045,#8046));
#1279=EDGE_LOOP('',(#8047,#8048,#8049,#8050));
#1280=EDGE_LOOP('',(#8051,#8052,#8053,#8054));
#1281=EDGE_LOOP('',(#8055,#8056,#8057,#8058));
#1282=EDGE_LOOP('',(#8059,#8060,#8061,#8062,#8063,#8064,#8065,#8066,#8067,
#8068,#8069,#8070,#8071,#8072,#8073,#8074,#8075,#8076,#8077,#8078,#8079,
#8080,#8081,#8082,#8083,#8084,#8085,#8086,#8087,#8088,#8089,#8090,#8091,
#8092,#8093,#8094,#8095,#8096,#8097,#8098,#8099,#8100,#8101,#8102,#8103,
#8104,#8105,#8106,#8107,#8108,#8109,#8110,#8111,#8112,#8113,#8114,#8115,
#8116,#8117,#8118,#8119,#8120,#8121,#8122));
#1283=EDGE_LOOP('',(#8123,#8124,#8125,#8126,#8127));
#1284=EDGE_LOOP('',(#8128,#8129,#8130,#8131,#8132));
#1285=EDGE_LOOP('',(#8133,#8134,#8135,#8136,#8137));
#1286=EDGE_LOOP('',(#8138,#8139,#8140,#8141,#8142));
#1287=EDGE_LOOP('',(#8143));
#1288=EDGE_LOOP('',(#8144,#8145,#8146,#8147,#8148,#8149,#8150,#8151,#8152,
#8153,#8154,#8155,#8156,#8157,#8158,#8159,#8160,#8161,#8162,#8163,#8164,
#8165,#8166,#8167,#8168,#8169,#8170,#8171,#8172,#8173,#8174,#8175,#8176,
#8177,#8178,#8179,#8180,#8181,#8182,#8183,#8184,#8185,#8186,#8187,#8188,
#8189,#8190,#8191,#8192,#8193,#8194,#8195,#8196,#8197,#8198,#8199,#8200,
#8201,#8202,#8203,#8204,#8205,#8206,#8207));
#1289=EDGE_LOOP('',(#8208,#8209,#8210,#8211,#8212));
#1290=EDGE_LOOP('',(#8213,#8214,#8215,#8216,#8217));
#1291=EDGE_LOOP('',(#8218,#8219,#8220,#8221,#8222));
#1292=EDGE_LOOP('',(#8223,#8224,#8225,#8226,#8227));
#1293=EDGE_LOOP('',(#8228));
#1294=EDGE_LOOP('',(#8229,#8230,#8231,#8232));
#1295=EDGE_LOOP('',(#8233,#8234,#8235,#8236));
#1296=EDGE_LOOP('',(#8237,#8238,#8239,#8240));
#1297=EDGE_LOOP('',(#8241,#8242,#8243,#8244));
#1298=EDGE_LOOP('',(#8245,#8246,#8247,#8248));
#1299=EDGE_LOOP('',(#8249,#8250,#8251,#8252));
#1300=EDGE_LOOP('',(#8253,#8254,#8255,#8256));
#1301=EDGE_LOOP('',(#8257,#8258,#8259,#8260));
#1302=EDGE_LOOP('',(#8261,#8262,#8263,#8264));
#1303=EDGE_LOOP('',(#8265,#8266,#8267,#8268));
#1304=EDGE_LOOP('',(#8269,#8270,#8271,#8272));
#1305=EDGE_LOOP('',(#8273,#8274,#8275,#8276));
#1306=EDGE_LOOP('',(#8277,#8278,#8279,#8280));
#1307=EDGE_LOOP('',(#8281,#8282,#8283,#8284));
#1308=EDGE_LOOP('',(#8285,#8286,#8287,#8288));
#1309=EDGE_LOOP('',(#8289,#8290,#8291,#8292));
#1310=EDGE_LOOP('',(#8293,#8294,#8295,#8296));
#1311=EDGE_LOOP('',(#8297,#8298,#8299,#8300));
#1312=EDGE_LOOP('',(#8301,#8302,#8303,#8304));
#1313=EDGE_LOOP('',(#8305,#8306,#8307,#8308));
#1314=EDGE_LOOP('',(#8309,#8310,#8311,#8312));
#1315=EDGE_LOOP('',(#8313,#8314,#8315,#8316));
#1316=EDGE_LOOP('',(#8317,#8318,#8319,#8320));
#1317=EDGE_LOOP('',(#8321,#8322,#8323,#8324));
#1318=EDGE_LOOP('',(#8325,#8326,#8327,#8328));
#1319=EDGE_LOOP('',(#8329,#8330,#8331,#8332));
#1320=EDGE_LOOP('',(#8333,#8334,#8335,#8336));
#1321=EDGE_LOOP('',(#8337,#8338,#8339,#8340));
#1322=EDGE_LOOP('',(#8341,#8342,#8343,#8344));
#1323=EDGE_LOOP('',(#8345,#8346,#8347,#8348,#8349,#8350,#8351,#8352));
#1324=EDGE_LOOP('',(#8353));
#1325=EDGE_LOOP('',(#8354));
#1326=EDGE_LOOP('',(#8355));
#1327=EDGE_LOOP('',(#8356));
#1328=EDGE_LOOP('',(#8357));
#1329=EDGE_LOOP('',(#8358,#8359,#8360,#8361));
#1330=EDGE_LOOP('',(#8362));
#1331=EDGE_LOOP('',(#8363,#8364,#8365,#8366));
#1332=EDGE_LOOP('',(#8367));
#1333=EDGE_LOOP('',(#8368,#8369,#8370,#8371));
#1334=EDGE_LOOP('',(#8372));
#1335=EDGE_LOOP('',(#8373,#8374,#8375,#8376));
#1336=EDGE_LOOP('',(#8377));
#1337=EDGE_LOOP('',(#8378,#8379,#8380,#8381));
#1338=EDGE_LOOP('',(#8382));
#1339=EDGE_LOOP('',(#8383));
#1340=EDGE_LOOP('',(#8384,#8385,#8386,#8387));
#1341=EDGE_LOOP('',(#8388));
#1342=EDGE_LOOP('',(#8389,#8390,#8391,#8392,#8393,#8394,#8395,#8396));
#1343=EDGE_LOOP('',(#8397,#8398,#8399,#8400));
#1344=EDGE_LOOP('',(#8401,#8402,#8403,#8404));
#1345=EDGE_LOOP('',(#8405,#8406,#8407,#8408,#8409,#8410,#8411,#8412,#8413,
#8414,#8415,#8416,#8417,#8418));
#1346=EDGE_LOOP('',(#8419,#8420,#8421,#8422));
#1347=EDGE_LOOP('',(#8423,#8424,#8425,#8426,#8427));
#1348=EDGE_LOOP('',(#8428,#8429,#8430,#8431,#8432,#8433,#8434,#8435,#8436,
#8437,#8438,#8439));
#1349=EDGE_LOOP('',(#8440));
#1350=EDGE_LOOP('',(#8441));
#1351=EDGE_LOOP('',(#8442));
#1352=EDGE_LOOP('',(#8443));
#1353=EDGE_LOOP('',(#8444));
#1354=EDGE_LOOP('',(#8445));
#1355=EDGE_LOOP('',(#8446));
#1356=EDGE_LOOP('',(#8447,#8448,#8449,#8450,#8451));
#1357=EDGE_LOOP('',(#8452,#8453,#8454,#8455));
#1358=EDGE_LOOP('',(#8456,#8457,#8458,#8459));
#1359=EDGE_LOOP('',(#8460,#8461,#8462,#8463));
#1360=EDGE_LOOP('',(#8464,#8465,#8466,#8467));
#1361=EDGE_LOOP('',(#8468,#8469,#8470,#8471));
#1362=EDGE_LOOP('',(#8472,#8473,#8474,#8475));
#1363=EDGE_LOOP('',(#8476));
#1364=EDGE_LOOP('',(#8477));
#1365=EDGE_LOOP('',(#8478,#8479,#8480,#8481));
#1366=EDGE_LOOP('',(#8482,#8483,#8484,#8485));
#1367=EDGE_LOOP('',(#8486,#8487,#8488,#8489));
#1368=EDGE_LOOP('',(#8490,#8491,#8492,#8493));
#1369=EDGE_LOOP('',(#8494,#8495,#8496,#8497,#8498,#8499,#8500,#8501,#8502,
#8503,#8504,#8505,#8506,#8507));
#1370=EDGE_LOOP('',(#8508,#8509,#8510,#8511));
#1371=EDGE_LOOP('',(#8512,#8513,#8514,#8515));
#1372=EDGE_LOOP('',(#8516,#8517,#8518,#8519,#8520,#8521,#8522,#8523,#8524,
#8525));
#1373=EDGE_LOOP('',(#8526));
#1374=EDGE_LOOP('',(#8527));
#1375=EDGE_LOOP('',(#8528));
#1376=EDGE_LOOP('',(#8529));
#1377=EDGE_LOOP('',(#8530));
#1378=EDGE_LOOP('',(#8531,#8532,#8533,#8534));
#1379=EDGE_LOOP('',(#8535,#8536,#8537,#8538));
#1380=EDGE_LOOP('',(#8539,#8540,#8541,#8542));
#1381=EDGE_LOOP('',(#8543,#8544,#8545,#8546));
#1382=EDGE_LOOP('',(#8547,#8548,#8549,#8550));
#1383=EDGE_LOOP('',(#8551,#8552,#8553,#8554));
#1384=EDGE_LOOP('',(#8555,#8556,#8557,#8558));
#1385=EDGE_LOOP('',(#8559,#8560,#8561,#8562));
#1386=EDGE_LOOP('',(#8563,#8564,#8565,#8566));
#1387=EDGE_LOOP('',(#8567,#8568,#8569,#8570));
#1388=EDGE_LOOP('',(#8571,#8572,#8573,#8574));
#1389=EDGE_LOOP('',(#8575,#8576,#8577,#8578));
#1390=EDGE_LOOP('',(#8579));
#1391=EDGE_LOOP('',(#8580));
#1392=EDGE_LOOP('',(#8581,#8582,#8583,#8584));
#1393=EDGE_LOOP('',(#8585));
#1394=EDGE_LOOP('',(#8586));
#1395=EDGE_LOOP('',(#8587,#8588,#8589,#8590));
#1396=EDGE_LOOP('',(#8591));
#1397=EDGE_LOOP('',(#8592));
#1398=EDGE_LOOP('',(#8593,#8594,#8595,#8596));
#1399=EDGE_LOOP('',(#8597,#8598,#8599,#8600));
#1400=EDGE_LOOP('',(#8601));
#1401=EDGE_LOOP('',(#8602,#8603,#8604,#8605));
#1402=EDGE_LOOP('',(#8606));
#1403=EDGE_LOOP('',(#8607,#8608));
#1404=EDGE_LOOP('',(#8609));
#1405=EDGE_LOOP('',(#8610));
#1406=EDGE_LOOP('',(#8611,#8612,#8613,#8614));
#1407=EDGE_LOOP('',(#8615,#8616,#8617,#8618));
#1408=EDGE_LOOP('',(#8619,#8620));
#1409=EDGE_LOOP('',(#8621));
#1410=EDGE_LOOP('',(#8622));
#1411=EDGE_LOOP('',(#8623));
#1412=EDGE_LOOP('',(#8624));
#1413=EDGE_LOOP('',(#8625,#8626,#8627,#8628));
#1414=EDGE_LOOP('',(#8629,#8630,#8631,#8632));
#1415=CIRCLE('',#9682,0.499999999999996);
#1416=CIRCLE('',#9683,0.499999999999996);
#1417=CIRCLE('',#9687,0.499999999999996);
#1418=CIRCLE('',#9691,2.);
#1419=CIRCLE('',#9692,1.35);
#1420=CIRCLE('',#9719,0.499999999999994);
#1421=CIRCLE('',#9720,0.499999999999996);
#1422=CIRCLE('',#9728,0.499999999999996);
#1423=CIRCLE('',#9733,0.499999999999996);
#1424=CIRCLE('',#9734,0.499999999999994);
#1425=CIRCLE('',#9753,0.5);
#1426=CIRCLE('',#9754,0.5);
#1427=CIRCLE('',#9757,0.499999999999996);
#1428=CIRCLE('',#9758,0.499999999999996);
#1429=CIRCLE('',#9763,0.500000000000004);
#1430=CIRCLE('',#9764,0.500000000000004);
#1431=CIRCLE('',#9766,1.35);
#1432=CIRCLE('',#9767,1.35);
#1433=CIRCLE('',#9768,1.35);
#1434=CIRCLE('',#9775,1.35);
#1435=CIRCLE('',#9777,1.35);
#1436=CIRCLE('',#9780,2.5);
#1437=CIRCLE('',#9783,2.5);
#1438=CIRCLE('',#9801,3.);
#1439=CIRCLE('',#9802,3.);
#1440=CIRCLE('',#9803,3.);
#1441=CIRCLE('',#9804,3.);
#1442=CIRCLE('',#9805,1.35);
#1443=CIRCLE('',#9806,1.35);
#1444=CIRCLE('',#9807,1.35);
#1445=CIRCLE('',#9808,1.35);
#1446=CIRCLE('',#9810,3.);
#1447=CIRCLE('',#9811,3.);
#1448=CIRCLE('',#9812,3.);
#1449=CIRCLE('',#9813,3.);
#1450=CIRCLE('',#9814,1.35);
#1451=CIRCLE('',#9815,1.35);
#1452=CIRCLE('',#9816,1.35);
#1453=CIRCLE('',#9817,1.35);
#1454=CIRCLE('',#9861,2.5);
#1455=CIRCLE('',#9862,2.5);
#1456=CIRCLE('',#9863,2.5);
#1457=CIRCLE('',#9864,2.5);
#1458=CIRCLE('',#9872,0.500000000000001);
#1459=CIRCLE('',#9873,0.500000000000001);
#1460=CIRCLE('',#9875,0.499999999999989);
#1461=CIRCLE('',#9876,0.499999999999989);
#1462=CIRCLE('',#9885,2.85);
#1463=CIRCLE('',#9900,2.85);
#1464=CIRCLE('',#9908,0.499999999999989);
#1465=CIRCLE('',#9909,0.500000000000001);
#1466=CIRCLE('',#9924,0.500000000000001);
#1467=CIRCLE('',#9926,0.499999999999989);
#1468=CIRCLE('',#9928,1.35);
#1469=CIRCLE('',#9929,1.35);
#1470=CIRCLE('',#9931,1.35);
#1471=CIRCLE('',#9932,1.35);
#1472=CIRCLE('',#9934,1.35);
#1473=CIRCLE('',#9935,1.35);
#1474=CIRCLE('',#9937,1.35);
#1475=CIRCLE('',#9938,1.35);
#1476=CIRCLE('',#9940,2.5);
#1477=CIRCLE('',#9943,2.5);
#1478=CIRCLE('',#9946,2.5);
#1479=CIRCLE('',#9949,2.5);
#1480=CIRCLE('',#9957,2.85);
#1481=CIRCLE('',#9960,2.85);
#1482=CIRCLE('',#9965,2.5);
#1483=CIRCLE('',#9968,2.5);
#1484=CIRCLE('',#9971,2.5);
#1485=CIRCLE('',#9974,2.5);
#1486=CIRCLE('',#9980,0.5);
#1487=CIRCLE('',#9992,2.85);
#1488=CIRCLE('',#10007,2.85);
#1489=CIRCLE('',#10014,0.5);
#1490=CIRCLE('',#10020,2.);
#1491=CIRCLE('',#10021,2.);
#1492=CIRCLE('',#10045,2.85);
#1493=CIRCLE('',#10048,2.85);
#1494=CIRCLE('',#10056,1.25);
#1495=CIRCLE('',#10057,1.25);
#1496=CIRCLE('',#10058,1.25);
#1497=CIRCLE('',#10060,1.25);
#1498=CIRCLE('',#10061,1.25);
#1499=CIRCLE('',#10062,1.25);
#1500=CIRCLE('',#10120,0.999999999999999);
#1501=CIRCLE('',#10121,0.999999999999999);
#1502=CIRCLE('',#10138,0.999999999999999);
#1503=CIRCLE('',#10139,0.999999999999999);
#1504=CIRCLE('',#10156,0.999999999999999);
#1505=CIRCLE('',#10157,0.999999999999999);
#1506=CIRCLE('',#10174,0.999999999999999);
#1507=CIRCLE('',#10175,0.999999999999999);
#1508=CIRCLE('',#10179,0.5);
#1509=CIRCLE('',#10180,0.5);
#1510=CIRCLE('',#10181,0.5);
#1511=CIRCLE('',#10182,0.5);
#1512=CIRCLE('',#10183,3.4);
#1513=CIRCLE('',#10185,0.5);
#1514=CIRCLE('',#10186,0.5);
#1515=CIRCLE('',#10187,0.5);
#1516=CIRCLE('',#10188,0.5);
#1517=CIRCLE('',#10189,3.4);
#1518=CIRCLE('',#10221,11.);
#1519=CIRCLE('',#10222,1.5);
#1520=CIRCLE('',#10223,1.5);
#1521=CIRCLE('',#10224,1.5);
#1522=CIRCLE('',#10225,1.5);
#1523=CIRCLE('',#10227,1.5);
#1524=CIRCLE('',#10230,1.5);
#1525=CIRCLE('',#10233,1.5);
#1526=CIRCLE('',#10236,1.5);
#1527=CIRCLE('',#10239,11.);
#1528=CIRCLE('',#10241,2.5);
#1529=CIRCLE('',#10243,2.5);
#1530=CIRCLE('',#10248,2.85);
#1531=CIRCLE('',#10249,2.85);
#1532=CIRCLE('',#10251,2.85);
#1533=CIRCLE('',#10252,2.85);
#1534=CIRCLE('',#10257,1.6);
#1535=CIRCLE('',#10258,1.59999999999999);
#1536=CIRCLE('',#10259,1.6);
#1537=CIRCLE('',#10260,1.6);
#1538=CIRCLE('',#10261,3.6);
#1539=CIRCLE('',#10262,3.6);
#1540=CIRCLE('',#10263,2.6);
#1541=CIRCLE('',#10279,1.59999999999999);
#1542=CIRCLE('',#10280,1.6);
#1543=CIRCLE('',#10281,11.025);
#1544=CIRCLE('',#10282,1.6);
#1545=CIRCLE('',#10283,1.6);
#1546=CIRCLE('',#10296,11.025);
#1547=CIRCLE('',#10298,2.6);
#1548=CIRCLE('',#10301,3.6);
#1549=CIRCLE('',#10304,3.6);
#1550=CIRCLE('',#10308,2.75);
#1551=CIRCLE('',#10309,2.75);
#1552=CIRCLE('',#10312,4.5);
#1553=CIRCLE('',#10313,4.5);
#1554=CIRCLE('',#10315,2.5);
#1555=CIRCLE('',#10318,2.5);
#1556=CIRCLE('',#10323,50.);
#1557=CIRCLE('',#10324,2.75);
#1558=CIRCLE('',#10326,50.);
#1559=CIRCLE('',#10327,2.75);
#1560=LINE('',#12863,#2705);
#1561=LINE('',#12865,#2706);
#1562=LINE('',#12867,#2707);
#1563=LINE('',#12869,#2708);
#1564=LINE('',#12871,#2709);
#1565=LINE('',#12875,#2710);
#1566=LINE('',#12877,#2711);
#1567=LINE('',#12879,#2712);
#1568=LINE('',#12883,#2713);
#1569=LINE('',#12885,#2714);
#1570=LINE('',#12887,#2715);
#1571=LINE('',#12889,#2716);
#1572=LINE('',#12891,#2717);
#1573=LINE('',#12893,#2718);
#1574=LINE('',#12895,#2719);
#1575=LINE('',#12897,#2720);
#1576=LINE('',#12899,#2721);
#1577=LINE('',#12901,#2722);
#1578=LINE('',#12903,#2723);
#1579=LINE('',#12904,#2724);
#1580=LINE('',#12908,#2725);
#1581=LINE('',#12910,#2726);
#1582=LINE('',#12912,#2727);
#1583=LINE('',#12913,#2728);
#1584=LINE('',#12916,#2729);
#1585=LINE('',#12918,#2730);
#1586=LINE('',#12919,#2731);
#1587=LINE('',#12924,#2732);
#1588=LINE('',#12925,#2733);
#1589=LINE('',#12931,#2734);
#1590=LINE('',#12932,#2735);
#1591=LINE('',#12934,#2736);
#1592=LINE('',#12936,#2737);
#1593=LINE('',#12938,#2738);
#1594=LINE('',#12940,#2739);
#1595=LINE('',#12942,#2740);
#1596=LINE('',#12944,#2741);
#1597=LINE('',#12945,#2742);
#1598=LINE('',#12949,#2743);
#1599=LINE('',#12951,#2744);
#1600=LINE('',#12952,#2745);
#1601=LINE('',#12958,#2746);
#1602=LINE('',#12959,#2747);
#1603=LINE('',#12961,#2748);
#1604=LINE('',#12963,#2749);
#1605=LINE('',#12965,#2750);
#1606=LINE('',#12967,#2751);
#1607=LINE('',#12969,#2752);
#1608=LINE('',#12971,#2753);
#1609=LINE('',#12973,#2754);
#1610=LINE('',#12975,#2755);
#1611=LINE('',#12976,#2756);
#1612=LINE('',#12979,#2757);
#1613=LINE('',#12981,#2758);
#1614=LINE('',#12983,#2759);
#1615=LINE('',#12985,#2760);
#1616=LINE('',#12987,#2761);
#1617=LINE('',#12989,#2762);
#1618=LINE('',#12991,#2763);
#1619=LINE('',#12993,#2764);
#1620=LINE('',#12995,#2765);
#1621=LINE('',#12997,#2766);
#1622=LINE('',#12999,#2767);
#1623=LINE('',#13001,#2768);
#1624=LINE('',#13003,#2769);
#1625=LINE('',#13005,#2770);
#1626=LINE('',#13007,#2771);
#1627=LINE('',#13009,#2772);
#1628=LINE('',#13011,#2773);
#1629=LINE('',#13013,#2774);
#1630=LINE('',#13015,#2775);
#1631=LINE('',#13017,#2776);
#1632=LINE('',#13019,#2777);
#1633=LINE('',#13021,#2778);
#1634=LINE('',#13023,#2779);
#1635=LINE('',#13025,#2780);
#1636=LINE('',#13027,#2781);
#1637=LINE('',#13029,#2782);
#1638=LINE('',#13031,#2783);
#1639=LINE('',#13032,#2784);
#1640=LINE('',#13034,#2785);
#1641=LINE('',#13035,#2786);
#1642=LINE('',#13038,#2787);
#1643=LINE('',#13040,#2788);
#1644=LINE('',#13041,#2789);
#1645=LINE('',#13044,#2790);
#1646=LINE('',#13045,#2791);
#1647=LINE('',#13048,#2792);
#1648=LINE('',#13049,#2793);
#1649=LINE('',#13052,#2794);
#1650=LINE('',#13053,#2795);
#1651=LINE('',#13056,#2796);
#1652=LINE('',#13057,#2797);
#1653=LINE('',#13060,#2798);
#1654=LINE('',#13061,#2799);
#1655=LINE('',#13064,#2800);
#1656=LINE('',#13065,#2801);
#1657=LINE('',#13068,#2802);
#1658=LINE('',#13069,#2803);
#1659=LINE('',#13072,#2804);
#1660=LINE('',#13073,#2805);
#1661=LINE('',#13076,#2806);
#1662=LINE('',#13077,#2807);
#1663=LINE('',#13080,#2808);
#1664=LINE('',#13081,#2809);
#1665=LINE('',#13084,#2810);
#1666=LINE('',#13085,#2811);
#1667=LINE('',#13088,#2812);
#1668=LINE('',#13089,#2813);
#1669=LINE('',#13092,#2814);
#1670=LINE('',#13093,#2815);
#1671=LINE('',#13096,#2816);
#1672=LINE('',#13097,#2817);
#1673=LINE('',#13100,#2818);
#1674=LINE('',#13101,#2819);
#1675=LINE('',#13104,#2820);
#1676=LINE('',#13105,#2821);
#1677=LINE('',#13108,#2822);
#1678=LINE('',#13109,#2823);
#1679=LINE('',#13112,#2824);
#1680=LINE('',#13113,#2825);
#1681=LINE('',#13116,#2826);
#1682=LINE('',#13117,#2827);
#1683=LINE('',#13120,#2828);
#1684=LINE('',#13121,#2829);
#1685=LINE('',#13124,#2830);
#1686=LINE('',#13125,#2831);
#1687=LINE('',#13128,#2832);
#1688=LINE('',#13129,#2833);
#1689=LINE('',#13132,#2834);
#1690=LINE('',#13134,#2835);
#1691=LINE('',#13135,#2836);
#1692=LINE('',#13137,#2837);
#1693=LINE('',#13139,#2838);
#1694=LINE('',#13140,#2839);
#1695=LINE('',#13142,#2840);
#1696=LINE('',#13143,#2841);
#1697=LINE('',#13145,#2842);
#1698=LINE('',#13147,#2843);
#1699=LINE('',#13149,#2844);
#1700=LINE('',#13153,#2845);
#1701=LINE('',#13155,#2846);
#1702=LINE('',#13157,#2847);
#1703=LINE('',#13161,#2848);
#1704=LINE('',#13162,#2849);
#1705=LINE('',#13165,#2850);
#1706=LINE('',#13166,#2851);
#1707=LINE('',#13168,#2852);
#1708=LINE('',#13171,#2853);
#1709=LINE('',#13173,#2854);
#1710=LINE('',#13175,#2855);
#1711=LINE('',#13176,#2856);
#1712=LINE('',#13178,#2857);
#1713=LINE('',#13180,#2858);
#1714=LINE('',#13182,#2859);
#1715=LINE('',#13183,#2860);
#1716=LINE('',#13186,#2861);
#1717=LINE('',#13187,#2862);
#1718=LINE('',#13190,#2863);
#1719=LINE('',#13191,#2864);
#1720=LINE('',#13193,#2865);
#1721=LINE('',#13196,#2866);
#1722=LINE('',#13198,#2867);
#1723=LINE('',#13200,#2868);
#1724=LINE('',#13202,#2869);
#1725=LINE('',#13206,#2870);
#1726=LINE('',#13207,#2871);
#1727=LINE('',#13209,#2872);
#1728=LINE('',#13211,#2873);
#1729=LINE('',#13213,#2874);
#1730=LINE('',#13214,#2875);
#1731=LINE('',#13216,#2876);
#1732=LINE('',#13218,#2877);
#1733=LINE('',#13219,#2878);
#1734=LINE('',#13222,#2879);
#1735=LINE('',#13223,#2880);
#1736=LINE('',#13226,#2881);
#1737=LINE('',#13227,#2882);
#1738=LINE('',#13229,#2883);
#1739=LINE('',#13233,#2884);
#1740=LINE('',#13235,#2885);
#1741=LINE('',#13237,#2886);
#1742=LINE('',#13239,#2887);
#1743=LINE('',#13240,#2888);
#1744=LINE('',#13242,#2889);
#1745=LINE('',#13244,#2890);
#1746=LINE('',#13248,#2891);
#1747=LINE('',#13250,#2892);
#1748=LINE('',#13252,#2893);
#1749=LINE('',#13256,#2894);
#1750=LINE('',#13257,#2895);
#1751=LINE('',#13258,#2896);
#1752=LINE('',#13260,#2897);
#1753=LINE('',#13261,#2898);
#1754=LINE('',#13263,#2899);
#1755=LINE('',#13265,#2900);
#1756=LINE('',#13267,#2901);
#1757=LINE('',#13269,#2902);
#1758=LINE('',#13271,#2903);
#1759=LINE('',#13273,#2904);
#1760=LINE('',#13276,#2905);
#1761=LINE('',#13277,#2906);
#1762=LINE('',#13279,#2907);
#1763=LINE('',#13281,#2908);
#1764=LINE('',#13284,#2909);
#1765=LINE('',#13286,#2910);
#1766=LINE('',#13290,#2911);
#1767=LINE('',#13291,#2912);
#1768=LINE('',#13294,#2913);
#1769=LINE('',#13295,#2914);
#1770=LINE('',#13299,#2915);
#1771=LINE('',#13303,#2916);
#1772=LINE('',#13307,#2917);
#1773=LINE('',#13309,#2918);
#1774=LINE('',#13310,#2919);
#1775=LINE('',#13315,#2920);
#1776=LINE('',#13318,#2921);
#1777=LINE('',#13319,#2922);
#1778=LINE('',#13320,#2923);
#1779=LINE('',#13321,#2924);
#1780=LINE('',#13322,#2925);
#1781=LINE('',#13323,#2926);
#1782=LINE('',#13324,#2927);
#1783=LINE('',#13333,#2928);
#1784=LINE('',#13336,#2929);
#1785=LINE('',#13337,#2930);
#1786=LINE('',#13344,#2931);
#1787=LINE('',#13345,#2932);
#1788=LINE('',#13351,#2933);
#1789=LINE('',#13355,#2934);
#1790=LINE('',#13359,#2935);
#1791=LINE('',#13364,#2936);
#1792=LINE('',#13369,#2937);
#1793=LINE('',#13377,#2938);
#1794=LINE('',#13379,#2939);
#1795=LINE('',#13381,#2940);
#1796=LINE('',#13382,#2941);
#1797=LINE('',#13384,#2942);
#1798=LINE('',#13386,#2943);
#1799=LINE('',#13387,#2944);
#1800=LINE('',#13392,#2945);
#1801=LINE('',#13393,#2946);
#1802=LINE('',#13396,#2947);
#1803=LINE('',#13398,#2948);
#1804=LINE('',#13399,#2949);
#1805=LINE('',#13401,#2950);
#1806=LINE('',#13403,#2951);
#1807=LINE('',#13411,#2952);
#1808=LINE('',#13415,#2953);
#1809=LINE('',#13419,#2954);
#1810=LINE('',#13422,#2955);
#1811=LINE('',#13425,#2956);
#1812=LINE('',#13427,#2957);
#1813=LINE('',#13429,#2958);
#1814=LINE('',#13430,#2959);
#1815=LINE('',#13433,#2960);
#1816=LINE('',#13435,#2961);
#1817=LINE('',#13437,#2962);
#1818=LINE('',#13438,#2963);
#1819=LINE('',#13441,#2964);
#1820=LINE('',#13443,#2965);
#1821=LINE('',#13445,#2966);
#1822=LINE('',#13446,#2967);
#1823=LINE('',#13460,#2968);
#1824=LINE('',#13464,#2969);
#1825=LINE('',#13468,#2970);
#1826=LINE('',#13471,#2971);
#1827=LINE('',#13481,#2972);
#1828=LINE('',#13482,#2973);
#1829=LINE('',#13484,#2974);
#1830=LINE('',#13486,#2975);
#1831=LINE('',#13488,#2976);
#1832=LINE('',#13490,#2977);
#1833=LINE('',#13492,#2978);
#1834=LINE('',#13494,#2979);
#1835=LINE('',#13497,#2980);
#1836=LINE('',#13499,#2981);
#1837=LINE('',#13501,#2982);
#1838=LINE('',#13503,#2983);
#1839=LINE('',#13506,#2984);
#1840=LINE('',#13508,#2985);
#1841=LINE('',#13509,#2986);
#1842=LINE('',#13512,#2987);
#1843=LINE('',#13513,#2988);
#1844=LINE('',#13516,#2989);
#1845=LINE('',#13517,#2990);
#1846=LINE('',#13519,#2991);
#1847=LINE('',#13523,#2992);
#1848=LINE('',#13525,#2993);
#1849=LINE('',#13526,#2994);
#1850=LINE('',#13529,#2995);
#1851=LINE('',#13530,#2996);
#1852=LINE('',#13533,#2997);
#1853=LINE('',#13534,#2998);
#1854=LINE('',#13536,#2999);
#1855=LINE('',#13540,#3000);
#1856=LINE('',#13542,#3001);
#1857=LINE('',#13543,#3002);
#1858=LINE('',#13546,#3003);
#1859=LINE('',#13547,#3004);
#1860=LINE('',#13550,#3005);
#1861=LINE('',#13551,#3006);
#1862=LINE('',#13553,#3007);
#1863=LINE('',#13559,#3008);
#1864=LINE('',#13561,#3009);
#1865=LINE('',#13563,#3010);
#1866=LINE('',#13564,#3011);
#1867=LINE('',#13567,#3012);
#1868=LINE('',#13569,#3013);
#1869=LINE('',#13570,#3014);
#1870=LINE('',#13573,#3015);
#1871=LINE('',#13575,#3016);
#1872=LINE('',#13576,#3017);
#1873=LINE('',#13578,#3018);
#1874=LINE('',#13579,#3019);
#1875=LINE('',#13586,#3020);
#1876=LINE('',#13588,#3021);
#1877=LINE('',#13590,#3022);
#1878=LINE('',#13591,#3023);
#1879=LINE('',#13594,#3024);
#1880=LINE('',#13596,#3025);
#1881=LINE('',#13597,#3026);
#1882=LINE('',#13600,#3027);
#1883=LINE('',#13602,#3028);
#1884=LINE('',#13603,#3029);
#1885=LINE('',#13605,#3030);
#1886=LINE('',#13606,#3031);
#1887=LINE('',#13615,#3032);
#1888=LINE('',#13617,#3033);
#1889=LINE('',#13619,#3034);
#1890=LINE('',#13621,#3035);
#1891=LINE('',#13623,#3036);
#1892=LINE('',#13625,#3037);
#1893=LINE('',#13627,#3038);
#1894=LINE('',#13629,#3039);
#1895=LINE('',#13631,#3040);
#1896=LINE('',#13635,#3041);
#1897=LINE('',#13637,#3042);
#1898=LINE('',#13639,#3043);
#1899=LINE('',#13641,#3044);
#1900=LINE('',#13642,#3045);
#1901=LINE('',#13650,#3046);
#1902=LINE('',#13652,#3047);
#1903=LINE('',#13654,#3048);
#1904=LINE('',#13655,#3049);
#1905=LINE('',#13661,#3050);
#1906=LINE('',#13663,#3051);
#1907=LINE('',#13665,#3052);
#1908=LINE('',#13666,#3053);
#1909=LINE('',#13672,#3054);
#1910=LINE('',#13674,#3055);
#1911=LINE('',#13676,#3056);
#1912=LINE('',#13678,#3057);
#1913=LINE('',#13680,#3058);
#1914=LINE('',#13717,#3059);
#1915=LINE('',#13719,#3060);
#1916=LINE('',#13721,#3061);
#1917=LINE('',#13725,#3062);
#1918=LINE('',#13726,#3063);
#1919=LINE('',#13730,#3064);
#1920=LINE('',#13732,#3065);
#1921=LINE('',#13734,#3066);
#1922=LINE('',#13736,#3067);
#1923=LINE('',#13738,#3068);
#1924=LINE('',#13740,#3069);
#1925=LINE('',#13742,#3070);
#1926=LINE('',#13743,#3071);
#1927=LINE('',#13746,#3072);
#1928=LINE('',#13748,#3073);
#1929=LINE('',#13750,#3074);
#1930=LINE('',#13752,#3075);
#1931=LINE('',#13754,#3076);
#1932=LINE('',#13756,#3077);
#1933=LINE('',#13758,#3078);
#1934=LINE('',#13760,#3079);
#1935=LINE('',#13762,#3080);
#1936=LINE('',#13764,#3081);
#1937=LINE('',#13766,#3082);
#1938=LINE('',#13768,#3083);
#1939=LINE('',#13770,#3084);
#1940=LINE('',#13772,#3085);
#1941=LINE('',#13774,#3086);
#1942=LINE('',#13776,#3087);
#1943=LINE('',#13778,#3088);
#1944=LINE('',#13780,#3089);
#1945=LINE('',#13782,#3090);
#1946=LINE('',#13784,#3091);
#1947=LINE('',#13786,#3092);
#1948=LINE('',#13788,#3093);
#1949=LINE('',#13790,#3094);
#1950=LINE('',#13792,#3095);
#1951=LINE('',#13794,#3096);
#1952=LINE('',#13796,#3097);
#1953=LINE('',#13798,#3098);
#1954=LINE('',#13800,#3099);
#1955=LINE('',#13802,#3100);
#1956=LINE('',#13804,#3101);
#1957=LINE('',#13805,#3102);
#1958=LINE('',#13808,#3103);
#1959=LINE('',#13810,#3104);
#1960=LINE('',#13811,#3105);
#1961=LINE('',#13814,#3106);
#1962=LINE('',#13815,#3107);
#1963=LINE('',#13818,#3108);
#1964=LINE('',#13819,#3109);
#1965=LINE('',#13822,#3110);
#1966=LINE('',#13823,#3111);
#1967=LINE('',#13828,#3112);
#1968=LINE('',#13829,#3113);
#1969=LINE('',#13832,#3114);
#1970=LINE('',#13833,#3115);
#1971=LINE('',#13836,#3116);
#1972=LINE('',#13837,#3117);
#1973=LINE('',#13840,#3118);
#1974=LINE('',#13842,#3119);
#1975=LINE('',#13843,#3120);
#1976=LINE('',#13846,#3121);
#1977=LINE('',#13847,#3122);
#1978=LINE('',#13850,#3123);
#1979=LINE('',#13851,#3124);
#1980=LINE('',#13854,#3125);
#1981=LINE('',#13855,#3126);
#1982=LINE('',#13858,#3127);
#1983=LINE('',#13859,#3128);
#1984=LINE('',#13862,#3129);
#1985=LINE('',#13863,#3130);
#1986=LINE('',#13866,#3131);
#1987=LINE('',#13868,#3132);
#1988=LINE('',#13869,#3133);
#1989=LINE('',#13872,#3134);
#1990=LINE('',#13873,#3135);
#1991=LINE('',#13876,#3136);
#1992=LINE('',#13877,#3137);
#1993=LINE('',#13880,#3138);
#1994=LINE('',#13881,#3139);
#1995=LINE('',#13884,#3140);
#1996=LINE('',#13885,#3141);
#1997=LINE('',#13890,#3142);
#1998=LINE('',#13891,#3143);
#1999=LINE('',#13894,#3144);
#2000=LINE('',#13895,#3145);
#2001=LINE('',#13898,#3146);
#2002=LINE('',#13899,#3147);
#2003=LINE('',#13902,#3148);
#2004=LINE('',#13904,#3149);
#2005=LINE('',#13905,#3150);
#2006=LINE('',#13908,#3151);
#2007=LINE('',#13909,#3152);
#2008=LINE('',#13912,#3153);
#2009=LINE('',#13914,#3154);
#2010=LINE('',#13916,#3155);
#2011=LINE('',#13918,#3156);
#2012=LINE('',#13919,#3157);
#2013=LINE('',#13920,#3158);
#2014=LINE('',#13922,#3159);
#2015=LINE('',#13926,#3160);
#2016=LINE('',#13928,#3161);
#2017=LINE('',#13929,#3162);
#2018=LINE('',#13931,#3163);
#2019=LINE('',#13932,#3164);
#2020=LINE('',#13935,#3165);
#2021=LINE('',#13936,#3166);
#2022=LINE('',#13939,#3167);
#2023=LINE('',#13940,#3168);
#2024=LINE('',#13942,#3169);
#2025=LINE('',#13943,#3170);
#2026=LINE('',#13946,#3171);
#2027=LINE('',#13947,#3172);
#2028=LINE('',#13950,#3173);
#2029=LINE('',#13951,#3174);
#2030=LINE('',#13954,#3175);
#2031=LINE('',#13955,#3176);
#2032=LINE('',#13956,#3177);
#2033=LINE('',#13957,#3178);
#2034=LINE('',#13959,#3179);
#2035=LINE('',#13961,#3180);
#2036=LINE('',#13962,#3181);
#2037=LINE('',#13965,#3182);
#2038=LINE('',#13966,#3183);
#2039=LINE('',#13969,#3184);
#2040=LINE('',#13970,#3185);
#2041=LINE('',#13972,#3186);
#2042=LINE('',#13975,#3187);
#2043=LINE('',#13976,#3188);
#2044=LINE('',#13978,#3189);
#2045=LINE('',#13979,#3190);
#2046=LINE('',#13980,#3191);
#2047=LINE('',#13981,#3192);
#2048=LINE('',#13984,#3193);
#2049=LINE('',#14019,#3194);
#2050=LINE('',#14025,#3195);
#2051=LINE('',#14031,#3196);
#2052=LINE('',#14037,#3197);
#2053=LINE('',#14042,#3198);
#2054=LINE('',#14047,#3199);
#2055=LINE('',#14052,#3200);
#2056=LINE('',#14057,#3201);
#2057=LINE('',#14065,#3202);
#2058=LINE('',#14070,#3203);
#2059=LINE('',#14075,#3204);
#2060=LINE('',#14077,#3205);
#2061=LINE('',#14082,#3206);
#2062=LINE('',#14087,#3207);
#2063=LINE('',#14092,#3208);
#2064=LINE('',#14097,#3209);
#2065=LINE('',#14102,#3210);
#2066=LINE('',#14104,#3211);
#2067=LINE('',#14106,#3212);
#2068=LINE('',#14107,#3213);
#2069=LINE('',#14111,#3214);
#2070=LINE('',#14113,#3215);
#2071=LINE('',#14115,#3216);
#2072=LINE('',#14116,#3217);
#2073=LINE('',#14120,#3218);
#2074=LINE('',#14122,#3219);
#2075=LINE('',#14125,#3220);
#2076=LINE('',#14128,#3221);
#2077=LINE('',#14130,#3222);
#2078=LINE('',#14132,#3223);
#2079=LINE('',#14133,#3224);
#2080=LINE('',#14137,#3225);
#2081=LINE('',#14138,#3226);
#2082=LINE('',#14140,#3227);
#2083=LINE('',#14142,#3228);
#2084=LINE('',#14144,#3229);
#2085=LINE('',#14146,#3230);
#2086=LINE('',#14148,#3231);
#2087=LINE('',#14150,#3232);
#2088=LINE('',#14151,#3233);
#2089=LINE('',#14153,#3234);
#2090=LINE('',#14155,#3235);
#2091=LINE('',#14157,#3236);
#2092=LINE('',#14159,#3237);
#2093=LINE('',#14160,#3238);
#2094=LINE('',#14162,#3239);
#2095=LINE('',#14164,#3240);
#2096=LINE('',#14166,#3241);
#2097=LINE('',#14168,#3242);
#2098=LINE('',#14170,#3243);
#2099=LINE('',#14172,#3244);
#2100=LINE('',#14173,#3245);
#2101=LINE('',#14176,#3246);
#2102=LINE('',#14178,#3247);
#2103=LINE('',#14180,#3248);
#2104=LINE('',#14181,#3249);
#2105=LINE('',#14184,#3250);
#2106=LINE('',#14186,#3251);
#2107=LINE('',#14188,#3252);
#2108=LINE('',#14190,#3253);
#2109=LINE('',#14191,#3254);
#2110=LINE('',#14193,#3255);
#2111=LINE('',#14194,#3256);
#2112=LINE('',#14202,#3257);
#2113=LINE('',#14203,#3258);
#2114=LINE('',#14204,#3259);
#2115=LINE('',#14207,#3260);
#2116=LINE('',#14208,#3261);
#2117=LINE('',#14212,#3262);
#2118=LINE('',#14214,#3263);
#2119=LINE('',#14216,#3264);
#2120=LINE('',#14217,#3265);
#2121=LINE('',#14220,#3266);
#2122=LINE('',#14222,#3267);
#2123=LINE('',#14223,#3268);
#2124=LINE('',#14226,#3269);
#2125=LINE('',#14228,#3270);
#2126=LINE('',#14229,#3271);
#2127=LINE('',#14232,#3272);
#2128=LINE('',#14234,#3273);
#2129=LINE('',#14235,#3274);
#2130=LINE('',#14240,#3275);
#2131=LINE('',#14242,#3276);
#2132=LINE('',#14243,#3277);
#2133=LINE('',#14246,#3278);
#2134=LINE('',#14248,#3279);
#2135=LINE('',#14249,#3280);
#2136=LINE('',#14252,#3281);
#2137=LINE('',#14254,#3282);
#2138=LINE('',#14255,#3283);
#2139=LINE('',#14258,#3284);
#2140=LINE('',#14259,#3285);
#2141=LINE('',#14261,#3286);
#2142=LINE('',#14263,#3287);
#2143=LINE('',#14264,#3288);
#2144=LINE('',#14267,#3289);
#2145=LINE('',#14268,#3290);
#2146=LINE('',#14271,#3291);
#2147=LINE('',#14272,#3292);
#2148=LINE('',#14275,#3293);
#2149=LINE('',#14276,#3294);
#2150=LINE('',#14279,#3295);
#2151=LINE('',#14280,#3296);
#2152=LINE('',#14283,#3297);
#2153=LINE('',#14284,#3298);
#2154=LINE('',#14287,#3299);
#2155=LINE('',#14289,#3300);
#2156=LINE('',#14291,#3301);
#2157=LINE('',#14293,#3302);
#2158=LINE('',#14294,#3303);
#2159=LINE('',#14297,#3304);
#2160=LINE('',#14299,#3305);
#2161=LINE('',#14300,#3306);
#2162=LINE('',#14303,#3307);
#2163=LINE('',#14305,#3308);
#2164=LINE('',#14306,#3309);
#2165=LINE('',#14309,#3310);
#2166=LINE('',#14311,#3311);
#2167=LINE('',#14312,#3312);
#2168=LINE('',#14315,#3313);
#2169=LINE('',#14317,#3314);
#2170=LINE('',#14318,#3315);
#2171=LINE('',#14323,#3316);
#2172=LINE('',#14325,#3317);
#2173=LINE('',#14326,#3318);
#2174=LINE('',#14329,#3319);
#2175=LINE('',#14331,#3320);
#2176=LINE('',#14332,#3321);
#2177=LINE('',#14335,#3322);
#2178=LINE('',#14337,#3323);
#2179=LINE('',#14338,#3324);
#2180=LINE('',#14341,#3325);
#2181=LINE('',#14342,#3326);
#2182=LINE('',#14344,#3327);
#2183=LINE('',#14346,#3328);
#2184=LINE('',#14347,#3329);
#2185=LINE('',#14349,#3330);
#2186=LINE('',#14352,#3331);
#2187=LINE('',#14354,#3332);
#2188=LINE('',#14358,#3333);
#2189=LINE('',#14359,#3334);
#2190=LINE('',#14362,#3335);
#2191=LINE('',#14363,#3336);
#2192=LINE('',#14365,#3337);
#2193=LINE('',#14366,#3338);
#2194=LINE('',#14368,#3339);
#2195=LINE('',#14369,#3340);
#2196=LINE('',#14371,#3341);
#2197=LINE('',#14373,#3342);
#2198=LINE('',#14374,#3343);
#2199=LINE('',#14376,#3344);
#2200=LINE('',#14377,#3345);
#2201=LINE('',#14379,#3346);
#2202=LINE('',#14382,#3347);
#2203=LINE('',#14383,#3348);
#2204=LINE('',#14384,#3349);
#2205=LINE('',#14391,#3350);
#2206=LINE('',#14392,#3351);
#2207=LINE('',#14393,#3352);
#2208=LINE('',#14395,#3353);
#2209=LINE('',#14398,#3354);
#2210=LINE('',#14399,#3355);
#2211=LINE('',#14403,#3356);
#2212=LINE('',#14406,#3357);
#2213=LINE('',#14410,#3358);
#2214=LINE('',#14411,#3359);
#2215=LINE('',#14414,#3360);
#2216=LINE('',#14416,#3361);
#2217=LINE('',#14418,#3362);
#2218=LINE('',#14420,#3363);
#2219=LINE('',#14421,#3364);
#2220=LINE('',#14423,#3365);
#2221=LINE('',#14424,#3366);
#2222=LINE('',#14427,#3367);
#2223=LINE('',#14429,#3368);
#2224=LINE('',#14433,#3369);
#2225=LINE('',#14435,#3370);
#2226=LINE('',#14437,#3371);
#2227=LINE('',#14439,#3372);
#2228=LINE('',#14440,#3373);
#2229=LINE('',#14442,#3374);
#2230=LINE('',#14444,#3375);
#2231=LINE('',#14445,#3376);
#2232=LINE('',#14448,#3377);
#2233=LINE('',#14451,#3378);
#2234=LINE('',#14456,#3379);
#2235=LINE('',#14461,#3380);
#2236=LINE('',#14463,#3381);
#2237=LINE('',#14465,#3382);
#2238=LINE('',#14467,#3383);
#2239=LINE('',#14472,#3384);
#2240=LINE('',#14474,#3385);
#2241=LINE('',#14476,#3386);
#2242=LINE('',#14478,#3387);
#2243=LINE('',#14480,#3388);
#2244=LINE('',#14482,#3389);
#2245=LINE('',#14484,#3390);
#2246=LINE('',#14486,#3391);
#2247=LINE('',#14488,#3392);
#2248=LINE('',#14490,#3393);
#2249=LINE('',#14492,#3394);
#2250=LINE('',#14493,#3395);
#2251=LINE('',#14503,#3396);
#2252=LINE('',#14505,#3397);
#2253=LINE('',#14507,#3398);
#2254=LINE('',#14509,#3399);
#2255=LINE('',#14511,#3400);
#2256=LINE('',#14513,#3401);
#2257=LINE('',#14515,#3402);
#2258=LINE('',#14517,#3403);
#2259=LINE('',#14519,#3404);
#2260=LINE('',#14521,#3405);
#2261=LINE('',#14523,#3406);
#2262=LINE('',#14524,#3407);
#2263=LINE('',#14532,#3408);
#2264=LINE('',#14533,#3409);
#2265=LINE('',#14535,#3410);
#2266=LINE('',#14537,#3411);
#2267=LINE('',#14539,#3412);
#2268=LINE('',#14541,#3413);
#2269=LINE('',#14543,#3414);
#2270=LINE('',#14545,#3415);
#2271=LINE('',#14547,#3416);
#2272=LINE('',#14549,#3417);
#2273=LINE('',#14551,#3418);
#2274=LINE('',#14553,#3419);
#2275=LINE('',#14556,#3420);
#2276=LINE('',#14558,#3421);
#2277=LINE('',#14560,#3422);
#2278=LINE('',#14565,#3423);
#2279=LINE('',#14567,#3424);
#2280=LINE('',#14569,#3425);
#2281=LINE('',#14570,#3426);
#2282=LINE('',#14573,#3427);
#2283=LINE('',#14575,#3428);
#2284=LINE('',#14576,#3429);
#2285=LINE('',#14579,#3430);
#2286=LINE('',#14581,#3431);
#2287=LINE('',#14582,#3432);
#2288=LINE('',#14585,#3433);
#2289=LINE('',#14587,#3434);
#2290=LINE('',#14588,#3435);
#2291=LINE('',#14591,#3436);
#2292=LINE('',#14593,#3437);
#2293=LINE('',#14594,#3438);
#2294=LINE('',#14597,#3439);
#2295=LINE('',#14599,#3440);
#2296=LINE('',#14600,#3441);
#2297=LINE('',#14603,#3442);
#2298=LINE('',#14605,#3443);
#2299=LINE('',#14606,#3444);
#2300=LINE('',#14609,#3445);
#2301=LINE('',#14611,#3446);
#2302=LINE('',#14612,#3447);
#2303=LINE('',#14615,#3448);
#2304=LINE('',#14617,#3449);
#2305=LINE('',#14618,#3450);
#2306=LINE('',#14621,#3451);
#2307=LINE('',#14623,#3452);
#2308=LINE('',#14624,#3453);
#2309=LINE('',#14627,#3454);
#2310=LINE('',#14629,#3455);
#2311=LINE('',#14630,#3456);
#2312=LINE('',#14633,#3457);
#2313=LINE('',#14635,#3458);
#2314=LINE('',#14636,#3459);
#2315=LINE('',#14639,#3460);
#2316=LINE('',#14641,#3461);
#2317=LINE('',#14642,#3462);
#2318=LINE('',#14645,#3463);
#2319=LINE('',#14647,#3464);
#2320=LINE('',#14648,#3465);
#2321=LINE('',#14651,#3466);
#2322=LINE('',#14653,#3467);
#2323=LINE('',#14654,#3468);
#2324=LINE('',#14657,#3469);
#2325=LINE('',#14659,#3470);
#2326=LINE('',#14660,#3471);
#2327=LINE('',#14663,#3472);
#2328=LINE('',#14665,#3473);
#2329=LINE('',#14666,#3474);
#2330=LINE('',#14669,#3475);
#2331=LINE('',#14671,#3476);
#2332=LINE('',#14672,#3477);
#2333=LINE('',#14675,#3478);
#2334=LINE('',#14677,#3479);
#2335=LINE('',#14678,#3480);
#2336=LINE('',#14681,#3481);
#2337=LINE('',#14683,#3482);
#2338=LINE('',#14684,#3483);
#2339=LINE('',#14687,#3484);
#2340=LINE('',#14689,#3485);
#2341=LINE('',#14690,#3486);
#2342=LINE('',#14693,#3487);
#2343=LINE('',#14695,#3488);
#2344=LINE('',#14696,#3489);
#2345=LINE('',#14699,#3490);
#2346=LINE('',#14701,#3491);
#2347=LINE('',#14702,#3492);
#2348=LINE('',#14704,#3493);
#2349=LINE('',#14705,#3494);
#2350=LINE('',#14712,#3495);
#2351=LINE('',#14714,#3496);
#2352=LINE('',#14716,#3497);
#2353=LINE('',#14717,#3498);
#2354=LINE('',#14720,#3499);
#2355=LINE('',#14722,#3500);
#2356=LINE('',#14723,#3501);
#2357=LINE('',#14726,#3502);
#2358=LINE('',#14728,#3503);
#2359=LINE('',#14729,#3504);
#2360=LINE('',#14732,#3505);
#2361=LINE('',#14734,#3506);
#2362=LINE('',#14735,#3507);
#2363=LINE('',#14738,#3508);
#2364=LINE('',#14740,#3509);
#2365=LINE('',#14741,#3510);
#2366=LINE('',#14744,#3511);
#2367=LINE('',#14746,#3512);
#2368=LINE('',#14747,#3513);
#2369=LINE('',#14750,#3514);
#2370=LINE('',#14752,#3515);
#2371=LINE('',#14753,#3516);
#2372=LINE('',#14756,#3517);
#2373=LINE('',#14758,#3518);
#2374=LINE('',#14759,#3519);
#2375=LINE('',#14762,#3520);
#2376=LINE('',#14764,#3521);
#2377=LINE('',#14765,#3522);
#2378=LINE('',#14768,#3523);
#2379=LINE('',#14770,#3524);
#2380=LINE('',#14771,#3525);
#2381=LINE('',#14774,#3526);
#2382=LINE('',#14776,#3527);
#2383=LINE('',#14777,#3528);
#2384=LINE('',#14780,#3529);
#2385=LINE('',#14782,#3530);
#2386=LINE('',#14783,#3531);
#2387=LINE('',#14786,#3532);
#2388=LINE('',#14788,#3533);
#2389=LINE('',#14789,#3534);
#2390=LINE('',#14794,#3535);
#2391=LINE('',#14798,#3536);
#2392=LINE('',#14800,#3537);
#2393=LINE('',#14801,#3538);
#2394=LINE('',#14804,#3539);
#2395=LINE('',#14806,#3540);
#2396=LINE('',#14807,#3541);
#2397=LINE('',#14810,#3542);
#2398=LINE('',#14812,#3543);
#2399=LINE('',#14813,#3544);
#2400=LINE('',#14816,#3545);
#2401=LINE('',#14818,#3546);
#2402=LINE('',#14819,#3547);
#2403=LINE('',#14822,#3548);
#2404=LINE('',#14824,#3549);
#2405=LINE('',#14825,#3550);
#2406=LINE('',#14828,#3551);
#2407=LINE('',#14830,#3552);
#2408=LINE('',#14831,#3553);
#2409=LINE('',#14834,#3554);
#2410=LINE('',#14836,#3555);
#2411=LINE('',#14837,#3556);
#2412=LINE('',#14840,#3557);
#2413=LINE('',#14842,#3558);
#2414=LINE('',#14843,#3559);
#2415=LINE('',#14846,#3560);
#2416=LINE('',#14848,#3561);
#2417=LINE('',#14849,#3562);
#2418=LINE('',#14852,#3563);
#2419=LINE('',#14854,#3564);
#2420=LINE('',#14855,#3565);
#2421=LINE('',#14858,#3566);
#2422=LINE('',#14860,#3567);
#2423=LINE('',#14861,#3568);
#2424=LINE('',#14864,#3569);
#2425=LINE('',#14866,#3570);
#2426=LINE('',#14867,#3571);
#2427=LINE('',#14870,#3572);
#2428=LINE('',#14872,#3573);
#2429=LINE('',#14873,#3574);
#2430=LINE('',#14876,#3575);
#2431=LINE('',#14878,#3576);
#2432=LINE('',#14879,#3577);
#2433=LINE('',#14882,#3578);
#2434=LINE('',#14884,#3579);
#2435=LINE('',#14885,#3580);
#2436=LINE('',#14890,#3581);
#2437=LINE('',#14894,#3582);
#2438=LINE('',#14896,#3583);
#2439=LINE('',#14897,#3584);
#2440=LINE('',#14900,#3585);
#2441=LINE('',#14902,#3586);
#2442=LINE('',#14903,#3587);
#2443=LINE('',#14906,#3588);
#2444=LINE('',#14908,#3589);
#2445=LINE('',#14909,#3590);
#2446=LINE('',#14912,#3591);
#2447=LINE('',#14914,#3592);
#2448=LINE('',#14915,#3593);
#2449=LINE('',#14918,#3594);
#2450=LINE('',#14920,#3595);
#2451=LINE('',#14921,#3596);
#2452=LINE('',#14924,#3597);
#2453=LINE('',#14926,#3598);
#2454=LINE('',#14927,#3599);
#2455=LINE('',#14930,#3600);
#2456=LINE('',#14932,#3601);
#2457=LINE('',#14933,#3602);
#2458=LINE('',#14936,#3603);
#2459=LINE('',#14938,#3604);
#2460=LINE('',#14939,#3605);
#2461=LINE('',#14942,#3606);
#2462=LINE('',#14944,#3607);
#2463=LINE('',#14945,#3608);
#2464=LINE('',#14948,#3609);
#2465=LINE('',#14950,#3610);
#2466=LINE('',#14951,#3611);
#2467=LINE('',#14954,#3612);
#2468=LINE('',#14956,#3613);
#2469=LINE('',#14957,#3614);
#2470=LINE('',#14960,#3615);
#2471=LINE('',#14962,#3616);
#2472=LINE('',#14963,#3617);
#2473=LINE('',#14966,#3618);
#2474=LINE('',#14968,#3619);
#2475=LINE('',#14969,#3620);
#2476=LINE('',#14972,#3621);
#2477=LINE('',#14974,#3622);
#2478=LINE('',#14975,#3623);
#2479=LINE('',#14978,#3624);
#2480=LINE('',#14980,#3625);
#2481=LINE('',#14981,#3626);
#2482=LINE('',#14986,#3627);
#2483=LINE('',#14990,#3628);
#2484=LINE('',#14992,#3629);
#2485=LINE('',#14993,#3630);
#2486=LINE('',#14996,#3631);
#2487=LINE('',#14998,#3632);
#2488=LINE('',#14999,#3633);
#2489=LINE('',#15002,#3634);
#2490=LINE('',#15004,#3635);
#2491=LINE('',#15005,#3636);
#2492=LINE('',#15008,#3637);
#2493=LINE('',#15010,#3638);
#2494=LINE('',#15011,#3639);
#2495=LINE('',#15014,#3640);
#2496=LINE('',#15016,#3641);
#2497=LINE('',#15017,#3642);
#2498=LINE('',#15020,#3643);
#2499=LINE('',#15022,#3644);
#2500=LINE('',#15023,#3645);
#2501=LINE('',#15026,#3646);
#2502=LINE('',#15028,#3647);
#2503=LINE('',#15029,#3648);
#2504=LINE('',#15032,#3649);
#2505=LINE('',#15034,#3650);
#2506=LINE('',#15035,#3651);
#2507=LINE('',#15038,#3652);
#2508=LINE('',#15040,#3653);
#2509=LINE('',#15041,#3654);
#2510=LINE('',#15044,#3655);
#2511=LINE('',#15046,#3656);
#2512=LINE('',#15047,#3657);
#2513=LINE('',#15050,#3658);
#2514=LINE('',#15052,#3659);
#2515=LINE('',#15053,#3660);
#2516=LINE('',#15056,#3661);
#2517=LINE('',#15058,#3662);
#2518=LINE('',#15059,#3663);
#2519=LINE('',#15062,#3664);
#2520=LINE('',#15064,#3665);
#2521=LINE('',#15065,#3666);
#2522=LINE('',#15068,#3667);
#2523=LINE('',#15070,#3668);
#2524=LINE('',#15071,#3669);
#2525=LINE('',#15074,#3670);
#2526=LINE('',#15076,#3671);
#2527=LINE('',#15077,#3672);
#2528=LINE('',#15082,#3673);
#2529=LINE('',#15086,#3674);
#2530=LINE('',#15088,#3675);
#2531=LINE('',#15089,#3676);
#2532=LINE('',#15091,#3677);
#2533=LINE('',#15092,#3678);
#2534=LINE('',#15096,#3679);
#2535=LINE('',#15100,#3680);
#2536=LINE('',#15102,#3681);
#2537=LINE('',#15103,#3682);
#2538=LINE('',#15106,#3683);
#2539=LINE('',#15110,#3684);
#2540=LINE('',#15112,#3685);
#2541=LINE('',#15113,#3686);
#2542=LINE('',#15116,#3687);
#2543=LINE('',#15120,#3688);
#2544=LINE('',#15122,#3689);
#2545=LINE('',#15123,#3690);
#2546=LINE('',#15126,#3691);
#2547=LINE('',#15130,#3692);
#2548=LINE('',#15132,#3693);
#2549=LINE('',#15133,#3694);
#2550=LINE('',#15141,#3695);
#2551=LINE('',#15143,#3696);
#2552=LINE('',#15145,#3697);
#2553=LINE('',#15146,#3698);
#2554=LINE('',#15151,#3699);
#2555=LINE('',#15153,#3700);
#2556=LINE('',#15155,#3701);
#2557=LINE('',#15156,#3702);
#2558=LINE('',#15161,#3703);
#2559=LINE('',#15163,#3704);
#2560=LINE('',#15165,#3705);
#2561=LINE('',#15166,#3706);
#2562=LINE('',#15171,#3707);
#2563=LINE('',#15173,#3708);
#2564=LINE('',#15175,#3709);
#2565=LINE('',#15176,#3710);
#2566=LINE('',#15180,#3711);
#2567=LINE('',#15182,#3712);
#2568=LINE('',#15183,#3713);
#2569=LINE('',#15185,#3714);
#2570=LINE('',#15187,#3715);
#2571=LINE('',#15189,#3716);
#2572=LINE('',#15192,#3717);
#2573=LINE('',#15193,#3718);
#2574=LINE('',#15195,#3719);
#2575=LINE('',#15197,#3720);
#2576=LINE('',#15199,#3721);
#2577=LINE('',#15202,#3722);
#2578=LINE('',#15203,#3723);
#2579=LINE('',#15205,#3724);
#2580=LINE('',#15207,#3725);
#2581=LINE('',#15209,#3726);
#2582=LINE('',#15212,#3727);
#2583=LINE('',#15213,#3728);
#2584=LINE('',#15215,#3729);
#2585=LINE('',#15217,#3730);
#2586=LINE('',#15219,#3731);
#2587=LINE('',#15225,#3732);
#2588=LINE('',#15227,#3733);
#2589=LINE('',#15229,#3734);
#2590=LINE('',#15230,#3735);
#2591=LINE('',#15233,#3736);
#2592=LINE('',#15235,#3737);
#2593=LINE('',#15236,#3738);
#2594=LINE('',#15239,#3739);
#2595=LINE('',#15241,#3740);
#2596=LINE('',#15242,#3741);
#2597=LINE('',#15245,#3742);
#2598=LINE('',#15247,#3743);
#2599=LINE('',#15248,#3744);
#2600=LINE('',#15251,#3745);
#2601=LINE('',#15253,#3746);
#2602=LINE('',#15254,#3747);
#2603=LINE('',#15257,#3748);
#2604=LINE('',#15259,#3749);
#2605=LINE('',#15260,#3750);
#2606=LINE('',#15263,#3751);
#2607=LINE('',#15265,#3752);
#2608=LINE('',#15266,#3753);
#2609=LINE('',#15268,#3754);
#2610=LINE('',#15269,#3755);
#2611=LINE('',#15284,#3756);
#2612=LINE('',#15289,#3757);
#2613=LINE('',#15294,#3758);
#2614=LINE('',#15299,#3759);
#2615=LINE('',#15303,#3760);
#2616=LINE('',#15310,#3761);
#2617=LINE('',#15319,#3762);
#2618=LINE('',#15325,#3763);
#2619=LINE('',#15330,#3764);
#2620=LINE('',#15332,#3765);
#2621=LINE('',#15334,#3766);
#2622=LINE('',#15336,#3767);
#2623=LINE('',#15338,#3768);
#2624=LINE('',#15340,#3769);
#2625=LINE('',#15342,#3770);
#2626=LINE('',#15344,#3771);
#2627=LINE('',#15346,#3772);
#2628=LINE('',#15348,#3773);
#2629=LINE('',#15350,#3774);
#2630=LINE('',#15352,#3775);
#2631=LINE('',#15354,#3776);
#2632=LINE('',#15355,#3777);
#2633=LINE('',#15359,#3778);
#2634=LINE('',#15360,#3779);
#2635=LINE('',#15361,#3780);
#2636=LINE('',#15364,#3781);
#2637=LINE('',#15366,#3782);
#2638=LINE('',#15367,#3783);
#2639=LINE('',#15370,#3784);
#2640=LINE('',#15372,#3785);
#2641=LINE('',#15374,#3786);
#2642=LINE('',#15376,#3787);
#2643=LINE('',#15378,#3788);
#2644=LINE('',#15380,#3789);
#2645=LINE('',#15382,#3790);
#2646=LINE('',#15384,#3791);
#2647=LINE('',#15386,#3792);
#2648=LINE('',#15388,#3793);
#2649=LINE('',#15389,#3794);
#2650=LINE('',#15406,#3795);
#2651=LINE('',#15407,#3796);
#2652=LINE('',#15408,#3797);
#2653=LINE('',#15411,#3798);
#2654=LINE('',#15412,#3799);
#2655=LINE('',#15415,#3800);
#2656=LINE('',#15416,#3801);
#2657=LINE('',#15419,#3802);
#2658=LINE('',#15420,#3803);
#2659=LINE('',#15423,#3804);
#2660=LINE('',#15424,#3805);
#2661=LINE('',#15427,#3806);
#2662=LINE('',#15428,#3807);
#2663=LINE('',#15431,#3808);
#2664=LINE('',#15432,#3809);
#2665=LINE('',#15435,#3810);
#2666=LINE('',#15436,#3811);
#2667=LINE('',#15439,#3812);
#2668=LINE('',#15440,#3813);
#2669=LINE('',#15443,#3814);
#2670=LINE('',#15444,#3815);
#2671=LINE('',#15446,#3816);
#2672=LINE('',#15450,#3817);
#2673=LINE('',#15451,#3818);
#2674=LINE('',#15454,#3819);
#2675=LINE('',#15455,#3820);
#2676=LINE('',#15458,#3821);
#2677=LINE('',#15460,#3822);
#2678=LINE('',#15462,#3823);
#2679=LINE('',#15464,#3824);
#2680=LINE('',#15466,#3825);
#2681=LINE('',#15468,#3826);
#2682=LINE('',#15469,#3827);
#2683=LINE('',#15481,#3828);
#2684=LINE('',#15483,#3829);
#2685=LINE('',#15485,#3830);
#2686=LINE('',#15487,#3831);
#2687=LINE('',#15489,#3832);
#2688=LINE('',#15491,#3833);
#2689=LINE('',#15494,#3834);
#2690=LINE('',#15496,#3835);
#2691=LINE('',#15498,#3836);
#2692=LINE('',#15500,#3837);
#2693=LINE('',#15504,#3838);
#2694=LINE('',#15509,#3839);
#2695=LINE('',#15514,#3840);
#2696=LINE('',#15519,#3841);
#2697=LINE('',#15525,#3842);
#2698=LINE('',#15532,#3843);
#2699=LINE('',#15538,#3844);
#2700=LINE('',#15542,#3845);
#2701=LINE('',#15545,#3846);
#2702=LINE('',#15547,#3847);
#2703=LINE('',#15561,#3848);
#2704=LINE('',#15563,#3849);
#2705=VECTOR('',#10363,10.);
#2706=VECTOR('',#10364,3.85000000000001);
#2707=VECTOR('',#10365,27.3);
#2708=VECTOR('',#10366,38.85);
#2709=VECTOR('',#10367,10.9544511501033);
#2710=VECTOR('',#10370,10.);
#2711=VECTOR('',#10371,9.);
#2712=VECTOR('',#10372,10.);
#2713=VECTOR('',#10375,13.8240997229917);
#2714=VECTOR('',#10376,3.14674615187794);
#2715=VECTOR('',#10377,11.3459941198022);
#2716=VECTOR('',#10378,8.06725650383707);
#2717=VECTOR('',#10379,6.00000000000004);
#2718=VECTOR('',#10380,10.);
#2719=VECTOR('',#10381,67.6999999999999);
#2720=VECTOR('',#10382,32.3);
#2721=VECTOR('',#10383,7.07106781186548);
#2722=VECTOR('',#10384,2.15);
#2723=VECTOR('',#10385,10.);
#2724=VECTOR('',#10386,7.15);
#2725=VECTOR('',#10389,8.06725650383707);
#2726=VECTOR('',#10390,10.2);
#2727=VECTOR('',#10391,8.06725650383706);
#2728=VECTOR('',#10392,10.2);
#2729=VECTOR('',#10395,10.2);
#2730=VECTOR('',#10396,8.06725650383707);
#2731=VECTOR('',#10397,10.2);
#2732=VECTOR('',#10402,10.2);
#2733=VECTOR('',#10403,10.2);
#2734=VECTOR('',#10408,9.90000000000001);
#2735=VECTOR('',#10409,10.2);
#2736=VECTOR('',#10410,4.5);
#2737=VECTOR('',#10411,9.85139745680631);
#2738=VECTOR('',#10412,53.2);
#2739=VECTOR('',#10413,9.85139745680631);
#2740=VECTOR('',#10414,2.5);
#2741=VECTOR('',#10415,10.2);
#2742=VECTOR('',#10416,11.9);
#2743=VECTOR('',#10421,3.25);
#2744=VECTOR('',#10422,25.8);
#2745=VECTOR('',#10423,3.25);
#2746=VECTOR('',#10428,27.3);
#2747=VECTOR('',#10429,10.2);
#2748=VECTOR('',#10430,9.9);
#2749=VECTOR('',#10431,10.);
#2750=VECTOR('',#10432,66.);
#2751=VECTOR('',#10433,10.);
#2752=VECTOR('',#10434,9.9);
#2753=VECTOR('',#10435,27.3);
#2754=VECTOR('',#10436,10.2);
#2755=VECTOR('',#10437,27.3);
#2756=VECTOR('',#10438,25.8);
#2757=VECTOR('',#10441,8.85);
#2758=VECTOR('',#10442,10.2);
#2759=VECTOR('',#10443,2.14999999999999);
#2760=VECTOR('',#10444,1.);
#2761=VECTOR('',#10445,1.3);
#2762=VECTOR('',#10446,4.25);
#2763=VECTOR('',#10447,2.3);
#2764=VECTOR('',#10448,6.22253967444161);
#2765=VECTOR('',#10449,7.9);
#2766=VECTOR('',#10450,6.22253967444162);
#2767=VECTOR('',#10451,2.3);
#2768=VECTOR('',#10452,4.25);
#2769=VECTOR('',#10453,1.3);
#2770=VECTOR('',#10454,1.);
#2771=VECTOR('',#10455,1.00000000000001);
#2772=VECTOR('',#10456,25.8);
#2773=VECTOR('',#10457,0.999999999999999);
#2774=VECTOR('',#10458,1.);
#2775=VECTOR('',#10459,1.3);
#2776=VECTOR('',#10460,4.25);
#2777=VECTOR('',#10461,2.3);
#2778=VECTOR('',#10462,6.22253967444162);
#2779=VECTOR('',#10463,7.9);
#2780=VECTOR('',#10464,6.22253967444161);
#2781=VECTOR('',#10465,2.3);
#2782=VECTOR('',#10466,4.25);
#2783=VECTOR('',#10467,1.3);
#2784=VECTOR('',#10468,1.);
#2785=VECTOR('',#10469,10.2);
#2786=VECTOR('',#10470,8.85);
#2787=VECTOR('',#10473,10.);
#2788=VECTOR('',#10474,4.25);
#2789=VECTOR('',#10475,10.);
#2790=VECTOR('',#10478,10.);
#2791=VECTOR('',#10479,2.3);
#2792=VECTOR('',#10482,10.);
#2793=VECTOR('',#10483,6.22253967444161);
#2794=VECTOR('',#10486,10.);
#2795=VECTOR('',#10487,7.9);
#2796=VECTOR('',#10490,10.);
#2797=VECTOR('',#10491,6.22253967444162);
#2798=VECTOR('',#10494,10.);
#2799=VECTOR('',#10495,2.3);
#2800=VECTOR('',#10498,10.);
#2801=VECTOR('',#10499,4.25);
#2802=VECTOR('',#10502,10.);
#2803=VECTOR('',#10503,1.3);
#2804=VECTOR('',#10506,10.);
#2805=VECTOR('',#10507,1.);
#2806=VECTOR('',#10510,10.);
#2807=VECTOR('',#10511,0.999999999999999);
#2808=VECTOR('',#10514,10.);
#2809=VECTOR('',#10515,25.8);
#2810=VECTOR('',#10518,10.);
#2811=VECTOR('',#10519,1.00000000000001);
#2812=VECTOR('',#10522,10.);
#2813=VECTOR('',#10523,1.);
#2814=VECTOR('',#10526,10.);
#2815=VECTOR('',#10527,1.3);
#2816=VECTOR('',#10530,10.);
#2817=VECTOR('',#10531,4.25);
#2818=VECTOR('',#10534,10.);
#2819=VECTOR('',#10535,2.3);
#2820=VECTOR('',#10538,10.);
#2821=VECTOR('',#10539,6.22253967444162);
#2822=VECTOR('',#10542,10.);
#2823=VECTOR('',#10543,7.9);
#2824=VECTOR('',#10546,10.);
#2825=VECTOR('',#10547,6.22253967444161);
#2826=VECTOR('',#10550,10.);
#2827=VECTOR('',#10551,2.3);
#2828=VECTOR('',#10554,10.);
#2829=VECTOR('',#10555,4.25);
#2830=VECTOR('',#10558,10.);
#2831=VECTOR('',#10559,1.3);
#2832=VECTOR('',#10562,10.);
#2833=VECTOR('',#10563,1.);
#2834=VECTOR('',#10566,3.85000000000001);
#2835=VECTOR('',#10567,10.);
#2836=VECTOR('',#10568,7.14999999999999);
#2837=VECTOR('',#10569,7.07106781186547);
#2838=VECTOR('',#10570,32.3);
#2839=VECTOR('',#10571,67.6999999999999);
#2840=VECTOR('',#10572,10.);
#2841=VECTOR('',#10573,6.00000000000004);
#2842=VECTOR('',#10574,11.3459941198022);
#2843=VECTOR('',#10575,3.14674615187795);
#2844=VECTOR('',#10576,13.8240997229917);
#2845=VECTOR('',#10579,10.);
#2846=VECTOR('',#10580,9.);
#2847=VECTOR('',#10581,10.);
#2848=VECTOR('',#10584,10.9544511501033);
#2849=VECTOR('',#10585,38.85);
#2850=VECTOR('',#10588,10.);
#2851=VECTOR('',#10589,1.);
#2852=VECTOR('',#10592,1.3);
#2853=VECTOR('',#10595,12.9);
#2854=VECTOR('',#10596,6.85);
#2855=VECTOR('',#10597,3.);
#2856=VECTOR('',#10598,3.);
#2857=VECTOR('',#10599,3.);
#2858=VECTOR('',#10600,3.);
#2859=VECTOR('',#10601,6.85);
#2860=VECTOR('',#10602,12.9);
#2861=VECTOR('',#10605,7.07106781186547);
#2862=VECTOR('',#10606,10.2);
#2863=VECTOR('',#10609,32.3);
#2864=VECTOR('',#10610,10.2);
#2865=VECTOR('',#10613,67.6999999999999);
#2866=VECTOR('',#10616,13.8240997229917);
#2867=VECTOR('',#10617,10.);
#2868=VECTOR('',#10618,9.);
#2869=VECTOR('',#10619,10.);
#2870=VECTOR('',#10622,10.9544511501033);
#2871=VECTOR('',#10623,38.85);
#2872=VECTOR('',#10624,10.);
#2873=VECTOR('',#10625,25.42);
#2874=VECTOR('',#10626,4.08943411159477);
#2875=VECTOR('',#10627,8.5696386869476);
#2876=VECTOR('',#10628,11.3459941198022);
#2877=VECTOR('',#10629,7.86686537969486);
#2878=VECTOR('',#10630,6.00000000000004);
#2879=VECTOR('',#10633,67.6999999999999);
#2880=VECTOR('',#10634,10.2);
#2881=VECTOR('',#10637,32.3);
#2882=VECTOR('',#10638,10.2);
#2883=VECTOR('',#10641,7.07106781186547);
#2884=VECTOR('',#10644,13.8240997229917);
#2885=VECTOR('',#10645,8.56963868694761);
#2886=VECTOR('',#10646,4.08943411159477);
#2887=VECTOR('',#10647,25.42);
#2888=VECTOR('',#10648,10.);
#2889=VECTOR('',#10649,38.85);
#2890=VECTOR('',#10650,10.9544511501033);
#2891=VECTOR('',#10653,10.);
#2892=VECTOR('',#10654,9.);
#2893=VECTOR('',#10655,10.);
#2894=VECTOR('',#10658,7.86686537969486);
#2895=VECTOR('',#10659,11.3459941198022);
#2896=VECTOR('',#10660,6.00000000000004);
#2897=VECTOR('',#10663,10.2);
#2898=VECTOR('',#10664,10.2);
#2899=VECTOR('',#10667,10.2);
#2900=VECTOR('',#10670,10.2);
#2901=VECTOR('',#10673,10.2);
#2902=VECTOR('',#10676,10.2);
#2903=VECTOR('',#10679,10.2);
#2904=VECTOR('',#10682,10.2);
#2905=VECTOR('',#10687,10.2);
#2906=VECTOR('',#10688,10.2);
#2907=VECTOR('',#10691,10.2);
#2908=VECTOR('',#10694,10.2);
#2909=VECTOR('',#10699,10.2);
#2910=VECTOR('',#10702,10.2);
#2911=VECTOR('',#10707,10.);
#2912=VECTOR('',#10708,2.5);
#2913=VECTOR('',#10711,4.5);
#2914=VECTOR('',#10712,10.);
#2915=VECTOR('',#10715,53.2);
#2916=VECTOR('',#10718,53.2);
#2917=VECTOR('',#10723,1.13383277101994);
#2918=VECTOR('',#10724,53.2);
#2919=VECTOR('',#10725,1.13383277101994);
#2920=VECTOR('',#10730,53.2);
#2921=VECTOR('',#10735,10.2);
#2922=VECTOR('',#10736,26.1399245236718);
#2923=VECTOR('',#10737,26.1399245236718);
#2924=VECTOR('',#10738,10.2);
#2925=VECTOR('',#10739,10.2);
#2926=VECTOR('',#10740,25.8);
#2927=VECTOR('',#10741,10.2);
#2928=VECTOR('',#10750,53.2);
#2929=VECTOR('',#10755,37.4251896075365);
#2930=VECTOR('',#10756,37.4251896075365);
#2931=VECTOR('',#10763,25.8);
#2932=VECTOR('',#10764,25.8);
#2933=VECTOR('',#10775,1.35);
#2934=VECTOR('',#10780,1.35);
#2935=VECTOR('',#10785,1.35);
#2936=VECTOR('',#10792,2.5);
#2937=VECTOR('',#10799,2.5);
#2938=VECTOR('',#10812,12.9);
#2939=VECTOR('',#10813,6.85);
#2940=VECTOR('',#10814,3.);
#2941=VECTOR('',#10815,3.);
#2942=VECTOR('',#10818,10.);
#2943=VECTOR('',#10821,10.);
#2944=VECTOR('',#10822,10.);
#2945=VECTOR('',#10829,12.9);
#2946=VECTOR('',#10830,10.);
#2947=VECTOR('',#10833,3.);
#2948=VECTOR('',#10834,3.);
#2949=VECTOR('',#10835,6.85);
#2950=VECTOR('',#10838,10.);
#2951=VECTOR('',#10841,10.);
#2952=VECTOR('',#10850,78.9999999999999);
#2953=VECTOR('',#10853,50.);
#2954=VECTOR('',#10856,78.9999999999999);
#2955=VECTOR('',#10859,50.);
#2956=VECTOR('',#10860,51.5027682192756);
#2957=VECTOR('',#10861,12.7575664396371);
#2958=VECTOR('',#10862,51.5027682192756);
#2959=VECTOR('',#10863,12.7575664396371);
#2960=VECTOR('',#10864,4.34852715575911);
#2961=VECTOR('',#10865,50.8870199078193);
#2962=VECTOR('',#10866,4.34852715575911);
#2963=VECTOR('',#10867,50.8870199078193);
#2964=VECTOR('',#10868,5.27374569953764);
#2965=VECTOR('',#10869,33.5854331391607);
#2966=VECTOR('',#10870,5.27374569953764);
#2967=VECTOR('',#10871,33.5854331391607);
#2968=VECTOR('',#10884,50.);
#2969=VECTOR('',#10887,78.9999999999999);
#2970=VECTOR('',#10890,50.);
#2971=VECTOR('',#10893,78.9999999999999);
#2972=VECTOR('',#10904,1.6);
#2973=VECTOR('',#10905,1.6);
#2974=VECTOR('',#10908,1.6);
#2975=VECTOR('',#10911,1.6);
#2976=VECTOR('',#10914,1.6);
#2977=VECTOR('',#10917,1.6);
#2978=VECTOR('',#10920,1.6);
#2979=VECTOR('',#10923,1.6);
#2980=VECTOR('',#10928,1.35);
#2981=VECTOR('',#10931,1.35);
#2982=VECTOR('',#10934,1.35);
#2983=VECTOR('',#10937,1.35);
#2984=VECTOR('',#10940,16.);
#2985=VECTOR('',#10941,51.5027682192756);
#2986=VECTOR('',#10942,16.);
#2987=VECTOR('',#10945,16.);
#2988=VECTOR('',#10946,12.7575664396371);
#2989=VECTOR('',#10949,16.);
#2990=VECTOR('',#10950,51.5027682192756);
#2991=VECTOR('',#10953,12.7575664396371);
#2992=VECTOR('',#10958,2.8);
#2993=VECTOR('',#10959,5.27374569953764);
#2994=VECTOR('',#10960,2.8);
#2995=VECTOR('',#10963,2.8);
#2996=VECTOR('',#10964,33.5854331391607);
#2997=VECTOR('',#10967,2.8);
#2998=VECTOR('',#10968,5.27374569953764);
#2999=VECTOR('',#10971,33.5854331391607);
#3000=VECTOR('',#10976,8.5);
#3001=VECTOR('',#10977,4.34852715575911);
#3002=VECTOR('',#10978,8.5);
#3003=VECTOR('',#10981,8.5);
#3004=VECTOR('',#10982,50.8870199078193);
#3005=VECTOR('',#10985,8.5);
#3006=VECTOR('',#10986,4.34852715575911);
#3007=VECTOR('',#10989,50.8870199078193);
#3008=VECTOR('',#10996,55.118);
#3009=VECTOR('',#10997,37.592);
#3010=VECTOR('',#10998,55.118);
#3011=VECTOR('',#10999,37.592);
#3012=VECTOR('',#11002,66.);
#3013=VECTOR('',#11003,37.592);
#3014=VECTOR('',#11004,66.);
#3015=VECTOR('',#11007,55.118);
#3016=VECTOR('',#11008,37.592);
#3017=VECTOR('',#11009,55.118);
#3018=VECTOR('',#11012,66.);
#3019=VECTOR('',#11013,66.);
#3020=VECTOR('',#11022,54.);
#3021=VECTOR('',#11023,9.);
#3022=VECTOR('',#11024,54.);
#3023=VECTOR('',#11025,9.);
#3024=VECTOR('',#11028,163.);
#3025=VECTOR('',#11029,9.);
#3026=VECTOR('',#11030,163.);
#3027=VECTOR('',#11033,54.);
#3028=VECTOR('',#11034,9.);
#3029=VECTOR('',#11035,54.);
#3030=VECTOR('',#11038,163.);
#3031=VECTOR('',#11039,163.);
#3032=VECTOR('',#11050,2.91027526411462);
#3033=VECTOR('',#11051,54.2499999999999);
#3034=VECTOR('',#11052,10.);
#3035=VECTOR('',#11053,15.9384471871912);
#3036=VECTOR('',#11054,45.35);
#3037=VECTOR('',#11055,15.9384471871912);
#3038=VECTOR('',#11056,10.);
#3039=VECTOR('',#11057,54.2499999999999);
#3040=VECTOR('',#11058,2.26027526411463);
#3041=VECTOR('',#11061,5.56027526411462);
#3042=VECTOR('',#11062,28.3115528128088);
#3043=VECTOR('',#11063,45.35);
#3044=VECTOR('',#11064,28.3115528128088);
#3045=VECTOR('',#11065,4.91027526411464);
#3046=VECTOR('',#11072,16.5539753152795);
#3047=VECTOR('',#11073,10.);
#3048=VECTOR('',#11074,16.5539753152794);
#3049=VECTOR('',#11075,10.);
#3050=VECTOR('',#11080,16.5539753152795);
#3051=VECTOR('',#11081,10.);
#3052=VECTOR('',#11082,16.5539753152794);
#3053=VECTOR('',#11083,10.);
#3054=VECTOR('',#11088,5.06820818324794);
#3055=VECTOR('',#11089,28.6625892527605);
#3056=VECTOR('',#11090,10.);
#3057=VECTOR('',#11091,28.6625892527606);
#3058=VECTOR('',#11092,3.06820818324798);
#3059=VECTOR('',#11109,10.);
#3060=VECTOR('',#11110,28.6625892527605);
#3061=VECTOR('',#11111,5.71820818324797);
#3062=VECTOR('',#11114,2.41820818324796);
#3063=VECTOR('',#11115,28.6625892527606);
#3064=VECTOR('',#11118,27.3);
#3065=VECTOR('',#11119,10.2);
#3066=VECTOR('',#11120,37.3);
#3067=VECTOR('',#11121,46.2);
#3068=VECTOR('',#11122,37.3);
#3069=VECTOR('',#11123,10.2);
#3070=VECTOR('',#11124,27.3);
#3071=VECTOR('',#11125,25.8);
#3072=VECTOR('',#11128,8.85);
#3073=VECTOR('',#11129,10.2);
#3074=VECTOR('',#11130,2.14999999999999);
#3075=VECTOR('',#11131,1.);
#3076=VECTOR('',#11132,1.3);
#3077=VECTOR('',#11133,4.25);
#3078=VECTOR('',#11134,2.3);
#3079=VECTOR('',#11135,6.22253967444161);
#3080=VECTOR('',#11136,7.9);
#3081=VECTOR('',#11137,6.22253967444162);
#3082=VECTOR('',#11138,2.3);
#3083=VECTOR('',#11139,4.25);
#3084=VECTOR('',#11140,1.3);
#3085=VECTOR('',#11141,1.);
#3086=VECTOR('',#11142,1.00000000000001);
#3087=VECTOR('',#11143,25.8);
#3088=VECTOR('',#11144,0.999999999999999);
#3089=VECTOR('',#11145,1.);
#3090=VECTOR('',#11146,1.3);
#3091=VECTOR('',#11147,4.25);
#3092=VECTOR('',#11148,2.3);
#3093=VECTOR('',#11149,6.22253967444162);
#3094=VECTOR('',#11150,7.9);
#3095=VECTOR('',#11151,6.22253967444161);
#3096=VECTOR('',#11152,2.3);
#3097=VECTOR('',#11153,4.25);
#3098=VECTOR('',#11154,1.3);
#3099=VECTOR('',#11155,1.);
#3100=VECTOR('',#11156,2.15);
#3101=VECTOR('',#11157,10.2);
#3102=VECTOR('',#11158,8.85);
#3103=VECTOR('',#11161,19.4);
#3104=VECTOR('',#11162,4.25);
#3105=VECTOR('',#11163,19.4);
#3106=VECTOR('',#11166,19.4);
#3107=VECTOR('',#11167,2.3);
#3108=VECTOR('',#11170,19.4);
#3109=VECTOR('',#11171,6.22253967444161);
#3110=VECTOR('',#11174,19.4);
#3111=VECTOR('',#11175,7.9);
#3112=VECTOR('',#11180,19.4);
#3113=VECTOR('',#11181,6.22253967444162);
#3114=VECTOR('',#11184,19.4);
#3115=VECTOR('',#11185,2.3);
#3116=VECTOR('',#11188,19.4);
#3117=VECTOR('',#11189,4.25);
#3118=VECTOR('',#11192,10.);
#3119=VECTOR('',#11193,9.4);
#3120=VECTOR('',#11194,1.3);
#3121=VECTOR('',#11197,10.);
#3122=VECTOR('',#11198,1.);
#3123=VECTOR('',#11201,10.);
#3124=VECTOR('',#11202,0.999999999999999);
#3125=VECTOR('',#11205,10.);
#3126=VECTOR('',#11206,25.8);
#3127=VECTOR('',#11209,10.);
#3128=VECTOR('',#11210,1.00000000000001);
#3129=VECTOR('',#11213,10.);
#3130=VECTOR('',#11214,1.);
#3131=VECTOR('',#11217,19.4);
#3132=VECTOR('',#11218,1.3);
#3133=VECTOR('',#11219,9.4);
#3134=VECTOR('',#11222,19.4);
#3135=VECTOR('',#11223,4.25);
#3136=VECTOR('',#11226,19.4);
#3137=VECTOR('',#11227,2.3);
#3138=VECTOR('',#11230,19.4);
#3139=VECTOR('',#11231,6.22253967444162);
#3140=VECTOR('',#11234,19.4);
#3141=VECTOR('',#11235,7.9);
#3142=VECTOR('',#11240,19.4);
#3143=VECTOR('',#11241,6.22253967444161);
#3144=VECTOR('',#11244,19.4);
#3145=VECTOR('',#11245,2.3);
#3146=VECTOR('',#11248,19.4);
#3147=VECTOR('',#11249,4.25);
#3148=VECTOR('',#11252,10.);
#3149=VECTOR('',#11253,9.4);
#3150=VECTOR('',#11254,1.3);
#3151=VECTOR('',#11257,10.);
#3152=VECTOR('',#11258,1.);
#3153=VECTOR('',#11261,7.07106781186547);
#3154=VECTOR('',#11262,32.3);
#3155=VECTOR('',#11263,33.85);
#3156=VECTOR('',#11264,10.);
#3157=VECTOR('',#11265,30.);
#3158=VECTOR('',#11266,11.);
#3159=VECTOR('',#11269,30.);
#3160=VECTOR('',#11274,33.85);
#3161=VECTOR('',#11275,32.3);
#3162=VECTOR('',#11276,7.07106781186548);
#3163=VECTOR('',#11277,10.);
#3164=VECTOR('',#11278,11.);
#3165=VECTOR('',#11281,10.);
#3166=VECTOR('',#11282,1.);
#3167=VECTOR('',#11285,1.3);
#3168=VECTOR('',#11286,9.4);
#3169=VECTOR('',#11289,8.2);
#3170=VECTOR('',#11290,8.2);
#3171=VECTOR('',#11293,7.07106781186547);
#3172=VECTOR('',#11294,10.2);
#3173=VECTOR('',#11297,32.3);
#3174=VECTOR('',#11298,10.2);
#3175=VECTOR('',#11301,33.85);
#3176=VECTOR('',#11302,4.99999999999997);
#3177=VECTOR('',#11303,4.99999999999998);
#3178=VECTOR('',#11304,9.14999999999999);
#3179=VECTOR('',#11305,10.2);
#3180=VECTOR('',#11306,33.85);
#3181=VECTOR('',#11307,25.8);
#3182=VECTOR('',#11310,10.);
#3183=VECTOR('',#11311,30.);
#3184=VECTOR('',#11314,32.3);
#3185=VECTOR('',#11315,10.2);
#3186=VECTOR('',#11318,7.07106781186547);
#3187=VECTOR('',#11321,30.);
#3188=VECTOR('',#11322,10.);
#3189=VECTOR('',#11325,9.14999999999999);
#3190=VECTOR('',#11326,5.);
#3191=VECTOR('',#11327,5.);
#3192=VECTOR('',#11328,25.8);
#3193=VECTOR('',#11333,10.);
#3194=VECTOR('',#11346,1.35);
#3195=VECTOR('',#11353,1.35);
#3196=VECTOR('',#11360,1.35);
#3197=VECTOR('',#11367,1.35);
#3198=VECTOR('',#11374,2.5);
#3199=VECTOR('',#11381,2.5);
#3200=VECTOR('',#11388,2.5);
#3201=VECTOR('',#11395,2.5);
#3202=VECTOR('',#11410,8.2);
#3203=VECTOR('',#11417,8.2);
#3204=VECTOR('',#11424,2.85);
#3205=VECTOR('',#11427,2.85);
#3206=VECTOR('',#11434,2.5);
#3207=VECTOR('',#11441,2.5);
#3208=VECTOR('',#11448,2.5);
#3209=VECTOR('',#11455,2.5);
#3210=VECTOR('',#11460,8.99999999999999);
#3211=VECTOR('',#11461,10.);
#3212=VECTOR('',#11462,8.99999999999999);
#3213=VECTOR('',#11463,10.);
#3214=VECTOR('',#11466,46.85);
#3215=VECTOR('',#11467,10.);
#3216=VECTOR('',#11468,46.85);
#3217=VECTOR('',#11469,10.);
#3218=VECTOR('',#11472,8.);
#3219=VECTOR('',#11473,30.9192496674806);
#3220=VECTOR('',#11476,30.);
#3221=VECTOR('',#11479,10.);
#3222=VECTOR('',#11480,46.85);
#3223=VECTOR('',#11481,10.);
#3224=VECTOR('',#11482,46.85);
#3225=VECTOR('',#11485,8.2);
#3226=VECTOR('',#11486,1.);
#3227=VECTOR('',#11487,6.9);
#3228=VECTOR('',#11488,19.);
#3229=VECTOR('',#11489,5.);
#3230=VECTOR('',#11490,2.);
#3231=VECTOR('',#11491,2.);
#3232=VECTOR('',#11492,8.99999999999999);
#3233=VECTOR('',#11493,54.);
#3234=VECTOR('',#11494,2.);
#3235=VECTOR('',#11495,2.);
#3236=VECTOR('',#11496,5.);
#3237=VECTOR('',#11497,19.);
#3238=VECTOR('',#11498,6.9);
#3239=VECTOR('',#11499,1.);
#3240=VECTOR('',#11500,8.2);
#3241=VECTOR('',#11501,1.);
#3242=VECTOR('',#11502,1.00000000000001);
#3243=VECTOR('',#11503,25.8);
#3244=VECTOR('',#11504,0.999999999999999);
#3245=VECTOR('',#11505,1.);
#3246=VECTOR('',#11506,25.8);
#3247=VECTOR('',#11507,35.85);
#3248=VECTOR('',#11508,25.8);
#3249=VECTOR('',#11509,35.85);
#3250=VECTOR('',#11512,9.05);
#3251=VECTOR('',#11513,26.1823851021091);
#3252=VECTOR('',#11514,28.1);
#3253=VECTOR('',#11515,26.1823851021091);
#3254=VECTOR('',#11516,9.05);
#3255=VECTOR('',#11517,30.9192496674806);
#3256=VECTOR('',#11518,46.2);
#3257=VECTOR('',#11525,35.85);
#3258=VECTOR('',#11526,10.);
#3259=VECTOR('',#11527,10.);
#3260=VECTOR('',#11530,10.);
#3261=VECTOR('',#11531,25.8);
#3262=VECTOR('',#11534,28.8);
#3263=VECTOR('',#11535,4.25);
#3264=VECTOR('',#11536,28.8);
#3265=VECTOR('',#11537,4.25);
#3266=VECTOR('',#11540,2.3);
#3267=VECTOR('',#11541,28.8);
#3268=VECTOR('',#11542,2.3);
#3269=VECTOR('',#11545,6.22253967444161);
#3270=VECTOR('',#11546,28.8);
#3271=VECTOR('',#11547,6.22253967444161);
#3272=VECTOR('',#11550,7.9);
#3273=VECTOR('',#11551,28.8);
#3274=VECTOR('',#11552,7.9);
#3275=VECTOR('',#11557,6.22253967444162);
#3276=VECTOR('',#11558,28.8);
#3277=VECTOR('',#11559,6.22253967444162);
#3278=VECTOR('',#11562,2.3);
#3279=VECTOR('',#11563,28.8);
#3280=VECTOR('',#11564,2.3);
#3281=VECTOR('',#11567,4.25);
#3282=VECTOR('',#11568,28.8);
#3283=VECTOR('',#11569,4.25);
#3284=VECTOR('',#11572,1.3);
#3285=VECTOR('',#11573,9.4);
#3286=VECTOR('',#11574,10.);
#3287=VECTOR('',#11575,9.4);
#3288=VECTOR('',#11576,1.3);
#3289=VECTOR('',#11579,10.);
#3290=VECTOR('',#11580,1.);
#3291=VECTOR('',#11583,10.);
#3292=VECTOR('',#11584,0.999999999999999);
#3293=VECTOR('',#11587,10.);
#3294=VECTOR('',#11588,25.8);
#3295=VECTOR('',#11591,10.);
#3296=VECTOR('',#11592,1.00000000000001);
#3297=VECTOR('',#11595,10.);
#3298=VECTOR('',#11596,1.);
#3299=VECTOR('',#11599,9.4);
#3300=VECTOR('',#11600,1.3);
#3301=VECTOR('',#11601,28.8);
#3302=VECTOR('',#11602,1.3);
#3303=VECTOR('',#11603,9.4);
#3304=VECTOR('',#11606,4.25);
#3305=VECTOR('',#11607,28.8);
#3306=VECTOR('',#11608,4.25);
#3307=VECTOR('',#11611,2.3);
#3308=VECTOR('',#11612,28.8);
#3309=VECTOR('',#11613,2.3);
#3310=VECTOR('',#11616,6.22253967444162);
#3311=VECTOR('',#11617,28.8);
#3312=VECTOR('',#11618,6.22253967444162);
#3313=VECTOR('',#11621,7.9);
#3314=VECTOR('',#11622,28.8);
#3315=VECTOR('',#11623,7.9);
#3316=VECTOR('',#11628,6.22253967444161);
#3317=VECTOR('',#11629,28.8);
#3318=VECTOR('',#11630,6.22253967444161);
#3319=VECTOR('',#11633,2.3);
#3320=VECTOR('',#11634,28.8);
#3321=VECTOR('',#11635,2.3);
#3322=VECTOR('',#11638,4.25);
#3323=VECTOR('',#11639,28.8);
#3324=VECTOR('',#11640,4.25);
#3325=VECTOR('',#11643,1.3);
#3326=VECTOR('',#11644,9.4);
#3327=VECTOR('',#11645,10.);
#3328=VECTOR('',#11646,9.4);
#3329=VECTOR('',#11647,1.3);
#3330=VECTOR('',#11650,1.);
#3331=VECTOR('',#11653,8.);
#3332=VECTOR('',#11654,30.);
#3333=VECTOR('',#11659,10.);
#3334=VECTOR('',#11660,1.);
#3335=VECTOR('',#11663,9.4);
#3336=VECTOR('',#11664,1.3);
#3337=VECTOR('',#11665,1.3);
#3338=VECTOR('',#11666,9.4);
#3339=VECTOR('',#11669,8.2);
#3340=VECTOR('',#11670,8.2);
#3341=VECTOR('',#11671,8.00000000000001);
#3342=VECTOR('',#11672,28.1);
#3343=VECTOR('',#11673,8.);
#3344=VECTOR('',#11674,25.8);
#3345=VECTOR('',#11675,35.85);
#3346=VECTOR('',#11678,46.2);
#3347=VECTOR('',#11681,10.);
#3348=VECTOR('',#11682,3.9);
#3349=VECTOR('',#11683,3.9);
#3350=VECTOR('',#11688,28.1);
#3351=VECTOR('',#11689,25.5);
#3352=VECTOR('',#11690,25.5);
#3353=VECTOR('',#11693,10.);
#3354=VECTOR('',#11698,2.06137308503514);
#3355=VECTOR('',#11699,2.06137308503515);
#3356=VECTOR('',#11706,8.2);
#3357=VECTOR('',#11711,8.2);
#3358=VECTOR('',#11716,6.9);
#3359=VECTOR('',#11717,10.);
#3360=VECTOR('',#11720,8.99999999999999);
#3361=VECTOR('',#11721,2.);
#3362=VECTOR('',#11722,2.);
#3363=VECTOR('',#11723,5.);
#3364=VECTOR('',#11724,19.);
#3365=VECTOR('',#11727,10.);
#3366=VECTOR('',#11728,10.);
#3367=VECTOR('',#11733,10.);
#3368=VECTOR('',#11736,10.);
#3369=VECTOR('',#11741,6.9);
#3370=VECTOR('',#11742,19.);
#3371=VECTOR('',#11743,5.);
#3372=VECTOR('',#11744,2.);
#3373=VECTOR('',#11745,2.);
#3374=VECTOR('',#11748,10.);
#3375=VECTOR('',#11751,10.);
#3376=VECTOR('',#11752,10.);
#3377=VECTOR('',#11757,10.);
#3378=VECTOR('',#11762,8.2);
#3379=VECTOR('',#11769,8.2);
#3380=VECTOR('',#11776,2.85);
#3381=VECTOR('',#11779,2.85);
#3382=VECTOR('',#11782,2.);
#3383=VECTOR('',#11785,2.);
#3384=VECTOR('',#11790,5.79868349778662);
#3385=VECTOR('',#11791,31.603213549753);
#3386=VECTOR('',#11792,42.188021915699);
#3387=VECTOR('',#11793,31.603213549753);
#3388=VECTOR('',#11794,6.0132945865144);
#3389=VECTOR('',#11795,7.40936585616218);
#3390=VECTOR('',#11796,6.0132945865144);
#3391=VECTOR('',#11797,5.29240418297299);
#3392=VECTOR('',#11798,42.188021915699);
#3393=VECTOR('',#11799,5.29240418297299);
#3394=VECTOR('',#11800,5.79868349778662);
#3395=VECTOR('',#11801,7.40936585616218);
#3396=VECTOR('',#11810,5.79868349778662);
#3397=VECTOR('',#11811,7.40936585616218);
#3398=VECTOR('',#11812,5.79868349778662);
#3399=VECTOR('',#11813,5.29240418297299);
#3400=VECTOR('',#11814,42.188021915699);
#3401=VECTOR('',#11815,5.29240418297299);
#3402=VECTOR('',#11816,6.0132945865144);
#3403=VECTOR('',#11817,7.40936585616218);
#3404=VECTOR('',#11818,6.0132945865144);
#3405=VECTOR('',#11819,31.603213549753);
#3406=VECTOR('',#11820,42.188021915699);
#3407=VECTOR('',#11821,31.603213549753);
#3408=VECTOR('',#11830,34.);
#3409=VECTOR('',#11831,34.);
#3410=VECTOR('',#11834,34.);
#3411=VECTOR('',#11837,34.);
#3412=VECTOR('',#11840,34.);
#3413=VECTOR('',#11843,34.);
#3414=VECTOR('',#11846,34.);
#3415=VECTOR('',#11849,34.);
#3416=VECTOR('',#11852,34.);
#3417=VECTOR('',#11855,34.);
#3418=VECTOR('',#11858,34.);
#3419=VECTOR('',#11861,34.);
#3420=VECTOR('',#11866,1.25);
#3421=VECTOR('',#11869,1.25);
#3422=VECTOR('',#11872,1.25);
#3423=VECTOR('',#11877,6.22253967444162);
#3424=VECTOR('',#11878,10.);
#3425=VECTOR('',#11879,6.22253967444162);
#3426=VECTOR('',#11880,10.);
#3427=VECTOR('',#11883,7.9);
#3428=VECTOR('',#11884,10.);
#3429=VECTOR('',#11885,7.9);
#3430=VECTOR('',#11888,6.22253967444162);
#3431=VECTOR('',#11889,10.);
#3432=VECTOR('',#11890,6.22253967444162);
#3433=VECTOR('',#11893,2.3);
#3434=VECTOR('',#11894,10.);
#3435=VECTOR('',#11895,2.3);
#3436=VECTOR('',#11898,4.25);
#3437=VECTOR('',#11899,10.);
#3438=VECTOR('',#11900,4.25);
#3439=VECTOR('',#11903,1.3);
#3440=VECTOR('',#11904,10.);
#3441=VECTOR('',#11905,1.3);
#3442=VECTOR('',#11908,1.);
#3443=VECTOR('',#11909,10.);
#3444=VECTOR('',#11910,1.);
#3445=VECTOR('',#11913,8.);
#3446=VECTOR('',#11914,10.);
#3447=VECTOR('',#11915,8.);
#3448=VECTOR('',#11918,1.);
#3449=VECTOR('',#11919,10.);
#3450=VECTOR('',#11920,1.);
#3451=VECTOR('',#11923,1.3);
#3452=VECTOR('',#11924,10.);
#3453=VECTOR('',#11925,1.3);
#3454=VECTOR('',#11928,4.25);
#3455=VECTOR('',#11929,10.);
#3456=VECTOR('',#11930,4.25);
#3457=VECTOR('',#11933,2.3);
#3458=VECTOR('',#11934,10.);
#3459=VECTOR('',#11935,2.3);
#3460=VECTOR('',#11938,6.22253967444162);
#3461=VECTOR('',#11939,10.);
#3462=VECTOR('',#11940,6.22253967444162);
#3463=VECTOR('',#11943,7.9);
#3464=VECTOR('',#11944,10.);
#3465=VECTOR('',#11945,7.9);
#3466=VECTOR('',#11948,6.22253967444162);
#3467=VECTOR('',#11949,10.);
#3468=VECTOR('',#11950,6.22253967444162);
#3469=VECTOR('',#11953,2.3);
#3470=VECTOR('',#11954,10.);
#3471=VECTOR('',#11955,2.3);
#3472=VECTOR('',#11958,4.25);
#3473=VECTOR('',#11959,10.);
#3474=VECTOR('',#11960,4.25);
#3475=VECTOR('',#11963,1.3);
#3476=VECTOR('',#11964,10.);
#3477=VECTOR('',#11965,1.3);
#3478=VECTOR('',#11968,1.);
#3479=VECTOR('',#11969,10.);
#3480=VECTOR('',#11970,1.);
#3481=VECTOR('',#11973,8.);
#3482=VECTOR('',#11974,10.);
#3483=VECTOR('',#11975,8.);
#3484=VECTOR('',#11978,1.);
#3485=VECTOR('',#11979,10.);
#3486=VECTOR('',#11980,1.);
#3487=VECTOR('',#11983,1.3);
#3488=VECTOR('',#11984,10.);
#3489=VECTOR('',#11985,1.3);
#3490=VECTOR('',#11988,4.25);
#3491=VECTOR('',#11989,10.);
#3492=VECTOR('',#11990,4.25);
#3493=VECTOR('',#11993,2.3);
#3494=VECTOR('',#11994,2.3);
#3495=VECTOR('',#12003,1.);
#3496=VECTOR('',#12004,155.);
#3497=VECTOR('',#12005,1.);
#3498=VECTOR('',#12006,155.);
#3499=VECTOR('',#12009,1.3);
#3500=VECTOR('',#12010,155.);
#3501=VECTOR('',#12011,1.3);
#3502=VECTOR('',#12014,4.25);
#3503=VECTOR('',#12015,155.);
#3504=VECTOR('',#12016,4.25);
#3505=VECTOR('',#12019,2.3);
#3506=VECTOR('',#12020,155.);
#3507=VECTOR('',#12021,2.3);
#3508=VECTOR('',#12024,6.22253967444162);
#3509=VECTOR('',#12025,155.);
#3510=VECTOR('',#12026,6.22253967444162);
#3511=VECTOR('',#12029,7.9);
#3512=VECTOR('',#12030,155.);
#3513=VECTOR('',#12031,7.9);
#3514=VECTOR('',#12034,6.22253967444162);
#3515=VECTOR('',#12035,155.);
#3516=VECTOR('',#12036,6.22253967444162);
#3517=VECTOR('',#12039,2.3);
#3518=VECTOR('',#12040,155.);
#3519=VECTOR('',#12041,2.3);
#3520=VECTOR('',#12044,4.25);
#3521=VECTOR('',#12045,155.);
#3522=VECTOR('',#12046,4.25);
#3523=VECTOR('',#12049,1.3);
#3524=VECTOR('',#12050,155.);
#3525=VECTOR('',#12051,1.3);
#3526=VECTOR('',#12054,1.);
#3527=VECTOR('',#12055,155.);
#3528=VECTOR('',#12056,1.);
#3529=VECTOR('',#12059,0.999999999999999);
#3530=VECTOR('',#12060,155.);
#3531=VECTOR('',#12061,0.999999999999999);
#3532=VECTOR('',#12064,8.9);
#3533=VECTOR('',#12065,155.);
#3534=VECTOR('',#12066,8.9);
#3535=VECTOR('',#12071,155.);
#3536=VECTOR('',#12076,8.9);
#3537=VECTOR('',#12077,155.);
#3538=VECTOR('',#12078,8.9);
#3539=VECTOR('',#12081,0.999999999999999);
#3540=VECTOR('',#12082,155.);
#3541=VECTOR('',#12083,0.999999999999999);
#3542=VECTOR('',#12086,1.);
#3543=VECTOR('',#12087,155.);
#3544=VECTOR('',#12088,1.);
#3545=VECTOR('',#12091,1.3);
#3546=VECTOR('',#12092,155.);
#3547=VECTOR('',#12093,1.3);
#3548=VECTOR('',#12096,4.25);
#3549=VECTOR('',#12097,155.);
#3550=VECTOR('',#12098,4.25);
#3551=VECTOR('',#12101,2.3);
#3552=VECTOR('',#12102,155.);
#3553=VECTOR('',#12103,2.3);
#3554=VECTOR('',#12106,6.22253967444162);
#3555=VECTOR('',#12107,155.);
#3556=VECTOR('',#12108,6.22253967444162);
#3557=VECTOR('',#12111,7.9);
#3558=VECTOR('',#12112,155.);
#3559=VECTOR('',#12113,7.9);
#3560=VECTOR('',#12116,6.22253967444162);
#3561=VECTOR('',#12117,155.);
#3562=VECTOR('',#12118,6.22253967444162);
#3563=VECTOR('',#12121,2.3);
#3564=VECTOR('',#12122,155.);
#3565=VECTOR('',#12123,2.3);
#3566=VECTOR('',#12126,4.25);
#3567=VECTOR('',#12127,155.);
#3568=VECTOR('',#12128,4.25);
#3569=VECTOR('',#12131,1.3);
#3570=VECTOR('',#12132,155.);
#3571=VECTOR('',#12133,1.3);
#3572=VECTOR('',#12136,1.);
#3573=VECTOR('',#12137,155.);
#3574=VECTOR('',#12138,1.);
#3575=VECTOR('',#12141,0.999999999999999);
#3576=VECTOR('',#12142,155.);
#3577=VECTOR('',#12143,0.999999999999999);
#3578=VECTOR('',#12146,8.9);
#3579=VECTOR('',#12147,155.);
#3580=VECTOR('',#12148,8.9);
#3581=VECTOR('',#12153,155.);
#3582=VECTOR('',#12158,8.9);
#3583=VECTOR('',#12159,155.);
#3584=VECTOR('',#12160,8.9);
#3585=VECTOR('',#12163,0.999999999999999);
#3586=VECTOR('',#12164,155.);
#3587=VECTOR('',#12165,0.999999999999999);
#3588=VECTOR('',#12168,1.);
#3589=VECTOR('',#12169,155.);
#3590=VECTOR('',#12170,1.);
#3591=VECTOR('',#12173,1.3);
#3592=VECTOR('',#12174,155.);
#3593=VECTOR('',#12175,1.3);
#3594=VECTOR('',#12178,4.25);
#3595=VECTOR('',#12179,155.);
#3596=VECTOR('',#12180,4.25);
#3597=VECTOR('',#12183,2.3);
#3598=VECTOR('',#12184,155.);
#3599=VECTOR('',#12185,2.3);
#3600=VECTOR('',#12188,6.22253967444162);
#3601=VECTOR('',#12189,155.);
#3602=VECTOR('',#12190,6.22253967444162);
#3603=VECTOR('',#12193,7.9);
#3604=VECTOR('',#12194,155.);
#3605=VECTOR('',#12195,7.9);
#3606=VECTOR('',#12198,6.22253967444162);
#3607=VECTOR('',#12199,155.);
#3608=VECTOR('',#12200,6.22253967444162);
#3609=VECTOR('',#12203,2.3);
#3610=VECTOR('',#12204,155.);
#3611=VECTOR('',#12205,2.3);
#3612=VECTOR('',#12208,4.25);
#3613=VECTOR('',#12209,155.);
#3614=VECTOR('',#12210,4.25);
#3615=VECTOR('',#12213,1.3);
#3616=VECTOR('',#12214,155.);
#3617=VECTOR('',#12215,1.3);
#3618=VECTOR('',#12218,1.);
#3619=VECTOR('',#12219,155.);
#3620=VECTOR('',#12220,1.);
#3621=VECTOR('',#12223,0.999999999999999);
#3622=VECTOR('',#12224,155.);
#3623=VECTOR('',#12225,0.999999999999999);
#3624=VECTOR('',#12228,8.9);
#3625=VECTOR('',#12229,155.);
#3626=VECTOR('',#12230,8.9);
#3627=VECTOR('',#12235,155.);
#3628=VECTOR('',#12240,8.9);
#3629=VECTOR('',#12241,155.);
#3630=VECTOR('',#12242,8.9);
#3631=VECTOR('',#12245,0.999999999999999);
#3632=VECTOR('',#12246,155.);
#3633=VECTOR('',#12247,0.999999999999999);
#3634=VECTOR('',#12250,1.);
#3635=VECTOR('',#12251,155.);
#3636=VECTOR('',#12252,1.);
#3637=VECTOR('',#12255,1.3);
#3638=VECTOR('',#12256,155.);
#3639=VECTOR('',#12257,1.3);
#3640=VECTOR('',#12260,4.25);
#3641=VECTOR('',#12261,155.);
#3642=VECTOR('',#12262,4.25);
#3643=VECTOR('',#12265,2.3);
#3644=VECTOR('',#12266,155.);
#3645=VECTOR('',#12267,2.3);
#3646=VECTOR('',#12270,6.22253967444162);
#3647=VECTOR('',#12271,155.);
#3648=VECTOR('',#12272,6.22253967444162);
#3649=VECTOR('',#12275,7.9);
#3650=VECTOR('',#12276,155.);
#3651=VECTOR('',#12277,7.9);
#3652=VECTOR('',#12280,6.22253967444162);
#3653=VECTOR('',#12281,155.);
#3654=VECTOR('',#12282,6.22253967444162);
#3655=VECTOR('',#12285,2.3);
#3656=VECTOR('',#12286,155.);
#3657=VECTOR('',#12287,2.3);
#3658=VECTOR('',#12290,4.25);
#3659=VECTOR('',#12291,155.);
#3660=VECTOR('',#12292,4.25);
#3661=VECTOR('',#12295,1.3);
#3662=VECTOR('',#12296,155.);
#3663=VECTOR('',#12297,1.3);
#3664=VECTOR('',#12300,1.);
#3665=VECTOR('',#12301,155.);
#3666=VECTOR('',#12302,1.);
#3667=VECTOR('',#12305,0.999999999999999);
#3668=VECTOR('',#12306,155.);
#3669=VECTOR('',#12307,0.999999999999999);
#3670=VECTOR('',#12310,8.9);
#3671=VECTOR('',#12311,155.);
#3672=VECTOR('',#12312,8.9);
#3673=VECTOR('',#12317,155.);
#3674=VECTOR('',#12322,8.9);
#3675=VECTOR('',#12323,155.);
#3676=VECTOR('',#12324,8.9);
#3677=VECTOR('',#12327,0.999999999999999);
#3678=VECTOR('',#12328,0.999999999999999);
#3679=VECTOR('',#12331,3.55);
#3680=VECTOR('',#12334,3.55);
#3681=VECTOR('',#12335,4.05);
#3682=VECTOR('',#12336,4.05);
#3683=VECTOR('',#12337,3.55);
#3684=VECTOR('',#12340,3.55);
#3685=VECTOR('',#12341,4.05);
#3686=VECTOR('',#12342,4.05);
#3687=VECTOR('',#12343,3.55);
#3688=VECTOR('',#12346,3.55);
#3689=VECTOR('',#12347,4.05);
#3690=VECTOR('',#12348,4.05);
#3691=VECTOR('',#12349,3.55);
#3692=VECTOR('',#12352,3.55);
#3693=VECTOR('',#12353,4.05);
#3694=VECTOR('',#12354,4.05);
#3695=VECTOR('',#12361,3.55);
#3696=VECTOR('',#12362,4.05);
#3697=VECTOR('',#12363,4.05);
#3698=VECTOR('',#12364,3.55);
#3699=VECTOR('',#12367,3.55);
#3700=VECTOR('',#12368,4.05);
#3701=VECTOR('',#12369,4.05);
#3702=VECTOR('',#12370,3.55);
#3703=VECTOR('',#12373,3.55);
#3704=VECTOR('',#12374,4.05);
#3705=VECTOR('',#12375,4.05);
#3706=VECTOR('',#12376,3.55);
#3707=VECTOR('',#12379,3.55);
#3708=VECTOR('',#12380,4.05);
#3709=VECTOR('',#12381,4.05);
#3710=VECTOR('',#12382,3.55);
#3711=VECTOR('',#12387,3.4);
#3712=VECTOR('',#12390,155.);
#3713=VECTOR('',#12391,155.);
#3714=VECTOR('',#12394,155.);
#3715=VECTOR('',#12397,155.);
#3716=VECTOR('',#12400,155.);
#3717=VECTOR('',#12405,155.);
#3718=VECTOR('',#12406,155.);
#3719=VECTOR('',#12409,155.);
#3720=VECTOR('',#12412,155.);
#3721=VECTOR('',#12415,155.);
#3722=VECTOR('',#12420,155.);
#3723=VECTOR('',#12421,155.);
#3724=VECTOR('',#12424,155.);
#3725=VECTOR('',#12427,155.);
#3726=VECTOR('',#12430,155.);
#3727=VECTOR('',#12435,155.);
#3728=VECTOR('',#12436,155.);
#3729=VECTOR('',#12439,155.);
#3730=VECTOR('',#12442,155.);
#3731=VECTOR('',#12445,155.);
#3732=VECTOR('',#12452,32.3);
#3733=VECTOR('',#12453,33.);
#3734=VECTOR('',#12454,32.3);
#3735=VECTOR('',#12455,33.);
#3736=VECTOR('',#12458,7.07106781186548);
#3737=VECTOR('',#12459,33.);
#3738=VECTOR('',#12460,7.07106781186548);
#3739=VECTOR('',#12463,32.3);
#3740=VECTOR('',#12464,33.);
#3741=VECTOR('',#12465,32.3);
#3742=VECTOR('',#12468,7.07106781186547);
#3743=VECTOR('',#12469,33.);
#3744=VECTOR('',#12470,7.07106781186547);
#3745=VECTOR('',#12473,32.3);
#3746=VECTOR('',#12474,33.);
#3747=VECTOR('',#12475,32.3);
#3748=VECTOR('',#12478,7.07106781186547);
#3749=VECTOR('',#12479,33.);
#3750=VECTOR('',#12480,7.07106781186547);
#3751=VECTOR('',#12483,32.3);
#3752=VECTOR('',#12484,33.);
#3753=VECTOR('',#12485,32.3);
#3754=VECTOR('',#12488,7.07106781186547);
#3755=VECTOR('',#12489,7.07106781186547);
#3756=VECTOR('',#12506,1.5);
#3757=VECTOR('',#12513,1.5);
#3758=VECTOR('',#12520,1.5);
#3759=VECTOR('',#12527,1.5);
#3760=VECTOR('',#12532,11.);
#3761=VECTOR('',#12541,2.5);
#3762=VECTOR('',#12554,2.85);
#3763=VECTOR('',#12561,2.85);
#3764=VECTOR('',#12566,1.);
#3765=VECTOR('',#12567,10.2);
#3766=VECTOR('',#12568,1.);
#3767=VECTOR('',#12569,1.);
#3768=VECTOR('',#12570,1.3);
#3769=VECTOR('',#12571,4.25);
#3770=VECTOR('',#12572,2.3);
#3771=VECTOR('',#12573,6.22253967444162);
#3772=VECTOR('',#12574,7.9);
#3773=VECTOR('',#12575,6.22253967444162);
#3774=VECTOR('',#12576,2.3);
#3775=VECTOR('',#12577,4.25);
#3776=VECTOR('',#12578,1.3);
#3777=VECTOR('',#12579,1.);
#3778=VECTOR('',#12582,1.);
#3779=VECTOR('',#12583,40.);
#3780=VECTOR('',#12584,40.);
#3781=VECTOR('',#12587,9.);
#3782=VECTOR('',#12588,40.);
#3783=VECTOR('',#12589,8.);
#3784=VECTOR('',#12592,10.2);
#3785=VECTOR('',#12593,40.);
#3786=VECTOR('',#12594,11.05);
#3787=VECTOR('',#12595,7.07106781186548);
#3788=VECTOR('',#12596,32.3);
#3789=VECTOR('',#12597,7.07106781186548);
#3790=VECTOR('',#12598,32.3);
#3791=VECTOR('',#12599,7.07106781186548);
#3792=VECTOR('',#12600,32.3);
#3793=VECTOR('',#12601,7.07106781186548);
#3794=VECTOR('',#12602,11.05);
#3795=VECTOR('',#12619,9.);
#3796=VECTOR('',#12620,40.);
#3797=VECTOR('',#12621,8.);
#3798=VECTOR('',#12624,1.);
#3799=VECTOR('',#12625,40.);
#3800=VECTOR('',#12628,1.3);
#3801=VECTOR('',#12629,40.);
#3802=VECTOR('',#12632,4.25);
#3803=VECTOR('',#12633,40.);
#3804=VECTOR('',#12636,2.3);
#3805=VECTOR('',#12637,40.);
#3806=VECTOR('',#12640,6.22253967444162);
#3807=VECTOR('',#12641,40.);
#3808=VECTOR('',#12644,7.9);
#3809=VECTOR('',#12645,40.);
#3810=VECTOR('',#12648,6.22253967444162);
#3811=VECTOR('',#12649,40.);
#3812=VECTOR('',#12652,2.3);
#3813=VECTOR('',#12653,40.);
#3814=VECTOR('',#12656,4.25);
#3815=VECTOR('',#12657,40.);
#3816=VECTOR('',#12660,1.3);
#3817=VECTOR('',#12665,11.05);
#3818=VECTOR('',#12666,8.);
#3819=VECTOR('',#12669,11.05);
#3820=VECTOR('',#12670,8.);
#3821=VECTOR('',#12673,7.07106781186548);
#3822=VECTOR('',#12674,32.3);
#3823=VECTOR('',#12675,7.07106781186548);
#3824=VECTOR('',#12676,32.3);
#3825=VECTOR('',#12677,7.07106781186548);
#3826=VECTOR('',#12678,32.3);
#3827=VECTOR('',#12679,7.07106781186548);
#3828=VECTOR('',#12692,8.);
#3829=VECTOR('',#12695,8.);
#3830=VECTOR('',#12698,8.);
#3831=VECTOR('',#12701,8.);
#3832=VECTOR('',#12704,8.);
#3833=VECTOR('',#12707,8.);
#3834=VECTOR('',#12712,1.6);
#3835=VECTOR('',#12715,1.59999999999999);
#3836=VECTOR('',#12718,1.6);
#3837=VECTOR('',#12721,1.6);
#3838=VECTOR('',#12726,11.025);
#3839=VECTOR('',#12733,2.6);
#3840=VECTOR('',#12740,3.6);
#3841=VECTOR('',#12747,3.6);
#3842=VECTOR('',#12754,2.75);
#3843=VECTOR('',#12763,4.5);
#3844=VECTOR('',#12770,3.);
#3845=VECTOR('',#12775,10.);
#3846=VECTOR('',#12778,10.);
#3847=VECTOR('',#12781,3.);
#3848=VECTOR('',#12800,50.);
#3849=VECTOR('',#12803,2.75);
#3850=VERTEX_POINT('',#12861);
#3851=VERTEX_POINT('',#12862);
#3852=VERTEX_POINT('',#12864);
#3853=VERTEX_POINT('',#12866);
#3854=VERTEX_POINT('',#12868);
#3855=VERTEX_POINT('',#12870);
#3856=VERTEX_POINT('',#12872);
#3857=VERTEX_POINT('',#12874);
#3858=VERTEX_POINT('',#12876);
#3859=VERTEX_POINT('',#12878);
#3860=VERTEX_POINT('',#12880);
#3861=VERTEX_POINT('',#12882);
#3862=VERTEX_POINT('',#12884);
#3863=VERTEX_POINT('',#12886);
#3864=VERTEX_POINT('',#12888);
#3865=VERTEX_POINT('',#12890);
#3866=VERTEX_POINT('',#12892);
#3867=VERTEX_POINT('',#12894);
#3868=VERTEX_POINT('',#12896);
#3869=VERTEX_POINT('',#12898);
#3870=VERTEX_POINT('',#12900);
#3871=VERTEX_POINT('',#12902);
#3872=VERTEX_POINT('',#12906);
#3873=VERTEX_POINT('',#12907);
#3874=VERTEX_POINT('',#12909);
#3875=VERTEX_POINT('',#12911);
#3876=VERTEX_POINT('',#12915);
#3877=VERTEX_POINT('',#12917);
#3878=VERTEX_POINT('',#12921);
#3879=VERTEX_POINT('',#12922);
#3880=VERTEX_POINT('',#12927);
#3881=VERTEX_POINT('',#12928);
#3882=VERTEX_POINT('',#12930);
#3883=VERTEX_POINT('',#12933);
#3884=VERTEX_POINT('',#12935);
#3885=VERTEX_POINT('',#12937);
#3886=VERTEX_POINT('',#12939);
#3887=VERTEX_POINT('',#12941);
#3888=VERTEX_POINT('',#12943);
#3889=VERTEX_POINT('',#12948);
#3890=VERTEX_POINT('',#12950);
#3891=VERTEX_POINT('',#12953);
#3892=VERTEX_POINT('',#12956);
#3893=VERTEX_POINT('',#12957);
#3894=VERTEX_POINT('',#12960);
#3895=VERTEX_POINT('',#12962);
#3896=VERTEX_POINT('',#12964);
#3897=VERTEX_POINT('',#12966);
#3898=VERTEX_POINT('',#12968);
#3899=VERTEX_POINT('',#12970);
#3900=VERTEX_POINT('',#12972);
#3901=VERTEX_POINT('',#12974);
#3902=VERTEX_POINT('',#12978);
#3903=VERTEX_POINT('',#12980);
#3904=VERTEX_POINT('',#12982);
#3905=VERTEX_POINT('',#12984);
#3906=VERTEX_POINT('',#12986);
#3907=VERTEX_POINT('',#12988);
#3908=VERTEX_POINT('',#12990);
#3909=VERTEX_POINT('',#12992);
#3910=VERTEX_POINT('',#12994);
#3911=VERTEX_POINT('',#12996);
#3912=VERTEX_POINT('',#12998);
#3913=VERTEX_POINT('',#13000);
#3914=VERTEX_POINT('',#13002);
#3915=VERTEX_POINT('',#13004);
#3916=VERTEX_POINT('',#13006);
#3917=VERTEX_POINT('',#13008);
#3918=VERTEX_POINT('',#13010);
#3919=VERTEX_POINT('',#13012);
#3920=VERTEX_POINT('',#13014);
#3921=VERTEX_POINT('',#13016);
#3922=VERTEX_POINT('',#13018);
#3923=VERTEX_POINT('',#13020);
#3924=VERTEX_POINT('',#13022);
#3925=VERTEX_POINT('',#13024);
#3926=VERTEX_POINT('',#13026);
#3927=VERTEX_POINT('',#13028);
#3928=VERTEX_POINT('',#13030);
#3929=VERTEX_POINT('',#13033);
#3930=VERTEX_POINT('',#13037);
#3931=VERTEX_POINT('',#13039);
#3932=VERTEX_POINT('',#13043);
#3933=VERTEX_POINT('',#13047);
#3934=VERTEX_POINT('',#13051);
#3935=VERTEX_POINT('',#13055);
#3936=VERTEX_POINT('',#13059);
#3937=VERTEX_POINT('',#13063);
#3938=VERTEX_POINT('',#13067);
#3939=VERTEX_POINT('',#13071);
#3940=VERTEX_POINT('',#13075);
#3941=VERTEX_POINT('',#13079);
#3942=VERTEX_POINT('',#13083);
#3943=VERTEX_POINT('',#13087);
#3944=VERTEX_POINT('',#13091);
#3945=VERTEX_POINT('',#13095);
#3946=VERTEX_POINT('',#13099);
#3947=VERTEX_POINT('',#13103);
#3948=VERTEX_POINT('',#13107);
#3949=VERTEX_POINT('',#13111);
#3950=VERTEX_POINT('',#13115);
#3951=VERTEX_POINT('',#13119);
#3952=VERTEX_POINT('',#13123);
#3953=VERTEX_POINT('',#13127);
#3954=VERTEX_POINT('',#13131);
#3955=VERTEX_POINT('',#13133);
#3956=VERTEX_POINT('',#13136);
#3957=VERTEX_POINT('',#13138);
#3958=VERTEX_POINT('',#13141);
#3959=VERTEX_POINT('',#13144);
#3960=VERTEX_POINT('',#13146);
#3961=VERTEX_POINT('',#13148);
#3962=VERTEX_POINT('',#13150);
#3963=VERTEX_POINT('',#13152);
#3964=VERTEX_POINT('',#13154);
#3965=VERTEX_POINT('',#13156);
#3966=VERTEX_POINT('',#13158);
#3967=VERTEX_POINT('',#13160);
#3968=VERTEX_POINT('',#13164);
#3969=VERTEX_POINT('',#13170);
#3970=VERTEX_POINT('',#13172);
#3971=VERTEX_POINT('',#13174);
#3972=VERTEX_POINT('',#13177);
#3973=VERTEX_POINT('',#13179);
#3974=VERTEX_POINT('',#13181);
#3975=VERTEX_POINT('',#13185);
#3976=VERTEX_POINT('',#13189);
#3977=VERTEX_POINT('',#13195);
#3978=VERTEX_POINT('',#13197);
#3979=VERTEX_POINT('',#13199);
#3980=VERTEX_POINT('',#13201);
#3981=VERTEX_POINT('',#13203);
#3982=VERTEX_POINT('',#13205);
#3983=VERTEX_POINT('',#13208);
#3984=VERTEX_POINT('',#13210);
#3985=VERTEX_POINT('',#13212);
#3986=VERTEX_POINT('',#13215);
#3987=VERTEX_POINT('',#13217);
#3988=VERTEX_POINT('',#13221);
#3989=VERTEX_POINT('',#13225);
#3990=VERTEX_POINT('',#13231);
#3991=VERTEX_POINT('',#13232);
#3992=VERTEX_POINT('',#13234);
#3993=VERTEX_POINT('',#13236);
#3994=VERTEX_POINT('',#13238);
#3995=VERTEX_POINT('',#13241);
#3996=VERTEX_POINT('',#13243);
#3997=VERTEX_POINT('',#13245);
#3998=VERTEX_POINT('',#13247);
#3999=VERTEX_POINT('',#13249);
#4000=VERTEX_POINT('',#13251);
#4001=VERTEX_POINT('',#13254);
#4002=VERTEX_POINT('',#13255);
#4003=VERTEX_POINT('',#13289);
#4004=VERTEX_POINT('',#13293);
#4005=VERTEX_POINT('',#13297);
#4006=VERTEX_POINT('',#13298);
#4007=VERTEX_POINT('',#13300);
#4008=VERTEX_POINT('',#13302);
#4009=VERTEX_POINT('',#13306);
#4010=VERTEX_POINT('',#13308);
#4011=VERTEX_POINT('',#13312);
#4012=VERTEX_POINT('',#13314);
#4013=VERTEX_POINT('',#13325);
#4014=VERTEX_POINT('',#13327);
#4015=VERTEX_POINT('',#13330);
#4016=VERTEX_POINT('',#13332);
#4017=VERTEX_POINT('',#13338);
#4018=VERTEX_POINT('',#13340);
#4019=VERTEX_POINT('',#13342);
#4020=VERTEX_POINT('',#13353);
#4021=VERTEX_POINT('',#13357);
#4022=VERTEX_POINT('',#13362);
#4023=VERTEX_POINT('',#13367);
#4024=VERTEX_POINT('',#13376);
#4025=VERTEX_POINT('',#13378);
#4026=VERTEX_POINT('',#13380);
#4027=VERTEX_POINT('',#13391);
#4028=VERTEX_POINT('',#13395);
#4029=VERTEX_POINT('',#13397);
#4030=VERTEX_POINT('',#13407);
#4031=VERTEX_POINT('',#13408);
#4032=VERTEX_POINT('',#13410);
#4033=VERTEX_POINT('',#13412);
#4034=VERTEX_POINT('',#13414);
#4035=VERTEX_POINT('',#13416);
#4036=VERTEX_POINT('',#13418);
#4037=VERTEX_POINT('',#13420);
#4038=VERTEX_POINT('',#13423);
#4039=VERTEX_POINT('',#13424);
#4040=VERTEX_POINT('',#13426);
#4041=VERTEX_POINT('',#13428);
#4042=VERTEX_POINT('',#13431);
#4043=VERTEX_POINT('',#13432);
#4044=VERTEX_POINT('',#13434);
#4045=VERTEX_POINT('',#13436);
#4046=VERTEX_POINT('',#13439);
#4047=VERTEX_POINT('',#13440);
#4048=VERTEX_POINT('',#13442);
#4049=VERTEX_POINT('',#13444);
#4050=VERTEX_POINT('',#13447);
#4051=VERTEX_POINT('',#13449);
#4052=VERTEX_POINT('',#13451);
#4053=VERTEX_POINT('',#13453);
#4054=VERTEX_POINT('',#13456);
#4055=VERTEX_POINT('',#13457);
#4056=VERTEX_POINT('',#13459);
#4057=VERTEX_POINT('',#13461);
#4058=VERTEX_POINT('',#13463);
#4059=VERTEX_POINT('',#13465);
#4060=VERTEX_POINT('',#13467);
#4061=VERTEX_POINT('',#13469);
#4062=VERTEX_POINT('',#13472);
#4063=VERTEX_POINT('',#13474);
#4064=VERTEX_POINT('',#13476);
#4065=VERTEX_POINT('',#13478);
#4066=VERTEX_POINT('',#13505);
#4067=VERTEX_POINT('',#13507);
#4068=VERTEX_POINT('',#13511);
#4069=VERTEX_POINT('',#13515);
#4070=VERTEX_POINT('',#13522);
#4071=VERTEX_POINT('',#13524);
#4072=VERTEX_POINT('',#13528);
#4073=VERTEX_POINT('',#13532);
#4074=VERTEX_POINT('',#13539);
#4075=VERTEX_POINT('',#13541);
#4076=VERTEX_POINT('',#13545);
#4077=VERTEX_POINT('',#13549);
#4078=VERTEX_POINT('',#13557);
#4079=VERTEX_POINT('',#13558);
#4080=VERTEX_POINT('',#13560);
#4081=VERTEX_POINT('',#13562);
#4082=VERTEX_POINT('',#13566);
#4083=VERTEX_POINT('',#13568);
#4084=VERTEX_POINT('',#13572);
#4085=VERTEX_POINT('',#13574);
#4086=VERTEX_POINT('',#13584);
#4087=VERTEX_POINT('',#13585);
#4088=VERTEX_POINT('',#13587);
#4089=VERTEX_POINT('',#13589);
#4090=VERTEX_POINT('',#13593);
#4091=VERTEX_POINT('',#13595);
#4092=VERTEX_POINT('',#13599);
#4093=VERTEX_POINT('',#13601);
#4094=VERTEX_POINT('',#13611);
#4095=VERTEX_POINT('',#13612);
#4096=VERTEX_POINT('',#13614);
#4097=VERTEX_POINT('',#13616);
#4098=VERTEX_POINT('',#13618);
#4099=VERTEX_POINT('',#13620);
#4100=VERTEX_POINT('',#13622);
#4101=VERTEX_POINT('',#13624);
#4102=VERTEX_POINT('',#13626);
#4103=VERTEX_POINT('',#13628);
#4104=VERTEX_POINT('',#13630);
#4105=VERTEX_POINT('',#13632);
#4106=VERTEX_POINT('',#13634);
#4107=VERTEX_POINT('',#13636);
#4108=VERTEX_POINT('',#13638);
#4109=VERTEX_POINT('',#13640);
#4110=VERTEX_POINT('',#13643);
#4111=VERTEX_POINT('',#13645);
#4112=VERTEX_POINT('',#13648);
#4113=VERTEX_POINT('',#13649);
#4114=VERTEX_POINT('',#13651);
#4115=VERTEX_POINT('',#13653);
#4116=VERTEX_POINT('',#13656);
#4117=VERTEX_POINT('',#13659);
#4118=VERTEX_POINT('',#13660);
#4119=VERTEX_POINT('',#13662);
#4120=VERTEX_POINT('',#13664);
#4121=VERTEX_POINT('',#13667);
#4122=VERTEX_POINT('',#13670);
#4123=VERTEX_POINT('',#13671);
#4124=VERTEX_POINT('',#13673);
#4125=VERTEX_POINT('',#13675);
#4126=VERTEX_POINT('',#13677);
#4127=VERTEX_POINT('',#13679);
#4128=VERTEX_POINT('',#13686);
#4129=VERTEX_POINT('',#13700);
#4130=VERTEX_POINT('',#13715);
#4131=VERTEX_POINT('',#13716);
#4132=VERTEX_POINT('',#13718);
#4133=VERTEX_POINT('',#13720);
#4134=VERTEX_POINT('',#13722);
#4135=VERTEX_POINT('',#13724);
#4136=VERTEX_POINT('',#13728);
#4137=VERTEX_POINT('',#13729);
#4138=VERTEX_POINT('',#13731);
#4139=VERTEX_POINT('',#13733);
#4140=VERTEX_POINT('',#13735);
#4141=VERTEX_POINT('',#13737);
#4142=VERTEX_POINT('',#13739);
#4143=VERTEX_POINT('',#13741);
#4144=VERTEX_POINT('',#13745);
#4145=VERTEX_POINT('',#13747);
#4146=VERTEX_POINT('',#13749);
#4147=VERTEX_POINT('',#13751);
#4148=VERTEX_POINT('',#13753);
#4149=VERTEX_POINT('',#13755);
#4150=VERTEX_POINT('',#13757);
#4151=VERTEX_POINT('',#13759);
#4152=VERTEX_POINT('',#13761);
#4153=VERTEX_POINT('',#13763);
#4154=VERTEX_POINT('',#13765);
#4155=VERTEX_POINT('',#13767);
#4156=VERTEX_POINT('',#13769);
#4157=VERTEX_POINT('',#13771);
#4158=VERTEX_POINT('',#13773);
#4159=VERTEX_POINT('',#13775);
#4160=VERTEX_POINT('',#13777);
#4161=VERTEX_POINT('',#13779);
#4162=VERTEX_POINT('',#13781);
#4163=VERTEX_POINT('',#13783);
#4164=VERTEX_POINT('',#13785);
#4165=VERTEX_POINT('',#13787);
#4166=VERTEX_POINT('',#13789);
#4167=VERTEX_POINT('',#13791);
#4168=VERTEX_POINT('',#13793);
#4169=VERTEX_POINT('',#13795);
#4170=VERTEX_POINT('',#13797);
#4171=VERTEX_POINT('',#13799);
#4172=VERTEX_POINT('',#13801);
#4173=VERTEX_POINT('',#13803);
#4174=VERTEX_POINT('',#13807);
#4175=VERTEX_POINT('',#13809);
#4176=VERTEX_POINT('',#13813);
#4177=VERTEX_POINT('',#13817);
#4178=VERTEX_POINT('',#13821);
#4179=VERTEX_POINT('',#13824);
#4180=VERTEX_POINT('',#13827);
#4181=VERTEX_POINT('',#13831);
#4182=VERTEX_POINT('',#13835);
#4183=VERTEX_POINT('',#13839);
#4184=VERTEX_POINT('',#13841);
#4185=VERTEX_POINT('',#13845);
#4186=VERTEX_POINT('',#13849);
#4187=VERTEX_POINT('',#13853);
#4188=VERTEX_POINT('',#13857);
#4189=VERTEX_POINT('',#13861);
#4190=VERTEX_POINT('',#13865);
#4191=VERTEX_POINT('',#13867);
#4192=VERTEX_POINT('',#13871);
#4193=VERTEX_POINT('',#13875);
#4194=VERTEX_POINT('',#13879);
#4195=VERTEX_POINT('',#13883);
#4196=VERTEX_POINT('',#13886);
#4197=VERTEX_POINT('',#13889);
#4198=VERTEX_POINT('',#13893);
#4199=VERTEX_POINT('',#13897);
#4200=VERTEX_POINT('',#13901);
#4201=VERTEX_POINT('',#13903);
#4202=VERTEX_POINT('',#13907);
#4203=VERTEX_POINT('',#13911);
#4204=VERTEX_POINT('',#13913);
#4205=VERTEX_POINT('',#13915);
#4206=VERTEX_POINT('',#13917);
#4207=VERTEX_POINT('',#13925);
#4208=VERTEX_POINT('',#13927);
#4209=VERTEX_POINT('',#13930);
#4210=VERTEX_POINT('',#13934);
#4211=VERTEX_POINT('',#13938);
#4212=VERTEX_POINT('',#13945);
#4213=VERTEX_POINT('',#13949);
#4214=VERTEX_POINT('',#13953);
#4215=VERTEX_POINT('',#13958);
#4216=VERTEX_POINT('',#13960);
#4217=VERTEX_POINT('',#13964);
#4218=VERTEX_POINT('',#13968);
#4219=VERTEX_POINT('',#13974);
#4220=VERTEX_POINT('',#13988);
#4221=VERTEX_POINT('',#14001);
#4222=VERTEX_POINT('',#14016);
#4223=VERTEX_POINT('',#14018);
#4224=VERTEX_POINT('',#14022);
#4225=VERTEX_POINT('',#14024);
#4226=VERTEX_POINT('',#14028);
#4227=VERTEX_POINT('',#14030);
#4228=VERTEX_POINT('',#14034);
#4229=VERTEX_POINT('',#14036);
#4230=VERTEX_POINT('',#14040);
#4231=VERTEX_POINT('',#14045);
#4232=VERTEX_POINT('',#14050);
#4233=VERTEX_POINT('',#14055);
#4234=VERTEX_POINT('',#14066);
#4235=VERTEX_POINT('',#14071);
#4236=VERTEX_POINT('',#14079);
#4237=VERTEX_POINT('',#14084);
#4238=VERTEX_POINT('',#14089);
#4239=VERTEX_POINT('',#14094);
#4240=VERTEX_POINT('',#14100);
#4241=VERTEX_POINT('',#14101);
#4242=VERTEX_POINT('',#14103);
#4243=VERTEX_POINT('',#14105);
#4244=VERTEX_POINT('',#14109);
#4245=VERTEX_POINT('',#14110);
#4246=VERTEX_POINT('',#14112);
#4247=VERTEX_POINT('',#14114);
#4248=VERTEX_POINT('',#14118);
#4249=VERTEX_POINT('',#14119);
#4250=VERTEX_POINT('',#14121);
#4251=VERTEX_POINT('',#14123);
#4252=VERTEX_POINT('',#14127);
#4253=VERTEX_POINT('',#14129);
#4254=VERTEX_POINT('',#14131);
#4255=VERTEX_POINT('',#14135);
#4256=VERTEX_POINT('',#14136);
#4257=VERTEX_POINT('',#14139);
#4258=VERTEX_POINT('',#14141);
#4259=VERTEX_POINT('',#14143);
#4260=VERTEX_POINT('',#14145);
#4261=VERTEX_POINT('',#14147);
#4262=VERTEX_POINT('',#14149);
#4263=VERTEX_POINT('',#14152);
#4264=VERTEX_POINT('',#14154);
#4265=VERTEX_POINT('',#14156);
#4266=VERTEX_POINT('',#14158);
#4267=VERTEX_POINT('',#14161);
#4268=VERTEX_POINT('',#14163);
#4269=VERTEX_POINT('',#14165);
#4270=VERTEX_POINT('',#14167);
#4271=VERTEX_POINT('',#14169);
#4272=VERTEX_POINT('',#14171);
#4273=VERTEX_POINT('',#14174);
#4274=VERTEX_POINT('',#14175);
#4275=VERTEX_POINT('',#14177);
#4276=VERTEX_POINT('',#14179);
#4277=VERTEX_POINT('',#14183);
#4278=VERTEX_POINT('',#14185);
#4279=VERTEX_POINT('',#14187);
#4280=VERTEX_POINT('',#14189);
#4281=VERTEX_POINT('',#14192);
#4282=VERTEX_POINT('',#14195);
#4283=VERTEX_POINT('',#14197);
#4284=VERTEX_POINT('',#14200);
#4285=VERTEX_POINT('',#14201);
#4286=VERTEX_POINT('',#14206);
#4287=VERTEX_POINT('',#14210);
#4288=VERTEX_POINT('',#14211);
#4289=VERTEX_POINT('',#14213);
#4290=VERTEX_POINT('',#14215);
#4291=VERTEX_POINT('',#14219);
#4292=VERTEX_POINT('',#14221);
#4293=VERTEX_POINT('',#14225);
#4294=VERTEX_POINT('',#14227);
#4295=VERTEX_POINT('',#14231);
#4296=VERTEX_POINT('',#14233);
#4297=VERTEX_POINT('',#14236);
#4298=VERTEX_POINT('',#14239);
#4299=VERTEX_POINT('',#14241);
#4300=VERTEX_POINT('',#14245);
#4301=VERTEX_POINT('',#14247);
#4302=VERTEX_POINT('',#14251);
#4303=VERTEX_POINT('',#14253);
#4304=VERTEX_POINT('',#14257);
#4305=VERTEX_POINT('',#14260);
#4306=VERTEX_POINT('',#14262);
#4307=VERTEX_POINT('',#14266);
#4308=VERTEX_POINT('',#14270);
#4309=VERTEX_POINT('',#14274);
#4310=VERTEX_POINT('',#14278);
#4311=VERTEX_POINT('',#14282);
#4312=VERTEX_POINT('',#14286);
#4313=VERTEX_POINT('',#14288);
#4314=VERTEX_POINT('',#14290);
#4315=VERTEX_POINT('',#14292);
#4316=VERTEX_POINT('',#14296);
#4317=VERTEX_POINT('',#14298);
#4318=VERTEX_POINT('',#14302);
#4319=VERTEX_POINT('',#14304);
#4320=VERTEX_POINT('',#14308);
#4321=VERTEX_POINT('',#14310);
#4322=VERTEX_POINT('',#14314);
#4323=VERTEX_POINT('',#14316);
#4324=VERTEX_POINT('',#14319);
#4325=VERTEX_POINT('',#14322);
#4326=VERTEX_POINT('',#14324);
#4327=VERTEX_POINT('',#14328);
#4328=VERTEX_POINT('',#14330);
#4329=VERTEX_POINT('',#14334);
#4330=VERTEX_POINT('',#14336);
#4331=VERTEX_POINT('',#14340);
#4332=VERTEX_POINT('',#14343);
#4333=VERTEX_POINT('',#14345);
#4334=VERTEX_POINT('',#14351);
#4335=VERTEX_POINT('',#14353);
#4336=VERTEX_POINT('',#14357);
#4337=VERTEX_POINT('',#14361);
#4338=VERTEX_POINT('',#14364);
#4339=VERTEX_POINT('',#14370);
#4340=VERTEX_POINT('',#14372);
#4341=VERTEX_POINT('',#14375);
#4342=VERTEX_POINT('',#14381);
#4343=VERTEX_POINT('',#14385);
#4344=VERTEX_POINT('',#14387);
#4345=VERTEX_POINT('',#14389);
#4346=VERTEX_POINT('',#14390);
#4347=VERTEX_POINT('',#14409);
#4348=VERTEX_POINT('',#14413);
#4349=VERTEX_POINT('',#14415);
#4350=VERTEX_POINT('',#14417);
#4351=VERTEX_POINT('',#14419);
#4352=VERTEX_POINT('',#14432);
#4353=VERTEX_POINT('',#14434);
#4354=VERTEX_POINT('',#14436);
#4355=VERTEX_POINT('',#14438);
#4356=VERTEX_POINT('',#14452);
#4357=VERTEX_POINT('',#14457);
#4358=VERTEX_POINT('',#14470);
#4359=VERTEX_POINT('',#14471);
#4360=VERTEX_POINT('',#14473);
#4361=VERTEX_POINT('',#14475);
#4362=VERTEX_POINT('',#14477);
#4363=VERTEX_POINT('',#14479);
#4364=VERTEX_POINT('',#14481);
#4365=VERTEX_POINT('',#14483);
#4366=VERTEX_POINT('',#14485);
#4367=VERTEX_POINT('',#14487);
#4368=VERTEX_POINT('',#14489);
#4369=VERTEX_POINT('',#14491);
#4370=VERTEX_POINT('',#14494);
#4371=VERTEX_POINT('',#14496);
#4372=VERTEX_POINT('',#14498);
#4373=VERTEX_POINT('',#14501);
#4374=VERTEX_POINT('',#14502);
#4375=VERTEX_POINT('',#14504);
#4376=VERTEX_POINT('',#14506);
#4377=VERTEX_POINT('',#14508);
#4378=VERTEX_POINT('',#14510);
#4379=VERTEX_POINT('',#14512);
#4380=VERTEX_POINT('',#14514);
#4381=VERTEX_POINT('',#14516);
#4382=VERTEX_POINT('',#14518);
#4383=VERTEX_POINT('',#14520);
#4384=VERTEX_POINT('',#14522);
#4385=VERTEX_POINT('',#14525);
#4386=VERTEX_POINT('',#14527);
#4387=VERTEX_POINT('',#14529);
#4388=VERTEX_POINT('',#14563);
#4389=VERTEX_POINT('',#14564);
#4390=VERTEX_POINT('',#14566);
#4391=VERTEX_POINT('',#14568);
#4392=VERTEX_POINT('',#14572);
#4393=VERTEX_POINT('',#14574);
#4394=VERTEX_POINT('',#14578);
#4395=VERTEX_POINT('',#14580);
#4396=VERTEX_POINT('',#14584);
#4397=VERTEX_POINT('',#14586);
#4398=VERTEX_POINT('',#14590);
#4399=VERTEX_POINT('',#14592);
#4400=VERTEX_POINT('',#14596);
#4401=VERTEX_POINT('',#14598);
#4402=VERTEX_POINT('',#14602);
#4403=VERTEX_POINT('',#14604);
#4404=VERTEX_POINT('',#14608);
#4405=VERTEX_POINT('',#14610);
#4406=VERTEX_POINT('',#14614);
#4407=VERTEX_POINT('',#14616);
#4408=VERTEX_POINT('',#14620);
#4409=VERTEX_POINT('',#14622);
#4410=VERTEX_POINT('',#14626);
#4411=VERTEX_POINT('',#14628);
#4412=VERTEX_POINT('',#14632);
#4413=VERTEX_POINT('',#14634);
#4414=VERTEX_POINT('',#14638);
#4415=VERTEX_POINT('',#14640);
#4416=VERTEX_POINT('',#14644);
#4417=VERTEX_POINT('',#14646);
#4418=VERTEX_POINT('',#14650);
#4419=VERTEX_POINT('',#14652);
#4420=VERTEX_POINT('',#14656);
#4421=VERTEX_POINT('',#14658);
#4422=VERTEX_POINT('',#14662);
#4423=VERTEX_POINT('',#14664);
#4424=VERTEX_POINT('',#14668);
#4425=VERTEX_POINT('',#14670);
#4426=VERTEX_POINT('',#14674);
#4427=VERTEX_POINT('',#14676);
#4428=VERTEX_POINT('',#14680);
#4429=VERTEX_POINT('',#14682);
#4430=VERTEX_POINT('',#14686);
#4431=VERTEX_POINT('',#14688);
#4432=VERTEX_POINT('',#14692);
#4433=VERTEX_POINT('',#14694);
#4434=VERTEX_POINT('',#14698);
#4435=VERTEX_POINT('',#14700);
#4436=VERTEX_POINT('',#14710);
#4437=VERTEX_POINT('',#14711);
#4438=VERTEX_POINT('',#14713);
#4439=VERTEX_POINT('',#14715);
#4440=VERTEX_POINT('',#14719);
#4441=VERTEX_POINT('',#14721);
#4442=VERTEX_POINT('',#14725);
#4443=VERTEX_POINT('',#14727);
#4444=VERTEX_POINT('',#14731);
#4445=VERTEX_POINT('',#14733);
#4446=VERTEX_POINT('',#14737);
#4447=VERTEX_POINT('',#14739);
#4448=VERTEX_POINT('',#14743);
#4449=VERTEX_POINT('',#14745);
#4450=VERTEX_POINT('',#14749);
#4451=VERTEX_POINT('',#14751);
#4452=VERTEX_POINT('',#14755);
#4453=VERTEX_POINT('',#14757);
#4454=VERTEX_POINT('',#14761);
#4455=VERTEX_POINT('',#14763);
#4456=VERTEX_POINT('',#14767);
#4457=VERTEX_POINT('',#14769);
#4458=VERTEX_POINT('',#14773);
#4459=VERTEX_POINT('',#14775);
#4460=VERTEX_POINT('',#14779);
#4461=VERTEX_POINT('',#14781);
#4462=VERTEX_POINT('',#14785);
#4463=VERTEX_POINT('',#14787);
#4464=VERTEX_POINT('',#14791);
#4465=VERTEX_POINT('',#14793);
#4466=VERTEX_POINT('',#14797);
#4467=VERTEX_POINT('',#14799);
#4468=VERTEX_POINT('',#14803);
#4469=VERTEX_POINT('',#14805);
#4470=VERTEX_POINT('',#14809);
#4471=VERTEX_POINT('',#14811);
#4472=VERTEX_POINT('',#14815);
#4473=VERTEX_POINT('',#14817);
#4474=VERTEX_POINT('',#14821);
#4475=VERTEX_POINT('',#14823);
#4476=VERTEX_POINT('',#14827);
#4477=VERTEX_POINT('',#14829);
#4478=VERTEX_POINT('',#14833);
#4479=VERTEX_POINT('',#14835);
#4480=VERTEX_POINT('',#14839);
#4481=VERTEX_POINT('',#14841);
#4482=VERTEX_POINT('',#14845);
#4483=VERTEX_POINT('',#14847);
#4484=VERTEX_POINT('',#14851);
#4485=VERTEX_POINT('',#14853);
#4486=VERTEX_POINT('',#14857);
#4487=VERTEX_POINT('',#14859);
#4488=VERTEX_POINT('',#14863);
#4489=VERTEX_POINT('',#14865);
#4490=VERTEX_POINT('',#14869);
#4491=VERTEX_POINT('',#14871);
#4492=VERTEX_POINT('',#14875);
#4493=VERTEX_POINT('',#14877);
#4494=VERTEX_POINT('',#14881);
#4495=VERTEX_POINT('',#14883);
#4496=VERTEX_POINT('',#14887);
#4497=VERTEX_POINT('',#14889);
#4498=VERTEX_POINT('',#14893);
#4499=VERTEX_POINT('',#14895);
#4500=VERTEX_POINT('',#14899);
#4501=VERTEX_POINT('',#14901);
#4502=VERTEX_POINT('',#14905);
#4503=VERTEX_POINT('',#14907);
#4504=VERTEX_POINT('',#14911);
#4505=VERTEX_POINT('',#14913);
#4506=VERTEX_POINT('',#14917);
#4507=VERTEX_POINT('',#14919);
#4508=VERTEX_POINT('',#14923);
#4509=VERTEX_POINT('',#14925);
#4510=VERTEX_POINT('',#14929);
#4511=VERTEX_POINT('',#14931);
#4512=VERTEX_POINT('',#14935);
#4513=VERTEX_POINT('',#14937);
#4514=VERTEX_POINT('',#14941);
#4515=VERTEX_POINT('',#14943);
#4516=VERTEX_POINT('',#14947);
#4517=VERTEX_POINT('',#14949);
#4518=VERTEX_POINT('',#14953);
#4519=VERTEX_POINT('',#14955);
#4520=VERTEX_POINT('',#14959);
#4521=VERTEX_POINT('',#14961);
#4522=VERTEX_POINT('',#14965);
#4523=VERTEX_POINT('',#14967);
#4524=VERTEX_POINT('',#14971);
#4525=VERTEX_POINT('',#14973);
#4526=VERTEX_POINT('',#14977);
#4527=VERTEX_POINT('',#14979);
#4528=VERTEX_POINT('',#14983);
#4529=VERTEX_POINT('',#14985);
#4530=VERTEX_POINT('',#14989);
#4531=VERTEX_POINT('',#14991);
#4532=VERTEX_POINT('',#14995);
#4533=VERTEX_POINT('',#14997);
#4534=VERTEX_POINT('',#15001);
#4535=VERTEX_POINT('',#15003);
#4536=VERTEX_POINT('',#15007);
#4537=VERTEX_POINT('',#15009);
#4538=VERTEX_POINT('',#15013);
#4539=VERTEX_POINT('',#15015);
#4540=VERTEX_POINT('',#15019);
#4541=VERTEX_POINT('',#15021);
#4542=VERTEX_POINT('',#15025);
#4543=VERTEX_POINT('',#15027);
#4544=VERTEX_POINT('',#15031);
#4545=VERTEX_POINT('',#15033);
#4546=VERTEX_POINT('',#15037);
#4547=VERTEX_POINT('',#15039);
#4548=VERTEX_POINT('',#15043);
#4549=VERTEX_POINT('',#15045);
#4550=VERTEX_POINT('',#15049);
#4551=VERTEX_POINT('',#15051);
#4552=VERTEX_POINT('',#15055);
#4553=VERTEX_POINT('',#15057);
#4554=VERTEX_POINT('',#15061);
#4555=VERTEX_POINT('',#15063);
#4556=VERTEX_POINT('',#15067);
#4557=VERTEX_POINT('',#15069);
#4558=VERTEX_POINT('',#15073);
#4559=VERTEX_POINT('',#15075);
#4560=VERTEX_POINT('',#15079);
#4561=VERTEX_POINT('',#15081);
#4562=VERTEX_POINT('',#15085);
#4563=VERTEX_POINT('',#15087);
#4564=VERTEX_POINT('',#15094);
#4565=VERTEX_POINT('',#15095);
#4566=VERTEX_POINT('',#15097);
#4567=VERTEX_POINT('',#15099);
#4568=VERTEX_POINT('',#15101);
#4569=VERTEX_POINT('',#15104);
#4570=VERTEX_POINT('',#15105);
#4571=VERTEX_POINT('',#15107);
#4572=VERTEX_POINT('',#15109);
#4573=VERTEX_POINT('',#15111);
#4574=VERTEX_POINT('',#15114);
#4575=VERTEX_POINT('',#15115);
#4576=VERTEX_POINT('',#15117);
#4577=VERTEX_POINT('',#15119);
#4578=VERTEX_POINT('',#15121);
#4579=VERTEX_POINT('',#15124);
#4580=VERTEX_POINT('',#15125);
#4581=VERTEX_POINT('',#15127);
#4582=VERTEX_POINT('',#15129);
#4583=VERTEX_POINT('',#15131);
#4584=VERTEX_POINT('',#15134);
#4585=VERTEX_POINT('',#15137);
#4586=VERTEX_POINT('',#15138);
#4587=VERTEX_POINT('',#15140);
#4588=VERTEX_POINT('',#15142);
#4589=VERTEX_POINT('',#15144);
#4590=VERTEX_POINT('',#15147);
#4591=VERTEX_POINT('',#15148);
#4592=VERTEX_POINT('',#15150);
#4593=VERTEX_POINT('',#15152);
#4594=VERTEX_POINT('',#15154);
#4595=VERTEX_POINT('',#15157);
#4596=VERTEX_POINT('',#15158);
#4597=VERTEX_POINT('',#15160);
#4598=VERTEX_POINT('',#15162);
#4599=VERTEX_POINT('',#15164);
#4600=VERTEX_POINT('',#15167);
#4601=VERTEX_POINT('',#15168);
#4602=VERTEX_POINT('',#15170);
#4603=VERTEX_POINT('',#15172);
#4604=VERTEX_POINT('',#15174);
#4605=VERTEX_POINT('',#15177);
#4606=VERTEX_POINT('',#15223);
#4607=VERTEX_POINT('',#15224);
#4608=VERTEX_POINT('',#15226);
#4609=VERTEX_POINT('',#15228);
#4610=VERTEX_POINT('',#15232);
#4611=VERTEX_POINT('',#15234);
#4612=VERTEX_POINT('',#15238);
#4613=VERTEX_POINT('',#15240);
#4614=VERTEX_POINT('',#15244);
#4615=VERTEX_POINT('',#15246);
#4616=VERTEX_POINT('',#15250);
#4617=VERTEX_POINT('',#15252);
#4618=VERTEX_POINT('',#15256);
#4619=VERTEX_POINT('',#15258);
#4620=VERTEX_POINT('',#15262);
#4621=VERTEX_POINT('',#15264);
#4622=VERTEX_POINT('',#15271);
#4623=VERTEX_POINT('',#15273);
#4624=VERTEX_POINT('',#15275);
#4625=VERTEX_POINT('',#15277);
#4626=VERTEX_POINT('',#15279);
#4627=VERTEX_POINT('',#15282);
#4628=VERTEX_POINT('',#15287);
#4629=VERTEX_POINT('',#15292);
#4630=VERTEX_POINT('',#15297);
#4631=VERTEX_POINT('',#15302);
#4632=VERTEX_POINT('',#15306);
#4633=VERTEX_POINT('',#15309);
#4634=VERTEX_POINT('',#15316);
#4635=VERTEX_POINT('',#15318);
#4636=VERTEX_POINT('',#15322);
#4637=VERTEX_POINT('',#15324);
#4638=VERTEX_POINT('',#15328);
#4639=VERTEX_POINT('',#15329);
#4640=VERTEX_POINT('',#15331);
#4641=VERTEX_POINT('',#15333);
#4642=VERTEX_POINT('',#15335);
#4643=VERTEX_POINT('',#15337);
#4644=VERTEX_POINT('',#15339);
#4645=VERTEX_POINT('',#15341);
#4646=VERTEX_POINT('',#15343);
#4647=VERTEX_POINT('',#15345);
#4648=VERTEX_POINT('',#15347);
#4649=VERTEX_POINT('',#15349);
#4650=VERTEX_POINT('',#15351);
#4651=VERTEX_POINT('',#15353);
#4652=VERTEX_POINT('',#15357);
#4653=VERTEX_POINT('',#15358);
#4654=VERTEX_POINT('',#15363);
#4655=VERTEX_POINT('',#15365);
#4656=VERTEX_POINT('',#15369);
#4657=VERTEX_POINT('',#15371);
#4658=VERTEX_POINT('',#15373);
#4659=VERTEX_POINT('',#15375);
#4660=VERTEX_POINT('',#15377);
#4661=VERTEX_POINT('',#15379);
#4662=VERTEX_POINT('',#15381);
#4663=VERTEX_POINT('',#15383);
#4664=VERTEX_POINT('',#15385);
#4665=VERTEX_POINT('',#15387);
#4666=VERTEX_POINT('',#15390);
#4667=VERTEX_POINT('',#15392);
#4668=VERTEX_POINT('',#15394);
#4669=VERTEX_POINT('',#15396);
#4670=VERTEX_POINT('',#15398);
#4671=VERTEX_POINT('',#15400);
#4672=VERTEX_POINT('',#15402);
#4673=VERTEX_POINT('',#15405);
#4674=VERTEX_POINT('',#15410);
#4675=VERTEX_POINT('',#15414);
#4676=VERTEX_POINT('',#15418);
#4677=VERTEX_POINT('',#15422);
#4678=VERTEX_POINT('',#15426);
#4679=VERTEX_POINT('',#15430);
#4680=VERTEX_POINT('',#15434);
#4681=VERTEX_POINT('',#15438);
#4682=VERTEX_POINT('',#15442);
#4683=VERTEX_POINT('',#15449);
#4684=VERTEX_POINT('',#15453);
#4685=VERTEX_POINT('',#15457);
#4686=VERTEX_POINT('',#15459);
#4687=VERTEX_POINT('',#15461);
#4688=VERTEX_POINT('',#15463);
#4689=VERTEX_POINT('',#15465);
#4690=VERTEX_POINT('',#15467);
#4691=VERTEX_POINT('',#15470);
#4692=VERTEX_POINT('',#15472);
#4693=VERTEX_POINT('',#15474);
#4694=VERTEX_POINT('',#15476);
#4695=VERTEX_POINT('',#15478);
#4696=VERTEX_POINT('',#15502);
#4697=VERTEX_POINT('',#15506);
#4698=VERTEX_POINT('',#15511);
#4699=VERTEX_POINT('',#15516);
#4700=VERTEX_POINT('',#15522);
#4701=VERTEX_POINT('',#15524);
#4702=VERTEX_POINT('',#15529);
#4703=VERTEX_POINT('',#15531);
#4704=VERTEX_POINT('',#15535);
#4705=VERTEX_POINT('',#15536);
#4706=VERTEX_POINT('',#15541);
#4707=VERTEX_POINT('',#15543);
#4708=VERTEX_POINT('',#15551);
#4709=VERTEX_POINT('',#15553);
#4710=VERTEX_POINT('',#15556);
#4711=VERTEX_POINT('',#15558);
#4712=EDGE_CURVE('',#3850,#3851,#1560,.T.);
#4713=EDGE_CURVE('',#3852,#3850,#1561,.T.);
#4714=EDGE_CURVE('',#3852,#3853,#1562,.T.);
#4715=EDGE_CURVE('',#3853,#3854,#1563,.T.);
#4716=EDGE_CURVE('',#3854,#3855,#1564,.T.);
#4717=EDGE_CURVE('',#3855,#3856,#1415,.T.);
#4718=EDGE_CURVE('',#3856,#3857,#1565,.T.);
#4719=EDGE_CURVE('',#3857,#3858,#1566,.T.);
#4720=EDGE_CURVE('',#3858,#3859,#1567,.T.);
#4721=EDGE_CURVE('',#3859,#3860,#1416,.T.);
#4722=EDGE_CURVE('',#3861,#3860,#1568,.T.);
#4723=EDGE_CURVE('',#3862,#3861,#1569,.T.);
#4724=EDGE_CURVE('',#3862,#3863,#1570,.T.);
#4725=EDGE_CURVE('',#3863,#3864,#1571,.T.);
#4726=EDGE_CURVE('',#3864,#3865,#1572,.T.);
#4727=EDGE_CURVE('',#3865,#3866,#1573,.T.);
#4728=EDGE_CURVE('',#3866,#3867,#1574,.T.);
#4729=EDGE_CURVE('',#3867,#3868,#1575,.T.);
#4730=EDGE_CURVE('',#3868,#3869,#1576,.T.);
#4731=EDGE_CURVE('',#3869,#3870,#1577,.T.);
#4732=EDGE_CURVE('',#3871,#3870,#1578,.T.);
#4733=EDGE_CURVE('',#3851,#3871,#1579,.T.);
#4734=EDGE_CURVE('',#3872,#3873,#1580,.T.);
#4735=EDGE_CURVE('',#3872,#3874,#1581,.T.);
#4736=EDGE_CURVE('',#3875,#3874,#1582,.T.);
#4737=EDGE_CURVE('',#3873,#3875,#1583,.T.);
#4738=EDGE_CURVE('',#3863,#3876,#1584,.T.);
#4739=EDGE_CURVE('',#3877,#3876,#1585,.T.);
#4740=EDGE_CURVE('',#3877,#3864,#1586,.T.);
#4741=EDGE_CURVE('',#3878,#3879,#1417,.F.);
#4742=EDGE_CURVE('',#3878,#3860,#1587,.T.);
#4743=EDGE_CURVE('',#3879,#3859,#1588,.T.);
#4744=EDGE_CURVE('',#3880,#3881,#271,.F.);
#4745=EDGE_CURVE('',#3880,#3882,#1589,.T.);
#4746=EDGE_CURVE('',#3882,#3866,#1590,.T.);
#4747=EDGE_CURVE('',#3866,#3883,#1591,.T.);
#4748=EDGE_CURVE('',#3883,#3884,#1592,.T.);
#4749=EDGE_CURVE('',#3885,#3884,#1593,.T.);
#4750=EDGE_CURVE('',#3886,#3885,#1594,.T.);
#4751=EDGE_CURVE('',#3886,#3887,#1595,.T.);
#4752=EDGE_CURVE('',#3888,#3887,#1596,.T.);
#4753=EDGE_CURVE('',#3888,#3881,#1597,.T.);
#4754=EDGE_CURVE('',#3880,#3881,#1418,.T.);
#4755=EDGE_CURVE('',#3889,#3888,#1598,.T.);
#4756=EDGE_CURVE('',#3889,#3890,#1599,.T.);
#4757=EDGE_CURVE('',#3882,#3890,#1600,.T.);
#4758=EDGE_CURVE('',#3891,#3891,#1419,.F.);
#4759=EDGE_CURVE('',#3892,#3893,#1601,.T.);
#4760=EDGE_CURVE('',#3892,#3853,#1602,.T.);
#4761=EDGE_CURVE('',#3894,#3852,#1603,.T.);
#4762=EDGE_CURVE('',#3895,#3894,#1604,.T.);
#4763=EDGE_CURVE('',#3896,#3895,#1605,.T.);
#4764=EDGE_CURVE('',#3896,#3897,#1606,.T.);
#4765=EDGE_CURVE('',#3897,#3898,#1607,.T.);
#4766=EDGE_CURVE('',#3898,#3899,#1608,.T.);
#4767=EDGE_CURVE('',#3900,#3899,#1609,.T.);
#4768=EDGE_CURVE('',#3901,#3900,#1610,.T.);
#4769=EDGE_CURVE('',#3901,#3893,#1611,.T.);
#4770=EDGE_CURVE('',#3902,#3901,#1612,.T.);
#4771=EDGE_CURVE('',#3902,#3903,#1613,.T.);
#4772=EDGE_CURVE('',#3904,#3903,#1614,.T.);
#4773=EDGE_CURVE('',#3905,#3904,#1615,.T.);
#4774=EDGE_CURVE('',#3906,#3905,#1616,.T.);
#4775=EDGE_CURVE('',#3907,#3906,#1617,.T.);
#4776=EDGE_CURVE('',#3908,#3907,#1618,.T.);
#4777=EDGE_CURVE('',#3909,#3908,#1619,.T.);
#4778=EDGE_CURVE('',#3910,#3909,#1620,.T.);
#4779=EDGE_CURVE('',#3911,#3910,#1621,.T.);
#4780=EDGE_CURVE('',#3912,#3911,#1622,.T.);
#4781=EDGE_CURVE('',#3913,#3912,#1623,.T.);
#4782=EDGE_CURVE('',#3914,#3913,#1624,.T.);
#4783=EDGE_CURVE('',#3915,#3914,#1625,.T.);
#4784=EDGE_CURVE('',#3916,#3915,#1626,.T.);
#4785=EDGE_CURVE('',#3917,#3916,#1627,.T.);
#4786=EDGE_CURVE('',#3918,#3917,#1628,.T.);
#4787=EDGE_CURVE('',#3919,#3918,#1629,.T.);
#4788=EDGE_CURVE('',#3920,#3919,#1630,.T.);
#4789=EDGE_CURVE('',#3921,#3920,#1631,.T.);
#4790=EDGE_CURVE('',#3922,#3921,#1632,.T.);
#4791=EDGE_CURVE('',#3923,#3922,#1633,.T.);
#4792=EDGE_CURVE('',#3924,#3923,#1634,.T.);
#4793=EDGE_CURVE('',#3925,#3924,#1635,.T.);
#4794=EDGE_CURVE('',#3926,#3925,#1636,.T.);
#4795=EDGE_CURVE('',#3927,#3926,#1637,.T.);
#4796=EDGE_CURVE('',#3928,#3927,#1638,.T.);
#4797=EDGE_CURVE('',#3870,#3928,#1639,.T.);
#4798=EDGE_CURVE('',#3929,#3869,#1640,.T.);
#4799=EDGE_CURVE('',#3893,#3929,#1641,.T.);
#4800=EDGE_CURVE('',#3930,#3926,#1642,.T.);
#4801=EDGE_CURVE('',#3931,#3930,#1643,.T.);
#4802=EDGE_CURVE('',#3931,#3927,#1644,.T.);
#4803=EDGE_CURVE('',#3932,#3925,#1645,.T.);
#4804=EDGE_CURVE('',#3930,#3932,#1646,.T.);
#4805=EDGE_CURVE('',#3933,#3924,#1647,.T.);
#4806=EDGE_CURVE('',#3932,#3933,#1648,.T.);
#4807=EDGE_CURVE('',#3934,#3923,#1649,.T.);
#4808=EDGE_CURVE('',#3933,#3934,#1650,.T.);
#4809=EDGE_CURVE('',#3935,#3922,#1651,.T.);
#4810=EDGE_CURVE('',#3934,#3935,#1652,.T.);
#4811=EDGE_CURVE('',#3936,#3921,#1653,.T.);
#4812=EDGE_CURVE('',#3935,#3936,#1654,.T.);
#4813=EDGE_CURVE('',#3937,#3920,#1655,.T.);
#4814=EDGE_CURVE('',#3936,#3937,#1656,.T.);
#4815=EDGE_CURVE('',#3938,#3919,#1657,.T.);
#4816=EDGE_CURVE('',#3937,#3938,#1658,.T.);
#4817=EDGE_CURVE('',#3939,#3918,#1659,.T.);
#4818=EDGE_CURVE('',#3938,#3939,#1660,.T.);
#4819=EDGE_CURVE('',#3940,#3917,#1661,.T.);
#4820=EDGE_CURVE('',#3939,#3940,#1662,.T.);
#4821=EDGE_CURVE('',#3941,#3916,#1663,.T.);
#4822=EDGE_CURVE('',#3940,#3941,#1664,.T.);
#4823=EDGE_CURVE('',#3942,#3915,#1665,.T.);
#4824=EDGE_CURVE('',#3941,#3942,#1666,.T.);
#4825=EDGE_CURVE('',#3943,#3914,#1667,.T.);
#4826=EDGE_CURVE('',#3942,#3943,#1668,.T.);
#4827=EDGE_CURVE('',#3944,#3913,#1669,.T.);
#4828=EDGE_CURVE('',#3943,#3944,#1670,.T.);
#4829=EDGE_CURVE('',#3945,#3912,#1671,.T.);
#4830=EDGE_CURVE('',#3944,#3945,#1672,.T.);
#4831=EDGE_CURVE('',#3946,#3911,#1673,.T.);
#4832=EDGE_CURVE('',#3945,#3946,#1674,.T.);
#4833=EDGE_CURVE('',#3947,#3910,#1675,.T.);
#4834=EDGE_CURVE('',#3946,#3947,#1676,.T.);
#4835=EDGE_CURVE('',#3948,#3909,#1677,.T.);
#4836=EDGE_CURVE('',#3947,#3948,#1678,.T.);
#4837=EDGE_CURVE('',#3949,#3908,#1679,.T.);
#4838=EDGE_CURVE('',#3948,#3949,#1680,.T.);
#4839=EDGE_CURVE('',#3950,#3907,#1681,.T.);
#4840=EDGE_CURVE('',#3949,#3950,#1682,.T.);
#4841=EDGE_CURVE('',#3951,#3906,#1683,.T.);
#4842=EDGE_CURVE('',#3950,#3951,#1684,.T.);
#4843=EDGE_CURVE('',#3952,#3905,#1685,.T.);
#4844=EDGE_CURVE('',#3951,#3952,#1686,.T.);
#4845=EDGE_CURVE('',#3953,#3904,#1687,.T.);
#4846=EDGE_CURVE('',#3952,#3953,#1688,.T.);
#4847=EDGE_CURVE('',#3898,#3954,#1689,.T.);
#4848=EDGE_CURVE('',#3954,#3955,#1690,.T.);
#4849=EDGE_CURVE('',#3953,#3955,#1691,.T.);
#4850=EDGE_CURVE('',#3903,#3956,#1692,.T.);
#4851=EDGE_CURVE('',#3956,#3957,#1693,.T.);
#4852=EDGE_CURVE('',#3957,#3887,#1694,.T.);
#4853=EDGE_CURVE('',#3887,#3958,#1695,.T.);
#4854=EDGE_CURVE('',#3958,#3875,#1696,.T.);
#4855=EDGE_CURVE('',#3959,#3874,#1697,.T.);
#4856=EDGE_CURVE('',#3960,#3959,#1698,.T.);
#4857=EDGE_CURVE('',#3960,#3961,#1699,.T.);
#4858=EDGE_CURVE('',#3961,#3962,#1420,.T.);
#4859=EDGE_CURVE('',#3962,#3963,#1700,.T.);
#4860=EDGE_CURVE('',#3963,#3964,#1701,.T.);
#4861=EDGE_CURVE('',#3964,#3965,#1702,.T.);
#4862=EDGE_CURVE('',#3965,#3966,#1421,.T.);
#4863=EDGE_CURVE('',#3966,#3967,#1703,.T.);
#4864=EDGE_CURVE('',#3967,#3899,#1704,.T.);
#4865=EDGE_CURVE('',#3968,#3928,#1705,.T.);
#4866=EDGE_CURVE('',#3871,#3968,#1706,.T.);
#4867=EDGE_CURVE('',#3968,#3931,#1707,.T.);
#4868=EDGE_CURVE('',#3969,#3955,#1708,.T.);
#4869=EDGE_CURVE('',#3969,#3970,#1709,.T.);
#4870=EDGE_CURVE('',#3970,#3971,#1710,.T.);
#4871=EDGE_CURVE('',#3896,#3971,#1711,.T.);
#4872=EDGE_CURVE('',#3895,#3972,#1712,.T.);
#4873=EDGE_CURVE('',#3973,#3972,#1713,.T.);
#4874=EDGE_CURVE('',#3974,#3973,#1714,.T.);
#4875=EDGE_CURVE('',#3974,#3851,#1715,.T.);
#4876=EDGE_CURVE('',#3929,#3975,#1716,.T.);
#4877=EDGE_CURVE('',#3975,#3868,#1717,.T.);
#4878=EDGE_CURVE('',#3975,#3976,#1718,.T.);
#4879=EDGE_CURVE('',#3976,#3867,#1719,.T.);
#4880=EDGE_CURVE('',#3976,#3882,#1720,.T.);
#4881=EDGE_CURVE('',#3977,#3878,#1721,.T.);
#4882=EDGE_CURVE('',#3879,#3978,#1722,.T.);
#4883=EDGE_CURVE('',#3978,#3979,#1723,.T.);
#4884=EDGE_CURVE('',#3979,#3980,#1724,.T.);
#4885=EDGE_CURVE('',#3980,#3981,#1422,.F.);
#4886=EDGE_CURVE('',#3981,#3982,#1725,.T.);
#4887=EDGE_CURVE('',#3982,#3892,#1726,.T.);
#4888=EDGE_CURVE('',#3890,#3983,#1727,.T.);
#4889=EDGE_CURVE('',#3983,#3984,#1728,.T.);
#4890=EDGE_CURVE('',#3985,#3984,#1729,.T.);
#4891=EDGE_CURVE('',#3977,#3985,#1730,.T.);
#4892=EDGE_CURVE('',#3986,#3876,#1731,.T.);
#4893=EDGE_CURVE('',#3987,#3986,#1732,.T.);
#4894=EDGE_CURVE('',#3987,#3877,#1733,.T.);
#4895=EDGE_CURVE('',#3888,#3988,#1734,.T.);
#4896=EDGE_CURVE('',#3988,#3957,#1735,.T.);
#4897=EDGE_CURVE('',#3988,#3989,#1736,.T.);
#4898=EDGE_CURVE('',#3989,#3956,#1737,.T.);
#4899=EDGE_CURVE('',#3989,#3902,#1738,.T.);
#4900=EDGE_CURVE('',#3990,#3991,#1739,.T.);
#4901=EDGE_CURVE('',#3992,#3990,#1740,.T.);
#4902=EDGE_CURVE('',#3992,#3993,#1741,.T.);
#4903=EDGE_CURVE('',#3993,#3994,#1742,.T.);
#4904=EDGE_CURVE('',#3889,#3994,#1743,.T.);
#4905=EDGE_CURVE('',#3900,#3995,#1744,.T.);
#4906=EDGE_CURVE('',#3995,#3996,#1745,.T.);
#4907=EDGE_CURVE('',#3996,#3997,#1423,.F.);
#4908=EDGE_CURVE('',#3997,#3998,#1746,.T.);
#4909=EDGE_CURVE('',#3998,#3999,#1747,.T.);
#4910=EDGE_CURVE('',#3999,#4000,#1748,.T.);
#4911=EDGE_CURVE('',#4000,#3991,#1424,.F.);
#4912=EDGE_CURVE('',#4001,#4002,#1749,.T.);
#4913=EDGE_CURVE('',#4001,#3872,#1750,.T.);
#4914=EDGE_CURVE('',#3873,#4002,#1751,.T.);
#4915=EDGE_CURVE('',#3997,#3965,#1752,.T.);
#4916=EDGE_CURVE('',#3998,#3964,#1753,.T.);
#4917=EDGE_CURVE('',#3999,#3963,#1754,.T.);
#4918=EDGE_CURVE('',#4000,#3962,#1755,.T.);
#4919=EDGE_CURVE('',#3991,#3961,#1756,.T.);
#4920=EDGE_CURVE('',#4002,#3958,#1757,.T.);
#4921=EDGE_CURVE('',#3995,#3967,#1758,.T.);
#4922=EDGE_CURVE('',#3996,#3966,#1759,.T.);
#4923=EDGE_CURVE('',#3979,#3857,#1760,.T.);
#4924=EDGE_CURVE('',#3980,#3856,#1761,.T.);
#4925=EDGE_CURVE('',#3981,#3855,#1762,.T.);
#4926=EDGE_CURVE('',#3982,#3854,#1763,.T.);
#4927=EDGE_CURVE('',#3987,#3865,#1764,.T.);
#4928=EDGE_CURVE('',#3978,#3858,#1765,.T.);
#4929=EDGE_CURVE('',#3886,#4003,#1766,.T.);
#4930=EDGE_CURVE('',#4003,#3958,#1767,.T.);
#4931=EDGE_CURVE('',#3865,#4004,#1768,.T.);
#4932=EDGE_CURVE('',#3883,#4004,#1769,.T.);
#4933=EDGE_CURVE('',#4005,#4006,#1770,.T.);
#4934=EDGE_CURVE('',#4006,#4007,#1425,.T.);
#4935=EDGE_CURVE('',#4008,#4007,#1771,.T.);
#4936=EDGE_CURVE('',#4005,#4008,#1426,.T.);
#4937=EDGE_CURVE('',#4007,#4009,#1772,.T.);
#4938=EDGE_CURVE('',#4010,#4009,#1773,.T.);
#4939=EDGE_CURVE('',#4008,#4010,#1774,.T.);
#4940=EDGE_CURVE('',#4009,#4011,#1427,.T.);
#4941=EDGE_CURVE('',#4012,#4011,#1775,.T.);
#4942=EDGE_CURVE('',#4010,#4012,#1428,.T.);
#4943=EDGE_CURVE('',#3959,#4001,#1776,.T.);
#4944=EDGE_CURVE('',#4012,#4003,#1777,.T.);
#4945=EDGE_CURVE('',#4011,#4004,#1778,.T.);
#4946=EDGE_CURVE('',#3986,#3862,#1779,.T.);
#4947=EDGE_CURVE('',#3861,#3977,#1780,.T.);
#4948=EDGE_CURVE('',#3985,#3992,#1781,.T.);
#4949=EDGE_CURVE('',#3990,#3960,#1782,.T.);
#4950=EDGE_CURVE('',#4013,#4013,#272,.F.);
#4951=EDGE_CURVE('',#4014,#4014,#273,.F.);
#4952=EDGE_CURVE('',#3884,#4015,#1429,.T.);
#4953=EDGE_CURVE('',#4016,#4015,#1783,.T.);
#4954=EDGE_CURVE('',#3885,#4016,#1430,.T.);
#4955=EDGE_CURVE('',#4015,#4006,#1784,.T.);
#4956=EDGE_CURVE('',#4016,#4005,#1785,.T.);
#4957=EDGE_CURVE('',#4017,#4017,#1431,.T.);
#4958=EDGE_CURVE('',#4018,#4018,#1432,.T.);
#4959=EDGE_CURVE('',#4019,#4019,#1433,.T.);
#4960=EDGE_CURVE('',#3984,#3993,#1786,.T.);
#4961=EDGE_CURVE('',#3994,#3983,#1787,.T.);
#4962=EDGE_CURVE('',#3891,#4019,#1788,.T.);
#4963=EDGE_CURVE('',#4020,#4020,#1434,.T.);
#4964=EDGE_CURVE('',#4020,#4018,#1789,.T.);
#4965=EDGE_CURVE('',#4021,#4021,#1435,.T.);
#4966=EDGE_CURVE('',#4021,#4017,#1790,.T.);
#4967=EDGE_CURVE('',#4022,#4022,#1436,.T.);
#4968=EDGE_CURVE('',#4022,#4014,#1791,.T.);
#4969=EDGE_CURVE('',#4023,#4023,#1437,.T.);
#4970=EDGE_CURVE('',#4023,#4013,#1792,.T.);
#4971=EDGE_CURVE('',#4024,#3850,#1793,.T.);
#4972=EDGE_CURVE('',#4025,#4024,#1794,.T.);
#4973=EDGE_CURVE('',#4025,#4026,#1795,.T.);
#4974=EDGE_CURVE('',#4026,#3894,#1796,.T.);
#4975=EDGE_CURVE('',#4024,#3974,#1797,.T.);
#4976=EDGE_CURVE('',#3972,#4026,#1798,.T.);
#4977=EDGE_CURVE('',#3973,#4025,#1799,.T.);
#4978=EDGE_CURVE('',#4027,#3954,#1800,.T.);
#4979=EDGE_CURVE('',#4027,#3969,#1801,.T.);
#4980=EDGE_CURVE('',#4028,#3897,#1802,.T.);
#4981=EDGE_CURVE('',#4029,#4028,#1803,.T.);
#4982=EDGE_CURVE('',#4029,#4027,#1804,.T.);
#4983=EDGE_CURVE('',#3971,#4028,#1805,.T.);
#4984=EDGE_CURVE('',#3970,#4029,#1806,.T.);
#4985=EDGE_CURVE('',#4030,#4031,#1438,.T.);
#4986=EDGE_CURVE('',#4031,#4032,#1807,.T.);
#4987=EDGE_CURVE('',#4032,#4033,#1439,.T.);
#4988=EDGE_CURVE('',#4033,#4034,#1808,.T.);
#4989=EDGE_CURVE('',#4034,#4035,#1440,.T.);
#4990=EDGE_CURVE('',#4035,#4036,#1809,.T.);
#4991=EDGE_CURVE('',#4036,#4037,#1441,.T.);
#4992=EDGE_CURVE('',#4037,#4030,#1810,.T.);
#4993=EDGE_CURVE('',#4038,#4039,#1811,.T.);
#4994=EDGE_CURVE('',#4040,#4038,#1812,.T.);
#4995=EDGE_CURVE('',#4041,#4040,#1813,.T.);
#4996=EDGE_CURVE('',#4039,#4041,#1814,.T.);
#4997=EDGE_CURVE('',#4042,#4043,#1815,.T.);
#4998=EDGE_CURVE('',#4044,#4042,#1816,.T.);
#4999=EDGE_CURVE('',#4045,#4044,#1817,.T.);
#5000=EDGE_CURVE('',#4043,#4045,#1818,.T.);
#5001=EDGE_CURVE('',#4046,#4047,#1819,.T.);
#5002=EDGE_CURVE('',#4048,#4046,#1820,.T.);
#5003=EDGE_CURVE('',#4049,#4048,#1821,.T.);
#5004=EDGE_CURVE('',#4047,#4049,#1822,.T.);
#5005=EDGE_CURVE('',#4050,#4050,#1442,.T.);
#5006=EDGE_CURVE('',#4051,#4051,#1443,.T.);
#5007=EDGE_CURVE('',#4052,#4052,#1444,.T.);
#5008=EDGE_CURVE('',#4053,#4053,#1445,.T.);
#5009=EDGE_CURVE('',#4054,#4055,#1446,.T.);
#5010=EDGE_CURVE('',#4056,#4054,#1823,.T.);
#5011=EDGE_CURVE('',#4057,#4056,#1447,.T.);
#5012=EDGE_CURVE('',#4058,#4057,#1824,.T.);
#5013=EDGE_CURVE('',#4059,#4058,#1448,.T.);
#5014=EDGE_CURVE('',#4060,#4059,#1825,.T.);
#5015=EDGE_CURVE('',#4061,#4060,#1449,.T.);
#5016=EDGE_CURVE('',#4055,#4061,#1826,.T.);
#5017=EDGE_CURVE('',#4062,#4062,#1450,.T.);
#5018=EDGE_CURVE('',#4063,#4063,#1451,.T.);
#5019=EDGE_CURVE('',#4064,#4064,#1452,.T.);
#5020=EDGE_CURVE('',#4065,#4065,#1453,.T.);
#5021=EDGE_CURVE('',#4031,#4055,#1827,.T.);
#5022=EDGE_CURVE('',#4030,#4054,#1828,.T.);
#5023=EDGE_CURVE('',#4032,#4061,#1829,.T.);
#5024=EDGE_CURVE('',#4033,#4060,#1830,.T.);
#5025=EDGE_CURVE('',#4034,#4059,#1831,.T.);
#5026=EDGE_CURVE('',#4035,#4058,#1832,.T.);
#5027=EDGE_CURVE('',#4036,#4057,#1833,.T.);
#5028=EDGE_CURVE('',#4037,#4056,#1834,.T.);
#5029=EDGE_CURVE('',#4053,#4065,#1835,.T.);
#5030=EDGE_CURVE('',#4052,#4062,#1836,.T.);
#5031=EDGE_CURVE('',#4051,#4064,#1837,.T.);
#5032=EDGE_CURVE('',#4050,#4063,#1838,.T.);
#5033=EDGE_CURVE('',#4066,#4039,#1839,.T.);
#5034=EDGE_CURVE('',#4067,#4066,#1840,.T.);
#5035=EDGE_CURVE('',#4067,#4038,#1841,.T.);
#5036=EDGE_CURVE('',#4068,#4041,#1842,.T.);
#5037=EDGE_CURVE('',#4066,#4068,#1843,.T.);
#5038=EDGE_CURVE('',#4069,#4040,#1844,.T.);
#5039=EDGE_CURVE('',#4068,#4069,#1845,.T.);
#5040=EDGE_CURVE('',#4069,#4067,#1846,.T.);
#5041=EDGE_CURVE('',#4070,#4047,#1847,.T.);
#5042=EDGE_CURVE('',#4071,#4070,#1848,.T.);
#5043=EDGE_CURVE('',#4071,#4046,#1849,.T.);
#5044=EDGE_CURVE('',#4072,#4049,#1850,.T.);
#5045=EDGE_CURVE('',#4070,#4072,#1851,.T.);
#5046=EDGE_CURVE('',#4073,#4048,#1852,.T.);
#5047=EDGE_CURVE('',#4072,#4073,#1853,.T.);
#5048=EDGE_CURVE('',#4073,#4071,#1854,.T.);
#5049=EDGE_CURVE('',#4074,#4043,#1855,.T.);
#5050=EDGE_CURVE('',#4075,#4074,#1856,.T.);
#5051=EDGE_CURVE('',#4075,#4042,#1857,.T.);
#5052=EDGE_CURVE('',#4076,#4045,#1858,.T.);
#5053=EDGE_CURVE('',#4074,#4076,#1859,.T.);
#5054=EDGE_CURVE('',#4077,#4044,#1860,.T.);
#5055=EDGE_CURVE('',#4076,#4077,#1861,.T.);
#5056=EDGE_CURVE('',#4077,#4075,#1862,.T.);
#5057=EDGE_CURVE('',#4078,#4079,#1863,.T.);
#5058=EDGE_CURVE('',#4080,#4079,#1864,.T.);
#5059=EDGE_CURVE('',#4081,#4080,#1865,.T.);
#5060=EDGE_CURVE('',#4081,#4078,#1866,.T.);
#5061=EDGE_CURVE('',#4079,#4082,#1867,.T.);
#5062=EDGE_CURVE('',#4083,#4082,#1868,.T.);
#5063=EDGE_CURVE('',#4080,#4083,#1869,.T.);
#5064=EDGE_CURVE('',#4082,#4084,#1870,.T.);
#5065=EDGE_CURVE('',#4085,#4084,#1871,.T.);
#5066=EDGE_CURVE('',#4083,#4085,#1872,.T.);
#5067=EDGE_CURVE('',#4084,#4078,#1873,.T.);
#5068=EDGE_CURVE('',#4085,#4081,#1874,.T.);
#5069=EDGE_CURVE('',#4086,#4087,#1875,.T.);
#5070=EDGE_CURVE('',#4088,#4087,#1876,.T.);
#5071=EDGE_CURVE('',#4089,#4088,#1877,.T.);
#5072=EDGE_CURVE('',#4089,#4086,#1878,.T.);
#5073=EDGE_CURVE('',#4087,#4090,#1879,.T.);
#5074=EDGE_CURVE('',#4091,#4090,#1880,.T.);
#5075=EDGE_CURVE('',#4088,#4091,#1881,.T.);
#5076=EDGE_CURVE('',#4090,#4092,#1882,.T.);
#5077=EDGE_CURVE('',#4093,#4092,#1883,.T.);
#5078=EDGE_CURVE('',#4091,#4093,#1884,.T.);
#5079=EDGE_CURVE('',#4092,#4086,#1885,.T.);
#5080=EDGE_CURVE('',#4093,#4089,#1886,.T.);
#5081=EDGE_CURVE('',#4094,#4095,#1454,.T.);
#5082=EDGE_CURVE('',#4094,#4096,#1887,.T.);
#5083=EDGE_CURVE('',#4097,#4096,#1888,.T.);
#5084=EDGE_CURVE('',#4098,#4097,#1889,.T.);
#5085=EDGE_CURVE('',#4099,#4098,#1890,.T.);
#5086=EDGE_CURVE('',#4100,#4099,#1891,.T.);
#5087=EDGE_CURVE('',#4101,#4100,#1892,.T.);
#5088=EDGE_CURVE('',#4102,#4101,#1893,.T.);
#5089=EDGE_CURVE('',#4102,#4103,#1894,.T.);
#5090=EDGE_CURVE('',#4103,#4104,#1895,.T.);
#5091=EDGE_CURVE('',#4105,#4104,#1455,.T.);
#5092=EDGE_CURVE('',#4105,#4106,#1896,.T.);
#5093=EDGE_CURVE('',#4107,#4106,#1897,.T.);
#5094=EDGE_CURVE('',#4108,#4107,#1898,.T.);
#5095=EDGE_CURVE('',#4109,#4108,#1899,.T.);
#5096=EDGE_CURVE('',#4109,#4095,#1900,.T.);
#5097=EDGE_CURVE('',#4110,#4110,#1456,.T.);
#5098=EDGE_CURVE('',#4111,#4111,#1457,.F.);
#5099=EDGE_CURVE('',#4112,#4113,#1901,.T.);
#5100=EDGE_CURVE('',#4112,#4114,#1902,.T.);
#5101=EDGE_CURVE('',#4115,#4114,#1903,.T.);
#5102=EDGE_CURVE('',#4113,#4115,#1904,.T.);
#5103=EDGE_CURVE('',#4116,#4116,#274,.F.);
#5104=EDGE_CURVE('',#4117,#4118,#1905,.T.);
#5105=EDGE_CURVE('',#4117,#4119,#1906,.T.);
#5106=EDGE_CURVE('',#4119,#4120,#1907,.T.);
#5107=EDGE_CURVE('',#4120,#4118,#1908,.T.);
#5108=EDGE_CURVE('',#4121,#4121,#275,.F.);
#5109=EDGE_CURVE('',#4122,#4123,#1909,.T.);
#5110=EDGE_CURVE('',#4122,#4124,#1910,.T.);
#5111=EDGE_CURVE('',#4124,#4125,#1911,.T.);
#5112=EDGE_CURVE('',#4126,#4125,#1912,.T.);
#5113=EDGE_CURVE('',#4127,#4126,#1913,.T.);
#5114=EDGE_CURVE('',#4123,#4127,#276,.F.);
#5115=EDGE_CURVE('',#4112,#4098,#1458,.T.);
#5116=EDGE_CURVE('',#4114,#4097,#1459,.T.);
#5117=EDGE_CURVE('',#4128,#4094,#119,.T.);
#5118=EDGE_CURVE('',#4095,#4128,#120,.T.);
#5119=EDGE_CURVE('',#4109,#4122,#1460,.T.);
#5120=EDGE_CURVE('',#4129,#4123,#121,.T.);
#5121=EDGE_CURVE('',#4127,#4129,#122,.T.);
#5122=EDGE_CURVE('',#4096,#4126,#1461,.T.);
#5123=EDGE_CURVE('',#4130,#4131,#1914,.T.);
#5124=EDGE_CURVE('',#4130,#4132,#1915,.T.);
#5125=EDGE_CURVE('',#4133,#4132,#1916,.T.);
#5126=EDGE_CURVE('',#4134,#4133,#277,.F.);
#5127=EDGE_CURVE('',#4135,#4134,#1917,.T.);
#5128=EDGE_CURVE('',#4135,#4131,#1918,.T.);
#5129=EDGE_CURVE('',#4136,#4137,#1919,.T.);
#5130=EDGE_CURVE('',#4136,#4138,#1920,.T.);
#5131=EDGE_CURVE('',#4139,#4138,#1921,.T.);
#5132=EDGE_CURVE('',#4140,#4139,#1922,.T.);
#5133=EDGE_CURVE('',#4140,#4141,#1923,.T.);
#5134=EDGE_CURVE('',#4142,#4141,#1924,.T.);
#5135=EDGE_CURVE('',#4143,#4142,#1925,.T.);
#5136=EDGE_CURVE('',#4143,#4137,#1926,.T.);
#5137=EDGE_CURVE('',#4144,#4143,#1927,.T.);
#5138=EDGE_CURVE('',#4144,#4145,#1928,.T.);
#5139=EDGE_CURVE('',#4146,#4145,#1929,.T.);
#5140=EDGE_CURVE('',#4147,#4146,#1930,.T.);
#5141=EDGE_CURVE('',#4148,#4147,#1931,.T.);
#5142=EDGE_CURVE('',#4149,#4148,#1932,.T.);
#5143=EDGE_CURVE('',#4150,#4149,#1933,.T.);
#5144=EDGE_CURVE('',#4151,#4150,#1934,.T.);
#5145=EDGE_CURVE('',#4152,#4151,#1935,.T.);
#5146=EDGE_CURVE('',#4153,#4152,#1936,.T.);
#5147=EDGE_CURVE('',#4154,#4153,#1937,.T.);
#5148=EDGE_CURVE('',#4155,#4154,#1938,.T.);
#5149=EDGE_CURVE('',#4156,#4155,#1939,.T.);
#5150=EDGE_CURVE('',#4157,#4156,#1940,.T.);
#5151=EDGE_CURVE('',#4158,#4157,#1941,.T.);
#5152=EDGE_CURVE('',#4159,#4158,#1942,.T.);
#5153=EDGE_CURVE('',#4160,#4159,#1943,.T.);
#5154=EDGE_CURVE('',#4161,#4160,#1944,.T.);
#5155=EDGE_CURVE('',#4162,#4161,#1945,.T.);
#5156=EDGE_CURVE('',#4163,#4162,#1946,.T.);
#5157=EDGE_CURVE('',#4164,#4163,#1947,.T.);
#5158=EDGE_CURVE('',#4165,#4164,#1948,.T.);
#5159=EDGE_CURVE('',#4166,#4165,#1949,.T.);
#5160=EDGE_CURVE('',#4167,#4166,#1950,.T.);
#5161=EDGE_CURVE('',#4168,#4167,#1951,.T.);
#5162=EDGE_CURVE('',#4169,#4168,#1952,.T.);
#5163=EDGE_CURVE('',#4170,#4169,#1953,.T.);
#5164=EDGE_CURVE('',#4171,#4170,#1954,.T.);
#5165=EDGE_CURVE('',#4172,#4171,#1955,.T.);
#5166=EDGE_CURVE('',#4173,#4172,#1956,.T.);
#5167=EDGE_CURVE('',#4137,#4173,#1957,.T.);
#5168=EDGE_CURVE('',#4174,#4168,#1958,.T.);
#5169=EDGE_CURVE('',#4175,#4174,#1959,.T.);
#5170=EDGE_CURVE('',#4175,#4169,#1960,.T.);
#5171=EDGE_CURVE('',#4176,#4167,#1961,.T.);
#5172=EDGE_CURVE('',#4174,#4176,#1962,.T.);
#5173=EDGE_CURVE('',#4177,#4166,#1963,.T.);
#5174=EDGE_CURVE('',#4176,#4177,#1964,.T.);
#5175=EDGE_CURVE('',#4178,#4165,#1965,.T.);
#5176=EDGE_CURVE('',#4177,#4178,#1966,.T.);
#5177=EDGE_CURVE('',#4179,#4179,#1462,.F.);
#5178=EDGE_CURVE('',#4180,#4164,#1967,.T.);
#5179=EDGE_CURVE('',#4178,#4180,#1968,.T.);
#5180=EDGE_CURVE('',#4181,#4163,#1969,.T.);
#5181=EDGE_CURVE('',#4180,#4181,#1970,.T.);
#5182=EDGE_CURVE('',#4182,#4162,#1971,.T.);
#5183=EDGE_CURVE('',#4181,#4182,#1972,.T.);
#5184=EDGE_CURVE('',#4183,#4161,#1973,.T.);
#5185=EDGE_CURVE('',#4184,#4183,#1974,.T.);
#5186=EDGE_CURVE('',#4182,#4184,#1975,.T.);
#5187=EDGE_CURVE('',#4185,#4160,#1976,.T.);
#5188=EDGE_CURVE('',#4183,#4185,#1977,.T.);
#5189=EDGE_CURVE('',#4186,#4159,#1978,.T.);
#5190=EDGE_CURVE('',#4185,#4186,#1979,.T.);
#5191=EDGE_CURVE('',#4187,#4158,#1980,.T.);
#5192=EDGE_CURVE('',#4186,#4187,#1981,.T.);
#5193=EDGE_CURVE('',#4188,#4157,#1982,.T.);
#5194=EDGE_CURVE('',#4187,#4188,#1983,.T.);
#5195=EDGE_CURVE('',#4189,#4156,#1984,.T.);
#5196=EDGE_CURVE('',#4188,#4189,#1985,.T.);
#5197=EDGE_CURVE('',#4190,#4155,#1986,.T.);
#5198=EDGE_CURVE('',#4191,#4190,#1987,.T.);
#5199=EDGE_CURVE('',#4191,#4189,#1988,.T.);
#5200=EDGE_CURVE('',#4192,#4154,#1989,.T.);
#5201=EDGE_CURVE('',#4190,#4192,#1990,.T.);
#5202=EDGE_CURVE('',#4193,#4153,#1991,.T.);
#5203=EDGE_CURVE('',#4192,#4193,#1992,.T.);
#5204=EDGE_CURVE('',#4194,#4152,#1993,.T.);
#5205=EDGE_CURVE('',#4193,#4194,#1994,.T.);
#5206=EDGE_CURVE('',#4195,#4151,#1995,.T.);
#5207=EDGE_CURVE('',#4194,#4195,#1996,.T.);
#5208=EDGE_CURVE('',#4196,#4196,#1463,.F.);
#5209=EDGE_CURVE('',#4197,#4150,#1997,.T.);
#5210=EDGE_CURVE('',#4195,#4197,#1998,.T.);
#5211=EDGE_CURVE('',#4198,#4149,#1999,.T.);
#5212=EDGE_CURVE('',#4197,#4198,#2000,.T.);
#5213=EDGE_CURVE('',#4199,#4148,#2001,.T.);
#5214=EDGE_CURVE('',#4198,#4199,#2002,.T.);
#5215=EDGE_CURVE('',#4200,#4147,#2003,.T.);
#5216=EDGE_CURVE('',#4201,#4200,#2004,.T.);
#5217=EDGE_CURVE('',#4199,#4201,#2005,.T.);
#5218=EDGE_CURVE('',#4202,#4146,#2006,.T.);
#5219=EDGE_CURVE('',#4200,#4202,#2007,.T.);
#5220=EDGE_CURVE('',#4145,#4203,#2008,.T.);
#5221=EDGE_CURVE('',#4203,#4204,#2009,.T.);
#5222=EDGE_CURVE('',#4204,#4205,#2010,.T.);
#5223=EDGE_CURVE('',#4205,#4206,#2011,.T.);
#5224=EDGE_CURVE('',#4206,#4141,#2012,.T.);
#5225=EDGE_CURVE('',#4202,#4140,#2013,.T.);
#5226=EDGE_CURVE('',#4138,#4131,#2014,.T.);
#5227=EDGE_CURVE('',#4103,#4135,#1464,.T.);
#5228=EDGE_CURVE('',#4120,#4102,#1465,.T.);
#5229=EDGE_CURVE('',#4119,#4207,#2015,.T.);
#5230=EDGE_CURVE('',#4207,#4208,#2016,.T.);
#5231=EDGE_CURVE('',#4208,#4172,#2017,.T.);
#5232=EDGE_CURVE('',#4209,#4171,#2018,.T.);
#5233=EDGE_CURVE('',#4139,#4209,#2019,.T.);
#5234=EDGE_CURVE('',#4210,#4170,#2020,.T.);
#5235=EDGE_CURVE('',#4209,#4210,#2021,.T.);
#5236=EDGE_CURVE('',#4211,#4175,#2022,.T.);
#5237=EDGE_CURVE('',#4211,#4210,#2023,.T.);
#5238=EDGE_CURVE('',#4183,#4210,#2024,.T.);
#5239=EDGE_CURVE('',#4200,#4189,#2025,.T.);
#5240=EDGE_CURVE('',#4173,#4212,#2026,.T.);
#5241=EDGE_CURVE('',#4212,#4208,#2027,.T.);
#5242=EDGE_CURVE('',#4212,#4213,#2028,.T.);
#5243=EDGE_CURVE('',#4213,#4207,#2029,.T.);
#5244=EDGE_CURVE('',#4213,#4214,#2030,.T.);
#5245=EDGE_CURVE('',#4117,#4100,#2031,.T.);
#5246=EDGE_CURVE('',#4113,#4099,#2032,.T.);
#5247=EDGE_CURVE('',#4205,#4113,#2033,.T.);
#5248=EDGE_CURVE('',#4215,#4204,#2034,.T.);
#5249=EDGE_CURVE('',#4216,#4215,#2035,.T.);
#5250=EDGE_CURVE('',#4214,#4216,#2036,.T.);
#5251=EDGE_CURVE('',#4214,#4217,#2037,.T.);
#5252=EDGE_CURVE('',#4217,#4136,#2038,.T.);
#5253=EDGE_CURVE('',#4215,#4218,#2039,.T.);
#5254=EDGE_CURVE('',#4218,#4203,#2040,.T.);
#5255=EDGE_CURVE('',#4218,#4144,#2041,.T.);
#5256=EDGE_CURVE('',#4142,#4219,#2042,.T.);
#5257=EDGE_CURVE('',#4219,#4216,#2043,.T.);
#5258=EDGE_CURVE('',#4206,#4124,#2044,.T.);
#5259=EDGE_CURVE('',#4124,#4108,#2045,.T.);
#5260=EDGE_CURVE('',#4130,#4107,#2046,.T.);
#5261=EDGE_CURVE('',#4217,#4219,#2047,.T.);
#5262=EDGE_CURVE('',#4125,#4115,#2048,.T.);
#5263=EDGE_CURVE('',#4101,#4118,#1466,.T.);
#5264=EDGE_CURVE('',#4220,#4105,#123,.T.);
#5265=EDGE_CURVE('',#4104,#4220,#124,.T.);
#5266=EDGE_CURVE('',#4221,#4134,#125,.T.);
#5267=EDGE_CURVE('',#4133,#4221,#126,.T.);
#5268=EDGE_CURVE('',#4132,#4106,#1467,.T.);
#5269=EDGE_CURVE('',#4222,#4222,#1468,.T.);
#5270=EDGE_CURVE('',#4222,#4223,#2049,.T.);
#5271=EDGE_CURVE('',#4223,#4223,#1469,.T.);
#5272=EDGE_CURVE('',#4224,#4224,#1470,.T.);
#5273=EDGE_CURVE('',#4224,#4225,#2050,.T.);
#5274=EDGE_CURVE('',#4225,#4225,#1471,.T.);
#5275=EDGE_CURVE('',#4226,#4226,#1472,.T.);
#5276=EDGE_CURVE('',#4226,#4227,#2051,.T.);
#5277=EDGE_CURVE('',#4227,#4227,#1473,.T.);
#5278=EDGE_CURVE('',#4228,#4228,#1474,.T.);
#5279=EDGE_CURVE('',#4228,#4229,#2052,.T.);
#5280=EDGE_CURVE('',#4229,#4229,#1475,.T.);
#5281=EDGE_CURVE('',#4230,#4230,#1476,.T.);
#5282=EDGE_CURVE('',#4230,#4221,#2053,.T.);
#5283=EDGE_CURVE('',#4231,#4231,#1477,.T.);
#5284=EDGE_CURVE('',#4231,#4129,#2054,.T.);
#5285=EDGE_CURVE('',#4232,#4232,#1478,.T.);
#5286=EDGE_CURVE('',#4232,#4121,#2055,.T.);
#5287=EDGE_CURVE('',#4233,#4233,#1479,.T.);
#5288=EDGE_CURVE('',#4233,#4116,#2056,.T.);
#5289=EDGE_CURVE('',#4201,#4191,#2057,.T.);
#5290=EDGE_CURVE('',#4234,#4234,#1480,.T.);
#5291=EDGE_CURVE('',#4184,#4211,#2058,.T.);
#5292=EDGE_CURVE('',#4235,#4235,#1481,.T.);
#5293=EDGE_CURVE('',#4179,#4235,#2059,.T.);
#5294=EDGE_CURVE('',#4196,#4234,#2060,.T.);
#5295=EDGE_CURVE('',#4236,#4236,#1482,.T.);
#5296=EDGE_CURVE('',#4111,#4236,#2061,.T.);
#5297=EDGE_CURVE('',#4237,#4237,#1483,.T.);
#5298=EDGE_CURVE('',#4220,#4237,#2062,.T.);
#5299=EDGE_CURVE('',#4238,#4238,#1484,.T.);
#5300=EDGE_CURVE('',#4110,#4238,#2063,.T.);
#5301=EDGE_CURVE('',#4239,#4239,#1485,.T.);
#5302=EDGE_CURVE('',#4128,#4239,#2064,.T.);
#5303=EDGE_CURVE('',#4240,#4241,#2065,.T.);
#5304=EDGE_CURVE('',#4241,#4242,#2066,.T.);
#5305=EDGE_CURVE('',#4242,#4243,#2067,.T.);
#5306=EDGE_CURVE('',#4240,#4243,#2068,.T.);
#5307=EDGE_CURVE('',#4244,#4245,#2069,.T.);
#5308=EDGE_CURVE('',#4245,#4246,#2070,.T.);
#5309=EDGE_CURVE('',#4247,#4246,#2071,.T.);
#5310=EDGE_CURVE('',#4247,#4244,#2072,.T.);
#5311=EDGE_CURVE('',#4248,#4249,#2073,.T.);
#5312=EDGE_CURVE('',#4248,#4250,#2074,.T.);
#5313=EDGE_CURVE('',#4250,#4251,#1486,.T.);
#5314=EDGE_CURVE('',#4251,#4249,#2075,.T.);
#5315=EDGE_CURVE('',#4252,#4248,#2076,.T.);
#5316=EDGE_CURVE('',#4252,#4253,#2077,.T.);
#5317=EDGE_CURVE('',#4254,#4253,#2078,.T.);
#5318=EDGE_CURVE('',#4248,#4254,#2079,.T.);
#5319=EDGE_CURVE('',#4255,#4256,#2080,.T.);
#5320=EDGE_CURVE('',#4253,#4255,#2081,.T.);
#5321=EDGE_CURVE('',#4257,#4252,#2082,.T.);
#5322=EDGE_CURVE('',#4258,#4257,#2083,.T.);
#5323=EDGE_CURVE('',#4258,#4259,#2084,.T.);
#5324=EDGE_CURVE('',#4259,#4260,#2085,.T.);
#5325=EDGE_CURVE('',#4260,#4261,#2086,.T.);
#5326=EDGE_CURVE('',#4261,#4262,#2087,.T.);
#5327=EDGE_CURVE('',#4262,#4243,#2088,.T.);
#5328=EDGE_CURVE('',#4263,#4242,#2089,.T.);
#5329=EDGE_CURVE('',#4264,#4263,#2090,.T.);
#5330=EDGE_CURVE('',#4265,#4264,#2091,.T.);
#5331=EDGE_CURVE('',#4265,#4266,#2092,.T.);
#5332=EDGE_CURVE('',#4266,#4245,#2093,.T.);
#5333=EDGE_CURVE('',#4267,#4244,#2094,.T.);
#5334=EDGE_CURVE('',#4268,#4267,#2095,.T.);
#5335=EDGE_CURVE('',#4269,#4268,#2096,.T.);
#5336=EDGE_CURVE('',#4270,#4269,#2097,.T.);
#5337=EDGE_CURVE('',#4271,#4270,#2098,.T.);
#5338=EDGE_CURVE('',#4272,#4271,#2099,.T.);
#5339=EDGE_CURVE('',#4256,#4272,#2100,.T.);
#5340=EDGE_CURVE('',#4273,#4274,#2101,.T.);
#5341=EDGE_CURVE('',#4275,#4274,#2102,.T.);
#5342=EDGE_CURVE('',#4276,#4275,#2103,.T.);
#5343=EDGE_CURVE('',#4273,#4276,#2104,.T.);
#5344=EDGE_CURVE('',#4277,#4248,#2105,.T.);
#5345=EDGE_CURVE('',#4277,#4278,#2106,.T.);
#5346=EDGE_CURVE('',#4278,#4279,#2107,.T.);
#5347=EDGE_CURVE('',#4279,#4280,#2108,.T.);
#5348=EDGE_CURVE('',#4280,#4246,#2109,.T.);
#5349=EDGE_CURVE('',#4281,#4246,#2110,.T.);
#5350=EDGE_CURVE('',#4250,#4281,#2111,.T.);
#5351=EDGE_CURVE('',#4282,#4282,#278,.F.);
#5352=EDGE_CURVE('',#4283,#4283,#279,.F.);
#5353=EDGE_CURVE('',#4284,#4285,#2112,.T.);
#5354=EDGE_CURVE('',#4285,#4273,#2113,.T.);
#5355=EDGE_CURVE('',#4276,#4284,#2114,.T.);
#5356=EDGE_CURVE('',#4286,#4275,#2115,.T.);
#5357=EDGE_CURVE('',#4284,#4286,#2116,.T.);
#5358=EDGE_CURVE('',#4287,#4288,#2117,.T.);
#5359=EDGE_CURVE('',#4289,#4288,#2118,.T.);
#5360=EDGE_CURVE('',#4290,#4289,#2119,.T.);
#5361=EDGE_CURVE('',#4287,#4290,#2120,.T.);
#5362=EDGE_CURVE('',#4291,#4289,#2121,.T.);
#5363=EDGE_CURVE('',#4292,#4291,#2122,.T.);
#5364=EDGE_CURVE('',#4290,#4292,#2123,.T.);
#5365=EDGE_CURVE('',#4293,#4291,#2124,.T.);
#5366=EDGE_CURVE('',#4294,#4293,#2125,.T.);
#5367=EDGE_CURVE('',#4292,#4294,#2126,.T.);
#5368=EDGE_CURVE('',#4295,#4293,#2127,.T.);
#5369=EDGE_CURVE('',#4296,#4295,#2128,.T.);
#5370=EDGE_CURVE('',#4294,#4296,#2129,.T.);
#5371=EDGE_CURVE('',#4297,#4297,#1487,.F.);
#5372=EDGE_CURVE('',#4298,#4295,#2130,.T.);
#5373=EDGE_CURVE('',#4299,#4298,#2131,.T.);
#5374=EDGE_CURVE('',#4296,#4299,#2132,.T.);
#5375=EDGE_CURVE('',#4300,#4298,#2133,.T.);
#5376=EDGE_CURVE('',#4301,#4300,#2134,.T.);
#5377=EDGE_CURVE('',#4299,#4301,#2135,.T.);
#5378=EDGE_CURVE('',#4302,#4300,#2136,.T.);
#5379=EDGE_CURVE('',#4303,#4302,#2137,.T.);
#5380=EDGE_CURVE('',#4301,#4303,#2138,.T.);
#5381=EDGE_CURVE('',#4304,#4302,#2139,.T.);
#5382=EDGE_CURVE('',#4304,#4256,#2140,.T.);
#5383=EDGE_CURVE('',#4305,#4256,#2141,.T.);
#5384=EDGE_CURVE('',#4306,#4305,#2142,.T.);
#5385=EDGE_CURVE('',#4303,#4306,#2143,.T.);
#5386=EDGE_CURVE('',#4307,#4272,#2144,.T.);
#5387=EDGE_CURVE('',#4305,#4307,#2145,.T.);
#5388=EDGE_CURVE('',#4308,#4271,#2146,.T.);
#5389=EDGE_CURVE('',#4307,#4308,#2147,.T.);
#5390=EDGE_CURVE('',#4309,#4270,#2148,.T.);
#5391=EDGE_CURVE('',#4308,#4309,#2149,.T.);
#5392=EDGE_CURVE('',#4310,#4269,#2150,.T.);
#5393=EDGE_CURVE('',#4309,#4310,#2151,.T.);
#5394=EDGE_CURVE('',#4311,#4268,#2152,.T.);
#5395=EDGE_CURVE('',#4310,#4311,#2153,.T.);
#5396=EDGE_CURVE('',#4312,#4268,#2154,.T.);
#5397=EDGE_CURVE('',#4313,#4312,#2155,.T.);
#5398=EDGE_CURVE('',#4314,#4313,#2156,.T.);
#5399=EDGE_CURVE('',#4315,#4314,#2157,.T.);
#5400=EDGE_CURVE('',#4315,#4311,#2158,.T.);
#5401=EDGE_CURVE('',#4316,#4313,#2159,.T.);
#5402=EDGE_CURVE('',#4317,#4316,#2160,.T.);
#5403=EDGE_CURVE('',#4314,#4317,#2161,.T.);
#5404=EDGE_CURVE('',#4318,#4316,#2162,.T.);
#5405=EDGE_CURVE('',#4319,#4318,#2163,.T.);
#5406=EDGE_CURVE('',#4317,#4319,#2164,.T.);
#5407=EDGE_CURVE('',#4320,#4318,#2165,.T.);
#5408=EDGE_CURVE('',#4321,#4320,#2166,.T.);
#5409=EDGE_CURVE('',#4319,#4321,#2167,.T.);
#5410=EDGE_CURVE('',#4322,#4320,#2168,.T.);
#5411=EDGE_CURVE('',#4323,#4322,#2169,.T.);
#5412=EDGE_CURVE('',#4321,#4323,#2170,.T.);
#5413=EDGE_CURVE('',#4324,#4324,#1488,.F.);
#5414=EDGE_CURVE('',#4325,#4322,#2171,.T.);
#5415=EDGE_CURVE('',#4326,#4325,#2172,.T.);
#5416=EDGE_CURVE('',#4323,#4326,#2173,.T.);
#5417=EDGE_CURVE('',#4327,#4325,#2174,.T.);
#5418=EDGE_CURVE('',#4328,#4327,#2175,.T.);
#5419=EDGE_CURVE('',#4326,#4328,#2176,.T.);
#5420=EDGE_CURVE('',#4329,#4327,#2177,.T.);
#5421=EDGE_CURVE('',#4330,#4329,#2178,.T.);
#5422=EDGE_CURVE('',#4328,#4330,#2179,.T.);
#5423=EDGE_CURVE('',#4331,#4329,#2180,.T.);
#5424=EDGE_CURVE('',#4331,#4267,#2181,.T.);
#5425=EDGE_CURVE('',#4332,#4267,#2182,.T.);
#5426=EDGE_CURVE('',#4333,#4332,#2183,.T.);
#5427=EDGE_CURVE('',#4330,#4333,#2184,.T.);
#5428=EDGE_CURVE('',#4332,#4247,#2185,.T.);
#5429=EDGE_CURVE('',#4246,#4334,#2186,.T.);
#5430=EDGE_CURVE('',#4334,#4335,#2187,.T.);
#5431=EDGE_CURVE('',#4335,#4281,#1489,.T.);
#5432=EDGE_CURVE('',#4336,#4255,#2188,.T.);
#5433=EDGE_CURVE('',#4254,#4336,#2189,.T.);
#5434=EDGE_CURVE('',#4337,#4255,#2190,.T.);
#5435=EDGE_CURVE('',#4288,#4337,#2191,.T.);
#5436=EDGE_CURVE('',#4338,#4287,#2192,.T.);
#5437=EDGE_CURVE('',#4338,#4336,#2193,.T.);
#5438=EDGE_CURVE('',#4305,#4336,#2194,.T.);
#5439=EDGE_CURVE('',#4332,#4311,#2195,.T.);
#5440=EDGE_CURVE('',#4280,#4339,#2196,.T.);
#5441=EDGE_CURVE('',#4339,#4340,#2197,.T.);
#5442=EDGE_CURVE('',#4277,#4340,#2198,.T.);
#5443=EDGE_CURVE('',#4285,#4341,#2199,.T.);
#5444=EDGE_CURVE('',#4341,#4286,#2200,.T.);
#5445=EDGE_CURVE('',#4251,#4335,#2201,.T.);
#5446=EDGE_CURVE('',#4342,#4262,#2202,.T.);
#5447=EDGE_CURVE('',#4342,#4249,#2203,.T.);
#5448=EDGE_CURVE('',#4240,#4334,#2204,.T.);
#5449=EDGE_CURVE('',#4343,#4343,#1490,.T.);
#5450=EDGE_CURVE('',#4344,#4344,#1491,.T.);
#5451=EDGE_CURVE('',#4345,#4346,#2205,.T.);
#5452=EDGE_CURVE('',#4340,#4345,#2206,.T.);
#5453=EDGE_CURVE('',#4346,#4339,#2207,.T.);
#5454=EDGE_CURVE('',#4341,#4274,#2208,.T.);
#5455=EDGE_CURVE('',#4278,#4345,#2209,.T.);
#5456=EDGE_CURVE('',#4279,#4346,#2210,.T.);
#5457=EDGE_CURVE('',#4312,#4331,#2211,.T.);
#5458=EDGE_CURVE('',#4337,#4304,#2212,.T.);
#5459=EDGE_CURVE('',#4347,#4248,#2213,.T.);
#5460=EDGE_CURVE('',#4257,#4347,#2214,.T.);
#5461=EDGE_CURVE('',#4342,#4348,#2215,.T.);
#5462=EDGE_CURVE('',#4349,#4348,#2216,.T.);
#5463=EDGE_CURVE('',#4350,#4349,#2217,.T.);
#5464=EDGE_CURVE('',#4351,#4350,#2218,.T.);
#5465=EDGE_CURVE('',#4347,#4351,#2219,.T.);
#5466=EDGE_CURVE('',#4350,#4259,#2220,.T.);
#5467=EDGE_CURVE('',#4351,#4258,#2221,.T.);
#5468=EDGE_CURVE('',#4348,#4261,#2222,.T.);
#5469=EDGE_CURVE('',#4349,#4260,#2223,.T.);
#5470=EDGE_CURVE('',#4352,#4246,#2224,.T.);
#5471=EDGE_CURVE('',#4352,#4353,#2225,.T.);
#5472=EDGE_CURVE('',#4353,#4354,#2226,.T.);
#5473=EDGE_CURVE('',#4354,#4355,#2227,.T.);
#5474=EDGE_CURVE('',#4355,#4241,#2228,.T.);
#5475=EDGE_CURVE('',#4266,#4352,#2229,.T.);
#5476=EDGE_CURVE('',#4354,#4264,#2230,.T.);
#5477=EDGE_CURVE('',#4353,#4265,#2231,.T.);
#5478=EDGE_CURVE('',#4355,#4263,#2232,.T.);
#5479=EDGE_CURVE('',#4333,#4315,#2233,.T.);
#5480=EDGE_CURVE('',#4356,#4356,#1492,.T.);
#5481=EDGE_CURVE('',#4306,#4338,#2234,.T.);
#5482=EDGE_CURVE('',#4357,#4357,#1493,.T.);
#5483=EDGE_CURVE('',#4297,#4357,#2235,.T.);
#5484=EDGE_CURVE('',#4324,#4356,#2236,.T.);
#5485=EDGE_CURVE('',#4283,#4344,#2237,.T.);
#5486=EDGE_CURVE('',#4282,#4343,#2238,.T.);
#5487=EDGE_CURVE('',#4358,#4359,#2239,.T.);
#5488=EDGE_CURVE('',#4359,#4360,#2240,.T.);
#5489=EDGE_CURVE('',#4360,#4361,#2241,.T.);
#5490=EDGE_CURVE('',#4361,#4362,#2242,.T.);
#5491=EDGE_CURVE('',#4362,#4363,#2243,.T.);
#5492=EDGE_CURVE('',#4363,#4364,#2244,.T.);
#5493=EDGE_CURVE('',#4364,#4365,#2245,.T.);
#5494=EDGE_CURVE('',#4365,#4366,#2246,.T.);
#5495=EDGE_CURVE('',#4366,#4367,#2247,.T.);
#5496=EDGE_CURVE('',#4367,#4368,#2248,.T.);
#5497=EDGE_CURVE('',#4368,#4369,#2249,.T.);
#5498=EDGE_CURVE('',#4369,#4358,#2250,.T.);
#5499=EDGE_CURVE('',#4370,#4370,#1494,.T.);
#5500=EDGE_CURVE('',#4371,#4371,#1495,.T.);
#5501=EDGE_CURVE('',#4372,#4372,#1496,.T.);
#5502=EDGE_CURVE('',#4373,#4374,#2251,.T.);
#5503=EDGE_CURVE('',#4375,#4373,#2252,.T.);
#5504=EDGE_CURVE('',#4376,#4375,#2253,.T.);
#5505=EDGE_CURVE('',#4377,#4376,#2254,.T.);
#5506=EDGE_CURVE('',#4378,#4377,#2255,.T.);
#5507=EDGE_CURVE('',#4379,#4378,#2256,.T.);
#5508=EDGE_CURVE('',#4380,#4379,#2257,.T.);
#5509=EDGE_CURVE('',#4381,#4380,#2258,.T.);
#5510=EDGE_CURVE('',#4382,#4381,#2259,.T.);
#5511=EDGE_CURVE('',#4383,#4382,#2260,.T.);
#5512=EDGE_CURVE('',#4384,#4383,#2261,.T.);
#5513=EDGE_CURVE('',#4374,#4384,#2262,.T.);
#5514=EDGE_CURVE('',#4385,#4385,#1497,.T.);
#5515=EDGE_CURVE('',#4386,#4386,#1498,.T.);
#5516=EDGE_CURVE('',#4387,#4387,#1499,.T.);
#5517=EDGE_CURVE('',#4359,#4374,#2263,.T.);
#5518=EDGE_CURVE('',#4358,#4373,#2264,.T.);
#5519=EDGE_CURVE('',#4360,#4384,#2265,.T.);
#5520=EDGE_CURVE('',#4361,#4383,#2266,.T.);
#5521=EDGE_CURVE('',#4362,#4382,#2267,.T.);
#5522=EDGE_CURVE('',#4363,#4381,#2268,.T.);
#5523=EDGE_CURVE('',#4364,#4380,#2269,.T.);
#5524=EDGE_CURVE('',#4365,#4379,#2270,.T.);
#5525=EDGE_CURVE('',#4366,#4378,#2271,.T.);
#5526=EDGE_CURVE('',#4367,#4377,#2272,.T.);
#5527=EDGE_CURVE('',#4368,#4376,#2273,.T.);
#5528=EDGE_CURVE('',#4369,#4375,#2274,.T.);
#5529=EDGE_CURVE('',#4370,#4385,#2275,.T.);
#5530=EDGE_CURVE('',#4371,#4387,#2276,.T.);
#5531=EDGE_CURVE('',#4372,#4386,#2277,.T.);
#5532=EDGE_CURVE('',#4388,#4389,#2278,.T.);
#5533=EDGE_CURVE('',#4390,#4389,#2279,.T.);
#5534=EDGE_CURVE('',#4391,#4390,#2280,.T.);
#5535=EDGE_CURVE('',#4391,#4388,#2281,.T.);
#5536=EDGE_CURVE('',#4389,#4392,#2282,.T.);
#5537=EDGE_CURVE('',#4393,#4392,#2283,.T.);
#5538=EDGE_CURVE('',#4390,#4393,#2284,.T.);
#5539=EDGE_CURVE('',#4392,#4394,#2285,.T.);
#5540=EDGE_CURVE('',#4395,#4394,#2286,.T.);
#5541=EDGE_CURVE('',#4393,#4395,#2287,.T.);
#5542=EDGE_CURVE('',#4394,#4396,#2288,.T.);
#5543=EDGE_CURVE('',#4397,#4396,#2289,.T.);
#5544=EDGE_CURVE('',#4395,#4397,#2290,.T.);
#5545=EDGE_CURVE('',#4396,#4398,#2291,.T.);
#5546=EDGE_CURVE('',#4399,#4398,#2292,.T.);
#5547=EDGE_CURVE('',#4397,#4399,#2293,.T.);
#5548=EDGE_CURVE('',#4398,#4400,#2294,.T.);
#5549=EDGE_CURVE('',#4401,#4400,#2295,.T.);
#5550=EDGE_CURVE('',#4399,#4401,#2296,.T.);
#5551=EDGE_CURVE('',#4400,#4402,#2297,.T.);
#5552=EDGE_CURVE('',#4403,#4402,#2298,.T.);
#5553=EDGE_CURVE('',#4401,#4403,#2299,.T.);
#5554=EDGE_CURVE('',#4402,#4404,#2300,.T.);
#5555=EDGE_CURVE('',#4405,#4404,#2301,.T.);
#5556=EDGE_CURVE('',#4403,#4405,#2302,.T.);
#5557=EDGE_CURVE('',#4404,#4406,#2303,.T.);
#5558=EDGE_CURVE('',#4407,#4406,#2304,.T.);
#5559=EDGE_CURVE('',#4405,#4407,#2305,.T.);
#5560=EDGE_CURVE('',#4406,#4408,#2306,.T.);
#5561=EDGE_CURVE('',#4409,#4408,#2307,.T.);
#5562=EDGE_CURVE('',#4407,#4409,#2308,.T.);
#5563=EDGE_CURVE('',#4408,#4410,#2309,.T.);
#5564=EDGE_CURVE('',#4411,#4410,#2310,.T.);
#5565=EDGE_CURVE('',#4409,#4411,#2311,.T.);
#5566=EDGE_CURVE('',#4410,#4412,#2312,.T.);
#5567=EDGE_CURVE('',#4413,#4412,#2313,.T.);
#5568=EDGE_CURVE('',#4411,#4413,#2314,.T.);
#5569=EDGE_CURVE('',#4412,#4414,#2315,.T.);
#5570=EDGE_CURVE('',#4415,#4414,#2316,.T.);
#5571=EDGE_CURVE('',#4413,#4415,#2317,.T.);
#5572=EDGE_CURVE('',#4414,#4416,#2318,.T.);
#5573=EDGE_CURVE('',#4417,#4416,#2319,.T.);
#5574=EDGE_CURVE('',#4415,#4417,#2320,.T.);
#5575=EDGE_CURVE('',#4416,#4418,#2321,.T.);
#5576=EDGE_CURVE('',#4419,#4418,#2322,.T.);
#5577=EDGE_CURVE('',#4417,#4419,#2323,.T.);
#5578=EDGE_CURVE('',#4418,#4420,#2324,.T.);
#5579=EDGE_CURVE('',#4421,#4420,#2325,.T.);
#5580=EDGE_CURVE('',#4419,#4421,#2326,.T.);
#5581=EDGE_CURVE('',#4420,#4422,#2327,.T.);
#5582=EDGE_CURVE('',#4423,#4422,#2328,.T.);
#5583=EDGE_CURVE('',#4421,#4423,#2329,.T.);
#5584=EDGE_CURVE('',#4422,#4424,#2330,.T.);
#5585=EDGE_CURVE('',#4425,#4424,#2331,.T.);
#5586=EDGE_CURVE('',#4423,#4425,#2332,.T.);
#5587=EDGE_CURVE('',#4424,#4426,#2333,.T.);
#5588=EDGE_CURVE('',#4427,#4426,#2334,.T.);
#5589=EDGE_CURVE('',#4425,#4427,#2335,.T.);
#5590=EDGE_CURVE('',#4426,#4428,#2336,.T.);
#5591=EDGE_CURVE('',#4429,#4428,#2337,.T.);
#5592=EDGE_CURVE('',#4427,#4429,#2338,.T.);
#5593=EDGE_CURVE('',#4428,#4430,#2339,.T.);
#5594=EDGE_CURVE('',#4431,#4430,#2340,.T.);
#5595=EDGE_CURVE('',#4429,#4431,#2341,.T.);
#5596=EDGE_CURVE('',#4430,#4432,#2342,.T.);
#5597=EDGE_CURVE('',#4433,#4432,#2343,.T.);
#5598=EDGE_CURVE('',#4431,#4433,#2344,.T.);
#5599=EDGE_CURVE('',#4432,#4434,#2345,.T.);
#5600=EDGE_CURVE('',#4435,#4434,#2346,.T.);
#5601=EDGE_CURVE('',#4433,#4435,#2347,.T.);
#5602=EDGE_CURVE('',#4434,#4388,#2348,.T.);
#5603=EDGE_CURVE('',#4435,#4391,#2349,.T.);
#5604=EDGE_CURVE('',#4436,#4437,#2350,.T.);
#5605=EDGE_CURVE('',#4438,#4436,#2351,.T.);
#5606=EDGE_CURVE('',#4438,#4439,#2352,.T.);
#5607=EDGE_CURVE('',#4439,#4437,#2353,.T.);
#5608=EDGE_CURVE('',#4440,#4436,#2354,.T.);
#5609=EDGE_CURVE('',#4441,#4440,#2355,.T.);
#5610=EDGE_CURVE('',#4441,#4438,#2356,.T.);
#5611=EDGE_CURVE('',#4442,#4440,#2357,.T.);
#5612=EDGE_CURVE('',#4443,#4442,#2358,.T.);
#5613=EDGE_CURVE('',#4443,#4441,#2359,.T.);
#5614=EDGE_CURVE('',#4444,#4442,#2360,.T.);
#5615=EDGE_CURVE('',#4445,#4444,#2361,.T.);
#5616=EDGE_CURVE('',#4445,#4443,#2362,.T.);
#5617=EDGE_CURVE('',#4446,#4444,#2363,.T.);
#5618=EDGE_CURVE('',#4447,#4446,#2364,.T.);
#5619=EDGE_CURVE('',#4447,#4445,#2365,.T.);
#5620=EDGE_CURVE('',#4448,#4446,#2366,.T.);
#5621=EDGE_CURVE('',#4449,#4448,#2367,.T.);
#5622=EDGE_CURVE('',#4449,#4447,#2368,.T.);
#5623=EDGE_CURVE('',#4450,#4448,#2369,.T.);
#5624=EDGE_CURVE('',#4451,#4450,#2370,.T.);
#5625=EDGE_CURVE('',#4451,#4449,#2371,.T.);
#5626=EDGE_CURVE('',#4452,#4450,#2372,.T.);
#5627=EDGE_CURVE('',#4453,#4452,#2373,.T.);
#5628=EDGE_CURVE('',#4453,#4451,#2374,.T.);
#5629=EDGE_CURVE('',#4454,#4452,#2375,.T.);
#5630=EDGE_CURVE('',#4455,#4454,#2376,.T.);
#5631=EDGE_CURVE('',#4455,#4453,#2377,.T.);
#5632=EDGE_CURVE('',#4456,#4454,#2378,.T.);
#5633=EDGE_CURVE('',#4457,#4456,#2379,.T.);
#5634=EDGE_CURVE('',#4457,#4455,#2380,.T.);
#5635=EDGE_CURVE('',#4458,#4456,#2381,.T.);
#5636=EDGE_CURVE('',#4459,#4458,#2382,.T.);
#5637=EDGE_CURVE('',#4459,#4457,#2383,.T.);
#5638=EDGE_CURVE('',#4460,#4458,#2384,.T.);
#5639=EDGE_CURVE('',#4461,#4460,#2385,.T.);
#5640=EDGE_CURVE('',#4461,#4459,#2386,.T.);
#5641=EDGE_CURVE('',#4462,#4460,#2387,.T.);
#5642=EDGE_CURVE('',#4463,#4462,#2388,.T.);
#5643=EDGE_CURVE('',#4463,#4461,#2389,.T.);
#5644=EDGE_CURVE('',#4464,#4462,#1500,.T.);
#5645=EDGE_CURVE('',#4465,#4464,#2390,.T.);
#5646=EDGE_CURVE('',#4465,#4463,#1501,.T.);
#5647=EDGE_CURVE('',#4466,#4464,#2391,.T.);
#5648=EDGE_CURVE('',#4467,#4466,#2392,.T.);
#5649=EDGE_CURVE('',#4467,#4465,#2393,.T.);
#5650=EDGE_CURVE('',#4468,#4466,#2394,.T.);
#5651=EDGE_CURVE('',#4469,#4468,#2395,.T.);
#5652=EDGE_CURVE('',#4469,#4467,#2396,.T.);
#5653=EDGE_CURVE('',#4470,#4468,#2397,.T.);
#5654=EDGE_CURVE('',#4471,#4470,#2398,.T.);
#5655=EDGE_CURVE('',#4471,#4469,#2399,.T.);
#5656=EDGE_CURVE('',#4472,#4470,#2400,.T.);
#5657=EDGE_CURVE('',#4473,#4472,#2401,.T.);
#5658=EDGE_CURVE('',#4473,#4471,#2402,.T.);
#5659=EDGE_CURVE('',#4474,#4472,#2403,.T.);
#5660=EDGE_CURVE('',#4475,#4474,#2404,.T.);
#5661=EDGE_CURVE('',#4475,#4473,#2405,.T.);
#5662=EDGE_CURVE('',#4476,#4474,#2406,.T.);
#5663=EDGE_CURVE('',#4477,#4476,#2407,.T.);
#5664=EDGE_CURVE('',#4477,#4475,#2408,.T.);
#5665=EDGE_CURVE('',#4478,#4476,#2409,.T.);
#5666=EDGE_CURVE('',#4479,#4478,#2410,.T.);
#5667=EDGE_CURVE('',#4479,#4477,#2411,.T.);
#5668=EDGE_CURVE('',#4480,#4478,#2412,.T.);
#5669=EDGE_CURVE('',#4481,#4480,#2413,.T.);
#5670=EDGE_CURVE('',#4481,#4479,#2414,.T.);
#5671=EDGE_CURVE('',#4482,#4480,#2415,.T.);
#5672=EDGE_CURVE('',#4483,#4482,#2416,.T.);
#5673=EDGE_CURVE('',#4483,#4481,#2417,.T.);
#5674=EDGE_CURVE('',#4484,#4482,#2418,.T.);
#5675=EDGE_CURVE('',#4485,#4484,#2419,.T.);
#5676=EDGE_CURVE('',#4485,#4483,#2420,.T.);
#5677=EDGE_CURVE('',#4486,#4484,#2421,.T.);
#5678=EDGE_CURVE('',#4487,#4486,#2422,.T.);
#5679=EDGE_CURVE('',#4487,#4485,#2423,.T.);
#5680=EDGE_CURVE('',#4488,#4486,#2424,.T.);
#5681=EDGE_CURVE('',#4489,#4488,#2425,.T.);
#5682=EDGE_CURVE('',#4489,#4487,#2426,.T.);
#5683=EDGE_CURVE('',#4490,#4488,#2427,.T.);
#5684=EDGE_CURVE('',#4491,#4490,#2428,.T.);
#5685=EDGE_CURVE('',#4491,#4489,#2429,.T.);
#5686=EDGE_CURVE('',#4492,#4490,#2430,.T.);
#5687=EDGE_CURVE('',#4493,#4492,#2431,.T.);
#5688=EDGE_CURVE('',#4493,#4491,#2432,.T.);
#5689=EDGE_CURVE('',#4494,#4492,#2433,.T.);
#5690=EDGE_CURVE('',#4495,#4494,#2434,.T.);
#5691=EDGE_CURVE('',#4495,#4493,#2435,.T.);
#5692=EDGE_CURVE('',#4496,#4494,#1502,.T.);
#5693=EDGE_CURVE('',#4497,#4496,#2436,.T.);
#5694=EDGE_CURVE('',#4497,#4495,#1503,.T.);
#5695=EDGE_CURVE('',#4498,#4496,#2437,.T.);
#5696=EDGE_CURVE('',#4499,#4498,#2438,.T.);
#5697=EDGE_CURVE('',#4499,#4497,#2439,.T.);
#5698=EDGE_CURVE('',#4500,#4498,#2440,.T.);
#5699=EDGE_CURVE('',#4501,#4500,#2441,.T.);
#5700=EDGE_CURVE('',#4501,#4499,#2442,.T.);
#5701=EDGE_CURVE('',#4502,#4500,#2443,.T.);
#5702=EDGE_CURVE('',#4503,#4502,#2444,.T.);
#5703=EDGE_CURVE('',#4503,#4501,#2445,.T.);
#5704=EDGE_CURVE('',#4504,#4502,#2446,.T.);
#5705=EDGE_CURVE('',#4505,#4504,#2447,.T.);
#5706=EDGE_CURVE('',#4505,#4503,#2448,.T.);
#5707=EDGE_CURVE('',#4506,#4504,#2449,.T.);
#5708=EDGE_CURVE('',#4507,#4506,#2450,.T.);
#5709=EDGE_CURVE('',#4507,#4505,#2451,.T.);
#5710=EDGE_CURVE('',#4508,#4506,#2452,.T.);
#5711=EDGE_CURVE('',#4509,#4508,#2453,.T.);
#5712=EDGE_CURVE('',#4509,#4507,#2454,.T.);
#5713=EDGE_CURVE('',#4510,#4508,#2455,.T.);
#5714=EDGE_CURVE('',#4511,#4510,#2456,.T.);
#5715=EDGE_CURVE('',#4511,#4509,#2457,.T.);
#5716=EDGE_CURVE('',#4512,#4510,#2458,.T.);
#5717=EDGE_CURVE('',#4513,#4512,#2459,.T.);
#5718=EDGE_CURVE('',#4513,#4511,#2460,.T.);
#5719=EDGE_CURVE('',#4514,#4512,#2461,.T.);
#5720=EDGE_CURVE('',#4515,#4514,#2462,.T.);
#5721=EDGE_CURVE('',#4515,#4513,#2463,.T.);
#5722=EDGE_CURVE('',#4516,#4514,#2464,.T.);
#5723=EDGE_CURVE('',#4517,#4516,#2465,.T.);
#5724=EDGE_CURVE('',#4517,#4515,#2466,.T.);
#5725=EDGE_CURVE('',#4518,#4516,#2467,.T.);
#5726=EDGE_CURVE('',#4519,#4518,#2468,.T.);
#5727=EDGE_CURVE('',#4519,#4517,#2469,.T.);
#5728=EDGE_CURVE('',#4520,#4518,#2470,.T.);
#5729=EDGE_CURVE('',#4521,#4520,#2471,.T.);
#5730=EDGE_CURVE('',#4521,#4519,#2472,.T.);
#5731=EDGE_CURVE('',#4522,#4520,#2473,.T.);
#5732=EDGE_CURVE('',#4523,#4522,#2474,.T.);
#5733=EDGE_CURVE('',#4523,#4521,#2475,.T.);
#5734=EDGE_CURVE('',#4524,#4522,#2476,.T.);
#5735=EDGE_CURVE('',#4525,#4524,#2477,.T.);
#5736=EDGE_CURVE('',#4525,#4523,#2478,.T.);
#5737=EDGE_CURVE('',#4526,#4524,#2479,.T.);
#5738=EDGE_CURVE('',#4527,#4526,#2480,.T.);
#5739=EDGE_CURVE('',#4527,#4525,#2481,.T.);
#5740=EDGE_CURVE('',#4528,#4526,#1504,.T.);
#5741=EDGE_CURVE('',#4529,#4528,#2482,.T.);
#5742=EDGE_CURVE('',#4529,#4527,#1505,.T.);
#5743=EDGE_CURVE('',#4530,#4528,#2483,.T.);
#5744=EDGE_CURVE('',#4531,#4530,#2484,.T.);
#5745=EDGE_CURVE('',#4531,#4529,#2485,.T.);
#5746=EDGE_CURVE('',#4532,#4530,#2486,.T.);
#5747=EDGE_CURVE('',#4533,#4532,#2487,.T.);
#5748=EDGE_CURVE('',#4533,#4531,#2488,.T.);
#5749=EDGE_CURVE('',#4534,#4532,#2489,.T.);
#5750=EDGE_CURVE('',#4535,#4534,#2490,.T.);
#5751=EDGE_CURVE('',#4535,#4533,#2491,.T.);
#5752=EDGE_CURVE('',#4536,#4534,#2492,.T.);
#5753=EDGE_CURVE('',#4537,#4536,#2493,.T.);
#5754=EDGE_CURVE('',#4537,#4535,#2494,.T.);
#5755=EDGE_CURVE('',#4538,#4536,#2495,.T.);
#5756=EDGE_CURVE('',#4539,#4538,#2496,.T.);
#5757=EDGE_CURVE('',#4539,#4537,#2497,.T.);
#5758=EDGE_CURVE('',#4540,#4538,#2498,.T.);
#5759=EDGE_CURVE('',#4541,#4540,#2499,.T.);
#5760=EDGE_CURVE('',#4541,#4539,#2500,.T.);
#5761=EDGE_CURVE('',#4542,#4540,#2501,.T.);
#5762=EDGE_CURVE('',#4543,#4542,#2502,.T.);
#5763=EDGE_CURVE('',#4543,#4541,#2503,.T.);
#5764=EDGE_CURVE('',#4544,#4542,#2504,.T.);
#5765=EDGE_CURVE('',#4545,#4544,#2505,.T.);
#5766=EDGE_CURVE('',#4545,#4543,#2506,.T.);
#5767=EDGE_CURVE('',#4546,#4544,#2507,.T.);
#5768=EDGE_CURVE('',#4547,#4546,#2508,.T.);
#5769=EDGE_CURVE('',#4547,#4545,#2509,.T.);
#5770=EDGE_CURVE('',#4548,#4546,#2510,.T.);
#5771=EDGE_CURVE('',#4549,#4548,#2511,.T.);
#5772=EDGE_CURVE('',#4549,#4547,#2512,.T.);
#5773=EDGE_CURVE('',#4550,#4548,#2513,.T.);
#5774=EDGE_CURVE('',#4551,#4550,#2514,.T.);
#5775=EDGE_CURVE('',#4551,#4549,#2515,.T.);
#5776=EDGE_CURVE('',#4552,#4550,#2516,.T.);
#5777=EDGE_CURVE('',#4553,#4552,#2517,.T.);
#5778=EDGE_CURVE('',#4553,#4551,#2518,.T.);
#5779=EDGE_CURVE('',#4554,#4552,#2519,.T.);
#5780=EDGE_CURVE('',#4555,#4554,#2520,.T.);
#5781=EDGE_CURVE('',#4555,#4553,#2521,.T.);
#5782=EDGE_CURVE('',#4556,#4554,#2522,.T.);
#5783=EDGE_CURVE('',#4557,#4556,#2523,.T.);
#5784=EDGE_CURVE('',#4557,#4555,#2524,.T.);
#5785=EDGE_CURVE('',#4558,#4556,#2525,.T.);
#5786=EDGE_CURVE('',#4559,#4558,#2526,.T.);
#5787=EDGE_CURVE('',#4559,#4557,#2527,.T.);
#5788=EDGE_CURVE('',#4560,#4558,#1506,.T.);
#5789=EDGE_CURVE('',#4561,#4560,#2528,.T.);
#5790=EDGE_CURVE('',#4561,#4559,#1507,.T.);
#5791=EDGE_CURVE('',#4562,#4560,#2529,.T.);
#5792=EDGE_CURVE('',#4563,#4562,#2530,.T.);
#5793=EDGE_CURVE('',#4563,#4561,#2531,.T.);
#5794=EDGE_CURVE('',#4437,#4562,#2532,.T.);
#5795=EDGE_CURVE('',#4439,#4563,#2533,.T.);
#5796=EDGE_CURVE('',#4564,#4565,#2534,.T.);
#5797=EDGE_CURVE('',#4565,#4566,#1508,.T.);
#5798=EDGE_CURVE('',#4566,#4567,#2535,.T.);
#5799=EDGE_CURVE('',#4567,#4568,#2536,.T.);
#5800=EDGE_CURVE('',#4568,#4564,#2537,.T.);
#5801=EDGE_CURVE('',#4569,#4570,#2538,.T.);
#5802=EDGE_CURVE('',#4570,#4571,#1509,.T.);
#5803=EDGE_CURVE('',#4571,#4572,#2539,.T.);
#5804=EDGE_CURVE('',#4572,#4573,#2540,.T.);
#5805=EDGE_CURVE('',#4573,#4569,#2541,.T.);
#5806=EDGE_CURVE('',#4574,#4575,#2542,.T.);
#5807=EDGE_CURVE('',#4575,#4576,#1510,.T.);
#5808=EDGE_CURVE('',#4576,#4577,#2543,.T.);
#5809=EDGE_CURVE('',#4577,#4578,#2544,.T.);
#5810=EDGE_CURVE('',#4578,#4574,#2545,.T.);
#5811=EDGE_CURVE('',#4579,#4580,#2546,.T.);
#5812=EDGE_CURVE('',#4580,#4581,#1511,.T.);
#5813=EDGE_CURVE('',#4581,#4582,#2547,.T.);
#5814=EDGE_CURVE('',#4582,#4583,#2548,.T.);
#5815=EDGE_CURVE('',#4583,#4579,#2549,.T.);
#5816=EDGE_CURVE('',#4584,#4584,#1512,.T.);
#5817=EDGE_CURVE('',#4585,#4586,#1513,.T.);
#5818=EDGE_CURVE('',#4587,#4585,#2550,.T.);
#5819=EDGE_CURVE('',#4588,#4587,#2551,.T.);
#5820=EDGE_CURVE('',#4589,#4588,#2552,.T.);
#5821=EDGE_CURVE('',#4586,#4589,#2553,.T.);
#5822=EDGE_CURVE('',#4590,#4591,#1514,.T.);
#5823=EDGE_CURVE('',#4592,#4590,#2554,.T.);
#5824=EDGE_CURVE('',#4593,#4592,#2555,.T.);
#5825=EDGE_CURVE('',#4594,#4593,#2556,.T.);
#5826=EDGE_CURVE('',#4591,#4594,#2557,.T.);
#5827=EDGE_CURVE('',#4595,#4596,#1515,.T.);
#5828=EDGE_CURVE('',#4597,#4595,#2558,.T.);
#5829=EDGE_CURVE('',#4598,#4597,#2559,.T.);
#5830=EDGE_CURVE('',#4599,#4598,#2560,.T.);
#5831=EDGE_CURVE('',#4596,#4599,#2561,.T.);
#5832=EDGE_CURVE('',#4600,#4601,#1516,.T.);
#5833=EDGE_CURVE('',#4602,#4600,#2562,.T.);
#5834=EDGE_CURVE('',#4603,#4602,#2563,.T.);
#5835=EDGE_CURVE('',#4604,#4603,#2564,.T.);
#5836=EDGE_CURVE('',#4601,#4604,#2565,.T.);
#5837=EDGE_CURVE('',#4605,#4605,#1517,.T.);
#5838=EDGE_CURVE('',#4584,#4605,#2566,.T.);
#5839=EDGE_CURVE('',#4581,#4601,#2567,.T.);
#5840=EDGE_CURVE('',#4580,#4600,#2568,.T.);
#5841=EDGE_CURVE('',#4579,#4602,#2569,.T.);
#5842=EDGE_CURVE('',#4583,#4603,#2570,.T.);
#5843=EDGE_CURVE('',#4582,#4604,#2571,.T.);
#5844=EDGE_CURVE('',#4576,#4596,#2572,.T.);
#5845=EDGE_CURVE('',#4575,#4595,#2573,.T.);
#5846=EDGE_CURVE('',#4574,#4597,#2574,.T.);
#5847=EDGE_CURVE('',#4578,#4598,#2575,.T.);
#5848=EDGE_CURVE('',#4577,#4599,#2576,.T.);
#5849=EDGE_CURVE('',#4571,#4591,#2577,.T.);
#5850=EDGE_CURVE('',#4570,#4590,#2578,.T.);
#5851=EDGE_CURVE('',#4569,#4592,#2579,.T.);
#5852=EDGE_CURVE('',#4573,#4593,#2580,.T.);
#5853=EDGE_CURVE('',#4572,#4594,#2581,.T.);
#5854=EDGE_CURVE('',#4566,#4586,#2582,.T.);
#5855=EDGE_CURVE('',#4565,#4585,#2583,.T.);
#5856=EDGE_CURVE('',#4564,#4587,#2584,.T.);
#5857=EDGE_CURVE('',#4568,#4588,#2585,.T.);
#5858=EDGE_CURVE('',#4567,#4589,#2586,.T.);
#5859=EDGE_CURVE('',#4606,#4607,#2587,.T.);
#5860=EDGE_CURVE('',#4608,#4606,#2588,.T.);
#5861=EDGE_CURVE('',#4609,#4608,#2589,.T.);
#5862=EDGE_CURVE('',#4609,#4607,#2590,.T.);
#5863=EDGE_CURVE('',#4610,#4606,#2591,.T.);
#5864=EDGE_CURVE('',#4611,#4610,#2592,.T.);
#5865=EDGE_CURVE('',#4608,#4611,#2593,.T.);
#5866=EDGE_CURVE('',#4612,#4610,#2594,.T.);
#5867=EDGE_CURVE('',#4613,#4612,#2595,.T.);
#5868=EDGE_CURVE('',#4611,#4613,#2596,.T.);
#5869=EDGE_CURVE('',#4614,#4612,#2597,.T.);
#5870=EDGE_CURVE('',#4615,#4614,#2598,.T.);
#5871=EDGE_CURVE('',#4613,#4615,#2599,.T.);
#5872=EDGE_CURVE('',#4616,#4614,#2600,.T.);
#5873=EDGE_CURVE('',#4617,#4616,#2601,.T.);
#5874=EDGE_CURVE('',#4615,#4617,#2602,.T.);
#5875=EDGE_CURVE('',#4618,#4616,#2603,.T.);
#5876=EDGE_CURVE('',#4619,#4618,#2604,.T.);
#5877=EDGE_CURVE('',#4617,#4619,#2605,.T.);
#5878=EDGE_CURVE('',#4620,#4618,#2606,.T.);
#5879=EDGE_CURVE('',#4621,#4620,#2607,.T.);
#5880=EDGE_CURVE('',#4619,#4621,#2608,.T.);
#5881=EDGE_CURVE('',#4607,#4620,#2609,.T.);
#5882=EDGE_CURVE('',#4621,#4609,#2610,.T.);
#5883=EDGE_CURVE('',#4622,#4622,#1518,.T.);
#5884=EDGE_CURVE('',#4623,#4623,#1519,.T.);
#5885=EDGE_CURVE('',#4624,#4624,#1520,.T.);
#5886=EDGE_CURVE('',#4625,#4625,#1521,.T.);
#5887=EDGE_CURVE('',#4626,#4626,#1522,.T.);
#5888=EDGE_CURVE('',#4627,#4627,#1523,.T.);
#5889=EDGE_CURVE('',#4627,#4626,#2611,.T.);
#5890=EDGE_CURVE('',#4628,#4628,#1524,.T.);
#5891=EDGE_CURVE('',#4628,#4625,#2612,.T.);
#5892=EDGE_CURVE('',#4629,#4629,#1525,.T.);
#5893=EDGE_CURVE('',#4629,#4624,#2613,.T.);
#5894=EDGE_CURVE('',#4630,#4630,#1526,.T.);
#5895=EDGE_CURVE('',#4630,#4623,#2614,.T.);
#5896=EDGE_CURVE('',#4622,#4631,#2615,.T.);
#5897=EDGE_CURVE('',#4631,#4631,#1527,.T.);
#5898=EDGE_CURVE('',#4632,#4632,#1528,.F.);
#5899=EDGE_CURVE('',#4632,#4633,#2616,.T.);
#5900=EDGE_CURVE('',#4633,#4633,#1529,.T.);
#5901=EDGE_CURVE('',#4634,#4634,#1530,.F.);
#5902=EDGE_CURVE('',#4634,#4635,#2617,.T.);
#5903=EDGE_CURVE('',#4635,#4635,#1531,.T.);
#5904=EDGE_CURVE('',#4636,#4636,#1532,.F.);
#5905=EDGE_CURVE('',#4636,#4637,#2618,.T.);
#5906=EDGE_CURVE('',#4637,#4637,#1533,.T.);
#5907=EDGE_CURVE('',#4638,#4639,#2619,.T.);
#5908=EDGE_CURVE('',#4639,#4640,#2620,.T.);
#5909=EDGE_CURVE('',#4640,#4641,#2621,.T.);
#5910=EDGE_CURVE('',#4641,#4642,#2622,.T.);
#5911=EDGE_CURVE('',#4642,#4643,#2623,.T.);
#5912=EDGE_CURVE('',#4643,#4644,#2624,.T.);
#5913=EDGE_CURVE('',#4644,#4645,#2625,.T.);
#5914=EDGE_CURVE('',#4645,#4646,#2626,.T.);
#5915=EDGE_CURVE('',#4646,#4647,#2627,.T.);
#5916=EDGE_CURVE('',#4647,#4648,#2628,.T.);
#5917=EDGE_CURVE('',#4648,#4649,#2629,.T.);
#5918=EDGE_CURVE('',#4649,#4650,#2630,.T.);
#5919=EDGE_CURVE('',#4650,#4651,#2631,.T.);
#5920=EDGE_CURVE('',#4651,#4638,#2632,.T.);
#5921=EDGE_CURVE('',#4652,#4653,#2633,.T.);
#5922=EDGE_CURVE('',#4638,#4653,#2634,.T.);
#5923=EDGE_CURVE('',#4651,#4652,#2635,.T.);
#5924=EDGE_CURVE('',#4653,#4654,#2636,.T.);
#5925=EDGE_CURVE('',#4655,#4654,#2637,.T.);
#5926=EDGE_CURVE('',#4639,#4655,#2638,.T.);
#5927=EDGE_CURVE('',#4654,#4656,#2639,.T.);
#5928=EDGE_CURVE('',#4657,#4656,#2640,.T.);
#5929=EDGE_CURVE('',#4657,#4658,#2641,.T.);
#5930=EDGE_CURVE('',#4658,#4659,#2642,.T.);
#5931=EDGE_CURVE('',#4659,#4660,#2643,.T.);
#5932=EDGE_CURVE('',#4660,#4661,#2644,.T.);
#5933=EDGE_CURVE('',#4661,#4662,#2645,.T.);
#5934=EDGE_CURVE('',#4662,#4663,#2646,.T.);
#5935=EDGE_CURVE('',#4663,#4664,#2647,.T.);
#5936=EDGE_CURVE('',#4664,#4665,#2648,.T.);
#5937=EDGE_CURVE('',#4665,#4655,#2649,.T.);
#5938=EDGE_CURVE('',#4666,#4666,#1534,.T.);
#5939=EDGE_CURVE('',#4667,#4667,#1535,.T.);
#5940=EDGE_CURVE('',#4668,#4668,#1536,.T.);
#5941=EDGE_CURVE('',#4669,#4669,#1537,.T.);
#5942=EDGE_CURVE('',#4670,#4670,#1538,.T.);
#5943=EDGE_CURVE('',#4671,#4671,#1539,.T.);
#5944=EDGE_CURVE('',#4672,#4672,#1540,.T.);
#5945=EDGE_CURVE('',#4656,#4673,#2650,.T.);
#5946=EDGE_CURVE('',#4641,#4673,#2651,.T.);
#5947=EDGE_CURVE('',#4657,#4640,#2652,.T.);
#5948=EDGE_CURVE('',#4673,#4674,#2653,.T.);
#5949=EDGE_CURVE('',#4642,#4674,#2654,.T.);
#5950=EDGE_CURVE('',#4674,#4675,#2655,.T.);
#5951=EDGE_CURVE('',#4643,#4675,#2656,.T.);
#5952=EDGE_CURVE('',#4675,#4676,#2657,.T.);
#5953=EDGE_CURVE('',#4644,#4676,#2658,.T.);
#5954=EDGE_CURVE('',#4676,#4677,#2659,.T.);
#5955=EDGE_CURVE('',#4645,#4677,#2660,.T.);
#5956=EDGE_CURVE('',#4677,#4678,#2661,.T.);
#5957=EDGE_CURVE('',#4646,#4678,#2662,.T.);
#5958=EDGE_CURVE('',#4678,#4679,#2663,.T.);
#5959=EDGE_CURVE('',#4647,#4679,#2664,.T.);
#5960=EDGE_CURVE('',#4679,#4680,#2665,.T.);
#5961=EDGE_CURVE('',#4648,#4680,#2666,.T.);
#5962=EDGE_CURVE('',#4680,#4681,#2667,.T.);
#5963=EDGE_CURVE('',#4649,#4681,#2668,.T.);
#5964=EDGE_CURVE('',#4681,#4682,#2669,.T.);
#5965=EDGE_CURVE('',#4650,#4682,#2670,.T.);
#5966=EDGE_CURVE('',#4682,#4652,#2671,.T.);
#5967=EDGE_CURVE('',#4683,#4639,#2672,.T.);
#5968=EDGE_CURVE('',#4665,#4683,#2673,.T.);
#5969=EDGE_CURVE('',#4640,#4684,#2674,.T.);
#5970=EDGE_CURVE('',#4658,#4684,#2675,.T.);
#5971=EDGE_CURVE('',#4685,#4683,#2676,.T.);
#5972=EDGE_CURVE('',#4686,#4685,#2677,.T.);
#5973=EDGE_CURVE('',#4687,#4686,#2678,.T.);
#5974=EDGE_CURVE('',#4688,#4687,#2679,.T.);
#5975=EDGE_CURVE('',#4689,#4688,#2680,.T.);
#5976=EDGE_CURVE('',#4690,#4689,#2681,.T.);
#5977=EDGE_CURVE('',#4684,#4690,#2682,.T.);
#5978=EDGE_CURVE('',#4691,#4691,#1541,.T.);
#5979=EDGE_CURVE('',#4692,#4692,#1542,.T.);
#5980=EDGE_CURVE('',#4693,#4693,#1543,.T.);
#5981=EDGE_CURVE('',#4694,#4694,#1544,.T.);
#5982=EDGE_CURVE('',#4695,#4695,#1545,.T.);
#5983=EDGE_CURVE('',#4664,#4685,#2683,.T.);
#5984=EDGE_CURVE('',#4659,#4690,#2684,.T.);
#5985=EDGE_CURVE('',#4660,#4689,#2685,.T.);
#5986=EDGE_CURVE('',#4661,#4688,#2686,.T.);
#5987=EDGE_CURVE('',#4662,#4687,#2687,.T.);
#5988=EDGE_CURVE('',#4663,#4686,#2688,.T.);
#5989=EDGE_CURVE('',#4666,#4695,#2689,.T.);
#5990=EDGE_CURVE('',#4667,#4691,#2690,.T.);
#5991=EDGE_CURVE('',#4668,#4694,#2691,.T.);
#5992=EDGE_CURVE('',#4669,#4692,#2692,.T.);
#5993=EDGE_CURVE('',#4696,#4696,#1546,.T.);
#5994=EDGE_CURVE('',#4696,#4693,#2693,.T.);
#5995=EDGE_CURVE('',#4697,#4697,#1547,.T.);
#5996=EDGE_CURVE('',#4672,#4697,#2694,.T.);
#5997=EDGE_CURVE('',#4698,#4698,#1548,.T.);
#5998=EDGE_CURVE('',#4698,#4671,#2695,.T.);
#5999=EDGE_CURVE('',#4699,#4699,#1549,.T.);
#6000=EDGE_CURVE('',#4699,#4670,#2696,.T.);
#6001=EDGE_CURVE('',#4700,#4700,#1550,.T.);
#6002=EDGE_CURVE('',#4700,#4701,#2697,.T.);
#6003=EDGE_CURVE('',#4701,#4701,#1551,.T.);
#6004=EDGE_CURVE('',#4702,#4702,#1552,.T.);
#6005=EDGE_CURVE('',#4702,#4703,#2698,.T.);
#6006=EDGE_CURVE('',#4703,#4703,#1553,.T.);
#6007=EDGE_CURVE('',#4704,#4705,#1554,.T.);
#6008=EDGE_CURVE('',#4705,#4704,#2699,.T.);
#6009=EDGE_CURVE('',#4706,#4705,#2700,.T.);
#6010=EDGE_CURVE('',#4707,#4706,#1555,.T.);
#6011=EDGE_CURVE('',#4707,#4704,#2701,.T.);
#6012=EDGE_CURVE('',#4706,#4707,#2702,.T.);
#6013=EDGE_CURVE('',#4708,#4708,#1556,.T.);
#6014=EDGE_CURVE('',#4709,#4709,#1557,.T.);
#6015=EDGE_CURVE('',#4710,#4710,#1558,.T.);
#6016=EDGE_CURVE('',#4711,#4711,#1559,.T.);
#6017=EDGE_CURVE('',#4710,#4708,#2703,.T.);
#6018=EDGE_CURVE('',#4709,#4711,#2704,.T.);
#6019=ORIENTED_EDGE('',*,*,#4712,.F.);
#6020=ORIENTED_EDGE('',*,*,#4713,.F.);
#6021=ORIENTED_EDGE('',*,*,#4714,.T.);
#6022=ORIENTED_EDGE('',*,*,#4715,.T.);
#6023=ORIENTED_EDGE('',*,*,#4716,.T.);
#6024=ORIENTED_EDGE('',*,*,#4717,.T.);
#6025=ORIENTED_EDGE('',*,*,#4718,.T.);
#6026=ORIENTED_EDGE('',*,*,#4719,.T.);
#6027=ORIENTED_EDGE('',*,*,#4720,.T.);
#6028=ORIENTED_EDGE('',*,*,#4721,.T.);
#6029=ORIENTED_EDGE('',*,*,#4722,.F.);
#6030=ORIENTED_EDGE('',*,*,#4723,.F.);
#6031=ORIENTED_EDGE('',*,*,#4724,.T.);
#6032=ORIENTED_EDGE('',*,*,#4725,.T.);
#6033=ORIENTED_EDGE('',*,*,#4726,.T.);
#6034=ORIENTED_EDGE('',*,*,#4727,.T.);
#6035=ORIENTED_EDGE('',*,*,#4728,.T.);
#6036=ORIENTED_EDGE('',*,*,#4729,.T.);
#6037=ORIENTED_EDGE('',*,*,#4730,.T.);
#6038=ORIENTED_EDGE('',*,*,#4731,.T.);
#6039=ORIENTED_EDGE('',*,*,#4732,.F.);
#6040=ORIENTED_EDGE('',*,*,#4733,.F.);
#6041=ORIENTED_EDGE('',*,*,#4734,.F.);
#6042=ORIENTED_EDGE('',*,*,#4735,.T.);
#6043=ORIENTED_EDGE('',*,*,#4736,.F.);
#6044=ORIENTED_EDGE('',*,*,#4737,.F.);
#6045=ORIENTED_EDGE('',*,*,#4725,.F.);
#6046=ORIENTED_EDGE('',*,*,#4738,.T.);
#6047=ORIENTED_EDGE('',*,*,#4739,.F.);
#6048=ORIENTED_EDGE('',*,*,#4740,.T.);
#6049=ORIENTED_EDGE('',*,*,#4741,.F.);
#6050=ORIENTED_EDGE('',*,*,#4742,.T.);
#6051=ORIENTED_EDGE('',*,*,#4721,.F.);
#6052=ORIENTED_EDGE('',*,*,#4743,.F.);
#6053=ORIENTED_EDGE('',*,*,#4744,.F.);
#6054=ORIENTED_EDGE('',*,*,#4745,.T.);
#6055=ORIENTED_EDGE('',*,*,#4746,.T.);
#6056=ORIENTED_EDGE('',*,*,#4747,.T.);
#6057=ORIENTED_EDGE('',*,*,#4748,.T.);
#6058=ORIENTED_EDGE('',*,*,#4749,.F.);
#6059=ORIENTED_EDGE('',*,*,#4750,.F.);
#6060=ORIENTED_EDGE('',*,*,#4751,.T.);
#6061=ORIENTED_EDGE('',*,*,#4752,.F.);
#6062=ORIENTED_EDGE('',*,*,#4753,.T.);
#6063=ORIENTED_EDGE('',*,*,#4745,.F.);
#6064=ORIENTED_EDGE('',*,*,#4754,.T.);
#6065=ORIENTED_EDGE('',*,*,#4753,.F.);
#6066=ORIENTED_EDGE('',*,*,#4755,.F.);
#6067=ORIENTED_EDGE('',*,*,#4756,.T.);
#6068=ORIENTED_EDGE('',*,*,#4757,.F.);
#6069=ORIENTED_EDGE('',*,*,#4758,.T.);
#6070=ORIENTED_EDGE('',*,*,#4759,.F.);
#6071=ORIENTED_EDGE('',*,*,#4760,.T.);
#6072=ORIENTED_EDGE('',*,*,#4714,.F.);
#6073=ORIENTED_EDGE('',*,*,#4761,.F.);
#6074=ORIENTED_EDGE('',*,*,#4762,.F.);
#6075=ORIENTED_EDGE('',*,*,#4763,.F.);
#6076=ORIENTED_EDGE('',*,*,#4764,.T.);
#6077=ORIENTED_EDGE('',*,*,#4765,.T.);
#6078=ORIENTED_EDGE('',*,*,#4766,.T.);
#6079=ORIENTED_EDGE('',*,*,#4767,.F.);
#6080=ORIENTED_EDGE('',*,*,#4768,.F.);
#6081=ORIENTED_EDGE('',*,*,#4769,.T.);
#6082=ORIENTED_EDGE('',*,*,#4770,.F.);
#6083=ORIENTED_EDGE('',*,*,#4771,.T.);
#6084=ORIENTED_EDGE('',*,*,#4772,.F.);
#6085=ORIENTED_EDGE('',*,*,#4773,.F.);
#6086=ORIENTED_EDGE('',*,*,#4774,.F.);
#6087=ORIENTED_EDGE('',*,*,#4775,.F.);
#6088=ORIENTED_EDGE('',*,*,#4776,.F.);
#6089=ORIENTED_EDGE('',*,*,#4777,.F.);
#6090=ORIENTED_EDGE('',*,*,#4778,.F.);
#6091=ORIENTED_EDGE('',*,*,#4779,.F.);
#6092=ORIENTED_EDGE('',*,*,#4780,.F.);
#6093=ORIENTED_EDGE('',*,*,#4781,.F.);
#6094=ORIENTED_EDGE('',*,*,#4782,.F.);
#6095=ORIENTED_EDGE('',*,*,#4783,.F.);
#6096=ORIENTED_EDGE('',*,*,#4784,.F.);
#6097=ORIENTED_EDGE('',*,*,#4785,.F.);
#6098=ORIENTED_EDGE('',*,*,#4786,.F.);
#6099=ORIENTED_EDGE('',*,*,#4787,.F.);
#6100=ORIENTED_EDGE('',*,*,#4788,.F.);
#6101=ORIENTED_EDGE('',*,*,#4789,.F.);
#6102=ORIENTED_EDGE('',*,*,#4790,.F.);
#6103=ORIENTED_EDGE('',*,*,#4791,.F.);
#6104=ORIENTED_EDGE('',*,*,#4792,.F.);
#6105=ORIENTED_EDGE('',*,*,#4793,.F.);
#6106=ORIENTED_EDGE('',*,*,#4794,.F.);
#6107=ORIENTED_EDGE('',*,*,#4795,.F.);
#6108=ORIENTED_EDGE('',*,*,#4796,.F.);
#6109=ORIENTED_EDGE('',*,*,#4797,.F.);
#6110=ORIENTED_EDGE('',*,*,#4731,.F.);
#6111=ORIENTED_EDGE('',*,*,#4798,.F.);
#6112=ORIENTED_EDGE('',*,*,#4799,.F.);
#6113=ORIENTED_EDGE('',*,*,#4769,.F.);
#6114=ORIENTED_EDGE('',*,*,#4795,.T.);
#6115=ORIENTED_EDGE('',*,*,#4800,.F.);
#6116=ORIENTED_EDGE('',*,*,#4801,.F.);
#6117=ORIENTED_EDGE('',*,*,#4802,.T.);
#6118=ORIENTED_EDGE('',*,*,#4794,.T.);
#6119=ORIENTED_EDGE('',*,*,#4803,.F.);
#6120=ORIENTED_EDGE('',*,*,#4804,.F.);
#6121=ORIENTED_EDGE('',*,*,#4800,.T.);
#6122=ORIENTED_EDGE('',*,*,#4793,.T.);
#6123=ORIENTED_EDGE('',*,*,#4805,.F.);
#6124=ORIENTED_EDGE('',*,*,#4806,.F.);
#6125=ORIENTED_EDGE('',*,*,#4803,.T.);
#6126=ORIENTED_EDGE('',*,*,#4792,.T.);
#6127=ORIENTED_EDGE('',*,*,#4807,.F.);
#6128=ORIENTED_EDGE('',*,*,#4808,.F.);
#6129=ORIENTED_EDGE('',*,*,#4805,.T.);
#6130=ORIENTED_EDGE('',*,*,#4791,.T.);
#6131=ORIENTED_EDGE('',*,*,#4809,.F.);
#6132=ORIENTED_EDGE('',*,*,#4810,.F.);
#6133=ORIENTED_EDGE('',*,*,#4807,.T.);
#6134=ORIENTED_EDGE('',*,*,#4790,.T.);
#6135=ORIENTED_EDGE('',*,*,#4811,.F.);
#6136=ORIENTED_EDGE('',*,*,#4812,.F.);
#6137=ORIENTED_EDGE('',*,*,#4809,.T.);
#6138=ORIENTED_EDGE('',*,*,#4789,.T.);
#6139=ORIENTED_EDGE('',*,*,#4813,.F.);
#6140=ORIENTED_EDGE('',*,*,#4814,.F.);
#6141=ORIENTED_EDGE('',*,*,#4811,.T.);
#6142=ORIENTED_EDGE('',*,*,#4788,.T.);
#6143=ORIENTED_EDGE('',*,*,#4815,.F.);
#6144=ORIENTED_EDGE('',*,*,#4816,.F.);
#6145=ORIENTED_EDGE('',*,*,#4813,.T.);
#6146=ORIENTED_EDGE('',*,*,#4787,.T.);
#6147=ORIENTED_EDGE('',*,*,#4817,.F.);
#6148=ORIENTED_EDGE('',*,*,#4818,.F.);
#6149=ORIENTED_EDGE('',*,*,#4815,.T.);
#6150=ORIENTED_EDGE('',*,*,#4786,.T.);
#6151=ORIENTED_EDGE('',*,*,#4819,.F.);
#6152=ORIENTED_EDGE('',*,*,#4820,.F.);
#6153=ORIENTED_EDGE('',*,*,#4817,.T.);
#6154=ORIENTED_EDGE('',*,*,#4785,.T.);
#6155=ORIENTED_EDGE('',*,*,#4821,.F.);
#6156=ORIENTED_EDGE('',*,*,#4822,.F.);
#6157=ORIENTED_EDGE('',*,*,#4819,.T.);
#6158=ORIENTED_EDGE('',*,*,#4784,.T.);
#6159=ORIENTED_EDGE('',*,*,#4823,.F.);
#6160=ORIENTED_EDGE('',*,*,#4824,.F.);
#6161=ORIENTED_EDGE('',*,*,#4821,.T.);
#6162=ORIENTED_EDGE('',*,*,#4783,.T.);
#6163=ORIENTED_EDGE('',*,*,#4825,.F.);
#6164=ORIENTED_EDGE('',*,*,#4826,.F.);
#6165=ORIENTED_EDGE('',*,*,#4823,.T.);
#6166=ORIENTED_EDGE('',*,*,#4782,.T.);
#6167=ORIENTED_EDGE('',*,*,#4827,.F.);
#6168=ORIENTED_EDGE('',*,*,#4828,.F.);
#6169=ORIENTED_EDGE('',*,*,#4825,.T.);
#6170=ORIENTED_EDGE('',*,*,#4781,.T.);
#6171=ORIENTED_EDGE('',*,*,#4829,.F.);
#6172=ORIENTED_EDGE('',*,*,#4830,.F.);
#6173=ORIENTED_EDGE('',*,*,#4827,.T.);
#6174=ORIENTED_EDGE('',*,*,#4780,.T.);
#6175=ORIENTED_EDGE('',*,*,#4831,.F.);
#6176=ORIENTED_EDGE('',*,*,#4832,.F.);
#6177=ORIENTED_EDGE('',*,*,#4829,.T.);
#6178=ORIENTED_EDGE('',*,*,#4779,.T.);
#6179=ORIENTED_EDGE('',*,*,#4833,.F.);
#6180=ORIENTED_EDGE('',*,*,#4834,.F.);
#6181=ORIENTED_EDGE('',*,*,#4831,.T.);
#6182=ORIENTED_EDGE('',*,*,#4778,.T.);
#6183=ORIENTED_EDGE('',*,*,#4835,.F.);
#6184=ORIENTED_EDGE('',*,*,#4836,.F.);
#6185=ORIENTED_EDGE('',*,*,#4833,.T.);
#6186=ORIENTED_EDGE('',*,*,#4777,.T.);
#6187=ORIENTED_EDGE('',*,*,#4837,.F.);
#6188=ORIENTED_EDGE('',*,*,#4838,.F.);
#6189=ORIENTED_EDGE('',*,*,#4835,.T.);
#6190=ORIENTED_EDGE('',*,*,#4776,.T.);
#6191=ORIENTED_EDGE('',*,*,#4839,.F.);
#6192=ORIENTED_EDGE('',*,*,#4840,.F.);
#6193=ORIENTED_EDGE('',*,*,#4837,.T.);
#6194=ORIENTED_EDGE('',*,*,#4775,.T.);
#6195=ORIENTED_EDGE('',*,*,#4841,.F.);
#6196=ORIENTED_EDGE('',*,*,#4842,.F.);
#6197=ORIENTED_EDGE('',*,*,#4839,.T.);
#6198=ORIENTED_EDGE('',*,*,#4774,.T.);
#6199=ORIENTED_EDGE('',*,*,#4843,.F.);
#6200=ORIENTED_EDGE('',*,*,#4844,.F.);
#6201=ORIENTED_EDGE('',*,*,#4841,.T.);
#6202=ORIENTED_EDGE('',*,*,#4773,.T.);
#6203=ORIENTED_EDGE('',*,*,#4845,.F.);
#6204=ORIENTED_EDGE('',*,*,#4846,.F.);
#6205=ORIENTED_EDGE('',*,*,#4843,.T.);
#6206=ORIENTED_EDGE('',*,*,#4766,.F.);
#6207=ORIENTED_EDGE('',*,*,#4847,.T.);
#6208=ORIENTED_EDGE('',*,*,#4848,.T.);
#6209=ORIENTED_EDGE('',*,*,#4849,.F.);
#6210=ORIENTED_EDGE('',*,*,#4845,.T.);
#6211=ORIENTED_EDGE('',*,*,#4772,.T.);
#6212=ORIENTED_EDGE('',*,*,#4850,.T.);
#6213=ORIENTED_EDGE('',*,*,#4851,.T.);
#6214=ORIENTED_EDGE('',*,*,#4852,.T.);
#6215=ORIENTED_EDGE('',*,*,#4853,.T.);
#6216=ORIENTED_EDGE('',*,*,#4854,.T.);
#6217=ORIENTED_EDGE('',*,*,#4736,.T.);
#6218=ORIENTED_EDGE('',*,*,#4855,.F.);
#6219=ORIENTED_EDGE('',*,*,#4856,.F.);
#6220=ORIENTED_EDGE('',*,*,#4857,.T.);
#6221=ORIENTED_EDGE('',*,*,#4858,.T.);
#6222=ORIENTED_EDGE('',*,*,#4859,.T.);
#6223=ORIENTED_EDGE('',*,*,#4860,.T.);
#6224=ORIENTED_EDGE('',*,*,#4861,.T.);
#6225=ORIENTED_EDGE('',*,*,#4862,.T.);
#6226=ORIENTED_EDGE('',*,*,#4863,.T.);
#6227=ORIENTED_EDGE('',*,*,#4864,.T.);
#6228=ORIENTED_EDGE('',*,*,#4797,.T.);
#6229=ORIENTED_EDGE('',*,*,#4865,.F.);
#6230=ORIENTED_EDGE('',*,*,#4866,.F.);
#6231=ORIENTED_EDGE('',*,*,#4732,.T.);
#6232=ORIENTED_EDGE('',*,*,#4796,.T.);
#6233=ORIENTED_EDGE('',*,*,#4802,.F.);
#6234=ORIENTED_EDGE('',*,*,#4867,.F.);
#6235=ORIENTED_EDGE('',*,*,#4865,.T.);
#6236=ORIENTED_EDGE('',*,*,#4801,.T.);
#6237=ORIENTED_EDGE('',*,*,#4804,.T.);
#6238=ORIENTED_EDGE('',*,*,#4806,.T.);
#6239=ORIENTED_EDGE('',*,*,#4808,.T.);
#6240=ORIENTED_EDGE('',*,*,#4810,.T.);
#6241=ORIENTED_EDGE('',*,*,#4812,.T.);
#6242=ORIENTED_EDGE('',*,*,#4814,.T.);
#6243=ORIENTED_EDGE('',*,*,#4816,.T.);
#6244=ORIENTED_EDGE('',*,*,#4818,.T.);
#6245=ORIENTED_EDGE('',*,*,#4820,.T.);
#6246=ORIENTED_EDGE('',*,*,#4822,.T.);
#6247=ORIENTED_EDGE('',*,*,#4824,.T.);
#6248=ORIENTED_EDGE('',*,*,#4826,.T.);
#6249=ORIENTED_EDGE('',*,*,#4828,.T.);
#6250=ORIENTED_EDGE('',*,*,#4830,.T.);
#6251=ORIENTED_EDGE('',*,*,#4832,.T.);
#6252=ORIENTED_EDGE('',*,*,#4834,.T.);
#6253=ORIENTED_EDGE('',*,*,#4836,.T.);
#6254=ORIENTED_EDGE('',*,*,#4838,.T.);
#6255=ORIENTED_EDGE('',*,*,#4840,.T.);
#6256=ORIENTED_EDGE('',*,*,#4842,.T.);
#6257=ORIENTED_EDGE('',*,*,#4844,.T.);
#6258=ORIENTED_EDGE('',*,*,#4846,.T.);
#6259=ORIENTED_EDGE('',*,*,#4849,.T.);
#6260=ORIENTED_EDGE('',*,*,#4868,.F.);
#6261=ORIENTED_EDGE('',*,*,#4869,.T.);
#6262=ORIENTED_EDGE('',*,*,#4870,.T.);
#6263=ORIENTED_EDGE('',*,*,#4871,.F.);
#6264=ORIENTED_EDGE('',*,*,#4763,.T.);
#6265=ORIENTED_EDGE('',*,*,#4872,.T.);
#6266=ORIENTED_EDGE('',*,*,#4873,.F.);
#6267=ORIENTED_EDGE('',*,*,#4874,.F.);
#6268=ORIENTED_EDGE('',*,*,#4875,.T.);
#6269=ORIENTED_EDGE('',*,*,#4733,.T.);
#6270=ORIENTED_EDGE('',*,*,#4866,.T.);
#6271=ORIENTED_EDGE('',*,*,#4867,.T.);
#6272=ORIENTED_EDGE('',*,*,#4876,.F.);
#6273=ORIENTED_EDGE('',*,*,#4798,.T.);
#6274=ORIENTED_EDGE('',*,*,#4730,.F.);
#6275=ORIENTED_EDGE('',*,*,#4877,.F.);
#6276=ORIENTED_EDGE('',*,*,#4878,.F.);
#6277=ORIENTED_EDGE('',*,*,#4877,.T.);
#6278=ORIENTED_EDGE('',*,*,#4729,.F.);
#6279=ORIENTED_EDGE('',*,*,#4879,.F.);
#6280=ORIENTED_EDGE('',*,*,#4880,.F.);
#6281=ORIENTED_EDGE('',*,*,#4879,.T.);
#6282=ORIENTED_EDGE('',*,*,#4728,.F.);
#6283=ORIENTED_EDGE('',*,*,#4746,.F.);
#6284=ORIENTED_EDGE('',*,*,#4881,.T.);
#6285=ORIENTED_EDGE('',*,*,#4741,.T.);
#6286=ORIENTED_EDGE('',*,*,#4882,.T.);
#6287=ORIENTED_EDGE('',*,*,#4883,.T.);
#6288=ORIENTED_EDGE('',*,*,#4884,.T.);
#6289=ORIENTED_EDGE('',*,*,#4885,.T.);
#6290=ORIENTED_EDGE('',*,*,#4886,.T.);
#6291=ORIENTED_EDGE('',*,*,#4887,.T.);
#6292=ORIENTED_EDGE('',*,*,#4759,.T.);
#6293=ORIENTED_EDGE('',*,*,#4799,.T.);
#6294=ORIENTED_EDGE('',*,*,#4876,.T.);
#6295=ORIENTED_EDGE('',*,*,#4878,.T.);
#6296=ORIENTED_EDGE('',*,*,#4880,.T.);
#6297=ORIENTED_EDGE('',*,*,#4757,.T.);
#6298=ORIENTED_EDGE('',*,*,#4888,.T.);
#6299=ORIENTED_EDGE('',*,*,#4889,.T.);
#6300=ORIENTED_EDGE('',*,*,#4890,.F.);
#6301=ORIENTED_EDGE('',*,*,#4891,.F.);
#6302=ORIENTED_EDGE('',*,*,#4892,.F.);
#6303=ORIENTED_EDGE('',*,*,#4893,.F.);
#6304=ORIENTED_EDGE('',*,*,#4894,.T.);
#6305=ORIENTED_EDGE('',*,*,#4739,.T.);
#6306=ORIENTED_EDGE('',*,*,#4895,.F.);
#6307=ORIENTED_EDGE('',*,*,#4752,.T.);
#6308=ORIENTED_EDGE('',*,*,#4852,.F.);
#6309=ORIENTED_EDGE('',*,*,#4896,.F.);
#6310=ORIENTED_EDGE('',*,*,#4897,.F.);
#6311=ORIENTED_EDGE('',*,*,#4896,.T.);
#6312=ORIENTED_EDGE('',*,*,#4851,.F.);
#6313=ORIENTED_EDGE('',*,*,#4898,.F.);
#6314=ORIENTED_EDGE('',*,*,#4899,.F.);
#6315=ORIENTED_EDGE('',*,*,#4898,.T.);
#6316=ORIENTED_EDGE('',*,*,#4850,.F.);
#6317=ORIENTED_EDGE('',*,*,#4771,.F.);
#6318=ORIENTED_EDGE('',*,*,#4900,.F.);
#6319=ORIENTED_EDGE('',*,*,#4901,.F.);
#6320=ORIENTED_EDGE('',*,*,#4902,.T.);
#6321=ORIENTED_EDGE('',*,*,#4903,.T.);
#6322=ORIENTED_EDGE('',*,*,#4904,.F.);
#6323=ORIENTED_EDGE('',*,*,#4755,.T.);
#6324=ORIENTED_EDGE('',*,*,#4895,.T.);
#6325=ORIENTED_EDGE('',*,*,#4897,.T.);
#6326=ORIENTED_EDGE('',*,*,#4899,.T.);
#6327=ORIENTED_EDGE('',*,*,#4770,.T.);
#6328=ORIENTED_EDGE('',*,*,#4768,.T.);
#6329=ORIENTED_EDGE('',*,*,#4905,.T.);
#6330=ORIENTED_EDGE('',*,*,#4906,.T.);
#6331=ORIENTED_EDGE('',*,*,#4907,.T.);
#6332=ORIENTED_EDGE('',*,*,#4908,.T.);
#6333=ORIENTED_EDGE('',*,*,#4909,.T.);
#6334=ORIENTED_EDGE('',*,*,#4910,.T.);
#6335=ORIENTED_EDGE('',*,*,#4911,.T.);
#6336=ORIENTED_EDGE('',*,*,#4912,.F.);
#6337=ORIENTED_EDGE('',*,*,#4913,.T.);
#6338=ORIENTED_EDGE('',*,*,#4734,.T.);
#6339=ORIENTED_EDGE('',*,*,#4914,.T.);
#6340=ORIENTED_EDGE('',*,*,#4908,.F.);
#6341=ORIENTED_EDGE('',*,*,#4915,.T.);
#6342=ORIENTED_EDGE('',*,*,#4861,.F.);
#6343=ORIENTED_EDGE('',*,*,#4916,.F.);
#6344=ORIENTED_EDGE('',*,*,#4909,.F.);
#6345=ORIENTED_EDGE('',*,*,#4916,.T.);
#6346=ORIENTED_EDGE('',*,*,#4860,.F.);
#6347=ORIENTED_EDGE('',*,*,#4917,.F.);
#6348=ORIENTED_EDGE('',*,*,#4910,.F.);
#6349=ORIENTED_EDGE('',*,*,#4917,.T.);
#6350=ORIENTED_EDGE('',*,*,#4859,.F.);
#6351=ORIENTED_EDGE('',*,*,#4918,.F.);
#6352=ORIENTED_EDGE('',*,*,#4919,.F.);
#6353=ORIENTED_EDGE('',*,*,#4911,.F.);
#6354=ORIENTED_EDGE('',*,*,#4918,.T.);
#6355=ORIENTED_EDGE('',*,*,#4858,.F.);
#6356=ORIENTED_EDGE('',*,*,#4914,.F.);
#6357=ORIENTED_EDGE('',*,*,#4737,.T.);
#6358=ORIENTED_EDGE('',*,*,#4854,.F.);
#6359=ORIENTED_EDGE('',*,*,#4920,.F.);
#6360=ORIENTED_EDGE('',*,*,#4905,.F.);
#6361=ORIENTED_EDGE('',*,*,#4767,.T.);
#6362=ORIENTED_EDGE('',*,*,#4864,.F.);
#6363=ORIENTED_EDGE('',*,*,#4921,.F.);
#6364=ORIENTED_EDGE('',*,*,#4906,.F.);
#6365=ORIENTED_EDGE('',*,*,#4921,.T.);
#6366=ORIENTED_EDGE('',*,*,#4863,.F.);
#6367=ORIENTED_EDGE('',*,*,#4922,.F.);
#6368=ORIENTED_EDGE('',*,*,#4907,.F.);
#6369=ORIENTED_EDGE('',*,*,#4922,.T.);
#6370=ORIENTED_EDGE('',*,*,#4862,.F.);
#6371=ORIENTED_EDGE('',*,*,#4915,.F.);
#6372=ORIENTED_EDGE('',*,*,#4884,.F.);
#6373=ORIENTED_EDGE('',*,*,#4923,.T.);
#6374=ORIENTED_EDGE('',*,*,#4718,.F.);
#6375=ORIENTED_EDGE('',*,*,#4924,.F.);
#6376=ORIENTED_EDGE('',*,*,#4885,.F.);
#6377=ORIENTED_EDGE('',*,*,#4924,.T.);
#6378=ORIENTED_EDGE('',*,*,#4717,.F.);
#6379=ORIENTED_EDGE('',*,*,#4925,.F.);
#6380=ORIENTED_EDGE('',*,*,#4886,.F.);
#6381=ORIENTED_EDGE('',*,*,#4925,.T.);
#6382=ORIENTED_EDGE('',*,*,#4716,.F.);
#6383=ORIENTED_EDGE('',*,*,#4926,.F.);
#6384=ORIENTED_EDGE('',*,*,#4887,.F.);
#6385=ORIENTED_EDGE('',*,*,#4926,.T.);
#6386=ORIENTED_EDGE('',*,*,#4715,.F.);
#6387=ORIENTED_EDGE('',*,*,#4760,.F.);
#6388=ORIENTED_EDGE('',*,*,#4894,.F.);
#6389=ORIENTED_EDGE('',*,*,#4927,.T.);
#6390=ORIENTED_EDGE('',*,*,#4726,.F.);
#6391=ORIENTED_EDGE('',*,*,#4740,.F.);
#6392=ORIENTED_EDGE('',*,*,#4882,.F.);
#6393=ORIENTED_EDGE('',*,*,#4743,.T.);
#6394=ORIENTED_EDGE('',*,*,#4720,.F.);
#6395=ORIENTED_EDGE('',*,*,#4928,.F.);
#6396=ORIENTED_EDGE('',*,*,#4883,.F.);
#6397=ORIENTED_EDGE('',*,*,#4928,.T.);
#6398=ORIENTED_EDGE('',*,*,#4719,.F.);
#6399=ORIENTED_EDGE('',*,*,#4923,.F.);
#6400=ORIENTED_EDGE('',*,*,#4853,.F.);
#6401=ORIENTED_EDGE('',*,*,#4751,.F.);
#6402=ORIENTED_EDGE('',*,*,#4929,.T.);
#6403=ORIENTED_EDGE('',*,*,#4930,.T.);
#6404=ORIENTED_EDGE('',*,*,#4727,.F.);
#6405=ORIENTED_EDGE('',*,*,#4931,.T.);
#6406=ORIENTED_EDGE('',*,*,#4932,.F.);
#6407=ORIENTED_EDGE('',*,*,#4747,.F.);
#6408=ORIENTED_EDGE('',*,*,#4933,.T.);
#6409=ORIENTED_EDGE('',*,*,#4934,.T.);
#6410=ORIENTED_EDGE('',*,*,#4935,.F.);
#6411=ORIENTED_EDGE('',*,*,#4936,.F.);
#6412=ORIENTED_EDGE('',*,*,#4935,.T.);
#6413=ORIENTED_EDGE('',*,*,#4937,.T.);
#6414=ORIENTED_EDGE('',*,*,#4938,.F.);
#6415=ORIENTED_EDGE('',*,*,#4939,.F.);
#6416=ORIENTED_EDGE('',*,*,#4938,.T.);
#6417=ORIENTED_EDGE('',*,*,#4940,.T.);
#6418=ORIENTED_EDGE('',*,*,#4941,.F.);
#6419=ORIENTED_EDGE('',*,*,#4942,.F.);
#6420=ORIENTED_EDGE('',*,*,#4856,.T.);
#6421=ORIENTED_EDGE('',*,*,#4943,.T.);
#6422=ORIENTED_EDGE('',*,*,#4912,.T.);
#6423=ORIENTED_EDGE('',*,*,#4920,.T.);
#6424=ORIENTED_EDGE('',*,*,#4930,.F.);
#6425=ORIENTED_EDGE('',*,*,#4944,.F.);
#6426=ORIENTED_EDGE('',*,*,#4941,.T.);
#6427=ORIENTED_EDGE('',*,*,#4945,.T.);
#6428=ORIENTED_EDGE('',*,*,#4931,.F.);
#6429=ORIENTED_EDGE('',*,*,#4927,.F.);
#6430=ORIENTED_EDGE('',*,*,#4893,.T.);
#6431=ORIENTED_EDGE('',*,*,#4946,.T.);
#6432=ORIENTED_EDGE('',*,*,#4723,.T.);
#6433=ORIENTED_EDGE('',*,*,#4947,.T.);
#6434=ORIENTED_EDGE('',*,*,#4891,.T.);
#6435=ORIENTED_EDGE('',*,*,#4948,.T.);
#6436=ORIENTED_EDGE('',*,*,#4901,.T.);
#6437=ORIENTED_EDGE('',*,*,#4949,.T.);
#6438=ORIENTED_EDGE('',*,*,#4950,.F.);
#6439=ORIENTED_EDGE('',*,*,#4951,.F.);
#6440=ORIENTED_EDGE('',*,*,#4749,.T.);
#6441=ORIENTED_EDGE('',*,*,#4952,.T.);
#6442=ORIENTED_EDGE('',*,*,#4953,.F.);
#6443=ORIENTED_EDGE('',*,*,#4954,.F.);
#6444=ORIENTED_EDGE('',*,*,#4953,.T.);
#6445=ORIENTED_EDGE('',*,*,#4955,.T.);
#6446=ORIENTED_EDGE('',*,*,#4933,.F.);
#6447=ORIENTED_EDGE('',*,*,#4956,.F.);
#6448=ORIENTED_EDGE('',*,*,#4957,.F.);
#6449=ORIENTED_EDGE('',*,*,#4958,.F.);
#6450=ORIENTED_EDGE('',*,*,#4959,.F.);
#6451=ORIENTED_EDGE('',*,*,#4903,.F.);
#6452=ORIENTED_EDGE('',*,*,#4960,.F.);
#6453=ORIENTED_EDGE('',*,*,#4889,.F.);
#6454=ORIENTED_EDGE('',*,*,#4961,.F.);
#6455=ORIENTED_EDGE('',*,*,#4936,.T.);
#6456=ORIENTED_EDGE('',*,*,#4939,.T.);
#6457=ORIENTED_EDGE('',*,*,#4942,.T.);
#6458=ORIENTED_EDGE('',*,*,#4944,.T.);
#6459=ORIENTED_EDGE('',*,*,#4929,.F.);
#6460=ORIENTED_EDGE('',*,*,#4750,.T.);
#6461=ORIENTED_EDGE('',*,*,#4954,.T.);
#6462=ORIENTED_EDGE('',*,*,#4956,.T.);
#6463=ORIENTED_EDGE('',*,*,#4934,.F.);
#6464=ORIENTED_EDGE('',*,*,#4955,.F.);
#6465=ORIENTED_EDGE('',*,*,#4952,.F.);
#6466=ORIENTED_EDGE('',*,*,#4748,.F.);
#6467=ORIENTED_EDGE('',*,*,#4932,.T.);
#6468=ORIENTED_EDGE('',*,*,#4945,.F.);
#6469=ORIENTED_EDGE('',*,*,#4940,.F.);
#6470=ORIENTED_EDGE('',*,*,#4937,.F.);
#6471=ORIENTED_EDGE('',*,*,#4890,.T.);
#6472=ORIENTED_EDGE('',*,*,#4960,.T.);
#6473=ORIENTED_EDGE('',*,*,#4902,.F.);
#6474=ORIENTED_EDGE('',*,*,#4948,.F.);
#6475=ORIENTED_EDGE('',*,*,#4904,.T.);
#6476=ORIENTED_EDGE('',*,*,#4961,.T.);
#6477=ORIENTED_EDGE('',*,*,#4888,.F.);
#6478=ORIENTED_EDGE('',*,*,#4756,.F.);
#6479=ORIENTED_EDGE('',*,*,#4758,.F.);
#6480=ORIENTED_EDGE('',*,*,#4962,.T.);
#6481=ORIENTED_EDGE('',*,*,#4959,.T.);
#6482=ORIENTED_EDGE('',*,*,#4962,.F.);
#6483=ORIENTED_EDGE('',*,*,#4963,.T.);
#6484=ORIENTED_EDGE('',*,*,#4964,.T.);
#6485=ORIENTED_EDGE('',*,*,#4958,.T.);
#6486=ORIENTED_EDGE('',*,*,#4964,.F.);
#6487=ORIENTED_EDGE('',*,*,#4965,.T.);
#6488=ORIENTED_EDGE('',*,*,#4966,.T.);
#6489=ORIENTED_EDGE('',*,*,#4957,.T.);
#6490=ORIENTED_EDGE('',*,*,#4966,.F.);
#6491=ORIENTED_EDGE('',*,*,#4754,.F.);
#6492=ORIENTED_EDGE('',*,*,#4744,.T.);
#6493=ORIENTED_EDGE('',*,*,#4967,.F.);
#6494=ORIENTED_EDGE('',*,*,#4968,.T.);
#6495=ORIENTED_EDGE('',*,*,#4951,.T.);
#6496=ORIENTED_EDGE('',*,*,#4968,.F.);
#6497=ORIENTED_EDGE('',*,*,#4967,.T.);
#6498=ORIENTED_EDGE('',*,*,#4963,.F.);
#6499=ORIENTED_EDGE('',*,*,#4969,.F.);
#6500=ORIENTED_EDGE('',*,*,#4970,.T.);
#6501=ORIENTED_EDGE('',*,*,#4950,.T.);
#6502=ORIENTED_EDGE('',*,*,#4970,.F.);
#6503=ORIENTED_EDGE('',*,*,#4969,.T.);
#6504=ORIENTED_EDGE('',*,*,#4965,.F.);
#6505=ORIENTED_EDGE('',*,*,#4947,.F.);
#6506=ORIENTED_EDGE('',*,*,#4722,.T.);
#6507=ORIENTED_EDGE('',*,*,#4742,.F.);
#6508=ORIENTED_EDGE('',*,*,#4881,.F.);
#6509=ORIENTED_EDGE('',*,*,#4738,.F.);
#6510=ORIENTED_EDGE('',*,*,#4724,.F.);
#6511=ORIENTED_EDGE('',*,*,#4946,.F.);
#6512=ORIENTED_EDGE('',*,*,#4892,.T.);
#6513=ORIENTED_EDGE('',*,*,#4949,.F.);
#6514=ORIENTED_EDGE('',*,*,#4900,.T.);
#6515=ORIENTED_EDGE('',*,*,#4919,.T.);
#6516=ORIENTED_EDGE('',*,*,#4857,.F.);
#6517=ORIENTED_EDGE('',*,*,#4735,.F.);
#6518=ORIENTED_EDGE('',*,*,#4913,.F.);
#6519=ORIENTED_EDGE('',*,*,#4943,.F.);
#6520=ORIENTED_EDGE('',*,*,#4855,.T.);
#6521=ORIENTED_EDGE('',*,*,#4713,.T.);
#6522=ORIENTED_EDGE('',*,*,#4971,.F.);
#6523=ORIENTED_EDGE('',*,*,#4972,.F.);
#6524=ORIENTED_EDGE('',*,*,#4973,.T.);
#6525=ORIENTED_EDGE('',*,*,#4974,.T.);
#6526=ORIENTED_EDGE('',*,*,#4761,.T.);
#6527=ORIENTED_EDGE('',*,*,#4712,.T.);
#6528=ORIENTED_EDGE('',*,*,#4875,.F.);
#6529=ORIENTED_EDGE('',*,*,#4975,.F.);
#6530=ORIENTED_EDGE('',*,*,#4971,.T.);
#6531=ORIENTED_EDGE('',*,*,#4976,.T.);
#6532=ORIENTED_EDGE('',*,*,#4973,.F.);
#6533=ORIENTED_EDGE('',*,*,#4977,.F.);
#6534=ORIENTED_EDGE('',*,*,#4873,.T.);
#6535=ORIENTED_EDGE('',*,*,#4972,.T.);
#6536=ORIENTED_EDGE('',*,*,#4975,.T.);
#6537=ORIENTED_EDGE('',*,*,#4874,.T.);
#6538=ORIENTED_EDGE('',*,*,#4977,.T.);
#6539=ORIENTED_EDGE('',*,*,#4872,.F.);
#6540=ORIENTED_EDGE('',*,*,#4762,.T.);
#6541=ORIENTED_EDGE('',*,*,#4974,.F.);
#6542=ORIENTED_EDGE('',*,*,#4976,.F.);
#6543=ORIENTED_EDGE('',*,*,#4848,.F.);
#6544=ORIENTED_EDGE('',*,*,#4978,.F.);
#6545=ORIENTED_EDGE('',*,*,#4979,.T.);
#6546=ORIENTED_EDGE('',*,*,#4868,.T.);
#6547=ORIENTED_EDGE('',*,*,#4847,.F.);
#6548=ORIENTED_EDGE('',*,*,#4765,.F.);
#6549=ORIENTED_EDGE('',*,*,#4980,.F.);
#6550=ORIENTED_EDGE('',*,*,#4981,.F.);
#6551=ORIENTED_EDGE('',*,*,#4982,.T.);
#6552=ORIENTED_EDGE('',*,*,#4978,.T.);
#6553=ORIENTED_EDGE('',*,*,#4764,.F.);
#6554=ORIENTED_EDGE('',*,*,#4871,.T.);
#6555=ORIENTED_EDGE('',*,*,#4983,.T.);
#6556=ORIENTED_EDGE('',*,*,#4980,.T.);
#6557=ORIENTED_EDGE('',*,*,#4983,.F.);
#6558=ORIENTED_EDGE('',*,*,#4870,.F.);
#6559=ORIENTED_EDGE('',*,*,#4984,.T.);
#6560=ORIENTED_EDGE('',*,*,#4981,.T.);
#6561=ORIENTED_EDGE('',*,*,#4982,.F.);
#6562=ORIENTED_EDGE('',*,*,#4984,.F.);
#6563=ORIENTED_EDGE('',*,*,#4869,.F.);
#6564=ORIENTED_EDGE('',*,*,#4979,.F.);
#6565=ORIENTED_EDGE('',*,*,#4985,.T.);
#6566=ORIENTED_EDGE('',*,*,#4986,.T.);
#6567=ORIENTED_EDGE('',*,*,#4987,.T.);
#6568=ORIENTED_EDGE('',*,*,#4988,.T.);
#6569=ORIENTED_EDGE('',*,*,#4989,.T.);
#6570=ORIENTED_EDGE('',*,*,#4990,.T.);
#6571=ORIENTED_EDGE('',*,*,#4991,.T.);
#6572=ORIENTED_EDGE('',*,*,#4992,.T.);
#6573=ORIENTED_EDGE('',*,*,#4993,.F.);
#6574=ORIENTED_EDGE('',*,*,#4994,.F.);
#6575=ORIENTED_EDGE('',*,*,#4995,.F.);
#6576=ORIENTED_EDGE('',*,*,#4996,.F.);
#6577=ORIENTED_EDGE('',*,*,#4997,.F.);
#6578=ORIENTED_EDGE('',*,*,#4998,.F.);
#6579=ORIENTED_EDGE('',*,*,#4999,.F.);
#6580=ORIENTED_EDGE('',*,*,#5000,.F.);
#6581=ORIENTED_EDGE('',*,*,#5001,.F.);
#6582=ORIENTED_EDGE('',*,*,#5002,.F.);
#6583=ORIENTED_EDGE('',*,*,#5003,.F.);
#6584=ORIENTED_EDGE('',*,*,#5004,.F.);
#6585=ORIENTED_EDGE('',*,*,#5005,.F.);
#6586=ORIENTED_EDGE('',*,*,#5006,.F.);
#6587=ORIENTED_EDGE('',*,*,#5007,.F.);
#6588=ORIENTED_EDGE('',*,*,#5008,.F.);
#6589=ORIENTED_EDGE('',*,*,#5009,.F.);
#6590=ORIENTED_EDGE('',*,*,#5010,.F.);
#6591=ORIENTED_EDGE('',*,*,#5011,.F.);
#6592=ORIENTED_EDGE('',*,*,#5012,.F.);
#6593=ORIENTED_EDGE('',*,*,#5013,.F.);
#6594=ORIENTED_EDGE('',*,*,#5014,.F.);
#6595=ORIENTED_EDGE('',*,*,#5015,.F.);
#6596=ORIENTED_EDGE('',*,*,#5016,.F.);
#6597=ORIENTED_EDGE('',*,*,#5017,.T.);
#6598=ORIENTED_EDGE('',*,*,#5018,.T.);
#6599=ORIENTED_EDGE('',*,*,#5019,.T.);
#6600=ORIENTED_EDGE('',*,*,#5020,.T.);
#6601=ORIENTED_EDGE('',*,*,#5009,.T.);
#6602=ORIENTED_EDGE('',*,*,#5021,.F.);
#6603=ORIENTED_EDGE('',*,*,#4985,.F.);
#6604=ORIENTED_EDGE('',*,*,#5022,.T.);
#6605=ORIENTED_EDGE('',*,*,#5016,.T.);
#6606=ORIENTED_EDGE('',*,*,#5023,.F.);
#6607=ORIENTED_EDGE('',*,*,#4986,.F.);
#6608=ORIENTED_EDGE('',*,*,#5021,.T.);
#6609=ORIENTED_EDGE('',*,*,#5015,.T.);
#6610=ORIENTED_EDGE('',*,*,#5024,.F.);
#6611=ORIENTED_EDGE('',*,*,#4987,.F.);
#6612=ORIENTED_EDGE('',*,*,#5023,.T.);
#6613=ORIENTED_EDGE('',*,*,#5014,.T.);
#6614=ORIENTED_EDGE('',*,*,#5025,.F.);
#6615=ORIENTED_EDGE('',*,*,#4988,.F.);
#6616=ORIENTED_EDGE('',*,*,#5024,.T.);
#6617=ORIENTED_EDGE('',*,*,#5013,.T.);
#6618=ORIENTED_EDGE('',*,*,#5026,.F.);
#6619=ORIENTED_EDGE('',*,*,#4989,.F.);
#6620=ORIENTED_EDGE('',*,*,#5025,.T.);
#6621=ORIENTED_EDGE('',*,*,#5012,.T.);
#6622=ORIENTED_EDGE('',*,*,#5027,.F.);
#6623=ORIENTED_EDGE('',*,*,#4990,.F.);
#6624=ORIENTED_EDGE('',*,*,#5026,.T.);
#6625=ORIENTED_EDGE('',*,*,#5011,.T.);
#6626=ORIENTED_EDGE('',*,*,#5028,.F.);
#6627=ORIENTED_EDGE('',*,*,#4991,.F.);
#6628=ORIENTED_EDGE('',*,*,#5027,.T.);
#6629=ORIENTED_EDGE('',*,*,#5010,.T.);
#6630=ORIENTED_EDGE('',*,*,#5022,.F.);
#6631=ORIENTED_EDGE('',*,*,#4992,.F.);
#6632=ORIENTED_EDGE('',*,*,#5028,.T.);
#6633=ORIENTED_EDGE('',*,*,#5008,.T.);
#6634=ORIENTED_EDGE('',*,*,#5029,.T.);
#6635=ORIENTED_EDGE('',*,*,#5020,.F.);
#6636=ORIENTED_EDGE('',*,*,#5029,.F.);
#6637=ORIENTED_EDGE('',*,*,#5007,.T.);
#6638=ORIENTED_EDGE('',*,*,#5030,.T.);
#6639=ORIENTED_EDGE('',*,*,#5017,.F.);
#6640=ORIENTED_EDGE('',*,*,#5030,.F.);
#6641=ORIENTED_EDGE('',*,*,#5006,.T.);
#6642=ORIENTED_EDGE('',*,*,#5031,.T.);
#6643=ORIENTED_EDGE('',*,*,#5019,.F.);
#6644=ORIENTED_EDGE('',*,*,#5031,.F.);
#6645=ORIENTED_EDGE('',*,*,#5005,.T.);
#6646=ORIENTED_EDGE('',*,*,#5032,.T.);
#6647=ORIENTED_EDGE('',*,*,#5018,.F.);
#6648=ORIENTED_EDGE('',*,*,#5032,.F.);
#6649=ORIENTED_EDGE('',*,*,#4993,.T.);
#6650=ORIENTED_EDGE('',*,*,#5033,.F.);
#6651=ORIENTED_EDGE('',*,*,#5034,.F.);
#6652=ORIENTED_EDGE('',*,*,#5035,.T.);
#6653=ORIENTED_EDGE('',*,*,#4996,.T.);
#6654=ORIENTED_EDGE('',*,*,#5036,.F.);
#6655=ORIENTED_EDGE('',*,*,#5037,.F.);
#6656=ORIENTED_EDGE('',*,*,#5033,.T.);
#6657=ORIENTED_EDGE('',*,*,#4995,.T.);
#6658=ORIENTED_EDGE('',*,*,#5038,.F.);
#6659=ORIENTED_EDGE('',*,*,#5039,.F.);
#6660=ORIENTED_EDGE('',*,*,#5036,.T.);
#6661=ORIENTED_EDGE('',*,*,#4994,.T.);
#6662=ORIENTED_EDGE('',*,*,#5035,.F.);
#6663=ORIENTED_EDGE('',*,*,#5040,.F.);
#6664=ORIENTED_EDGE('',*,*,#5038,.T.);
#6665=ORIENTED_EDGE('',*,*,#5034,.T.);
#6666=ORIENTED_EDGE('',*,*,#5037,.T.);
#6667=ORIENTED_EDGE('',*,*,#5039,.T.);
#6668=ORIENTED_EDGE('',*,*,#5040,.T.);
#6669=ORIENTED_EDGE('',*,*,#5001,.T.);
#6670=ORIENTED_EDGE('',*,*,#5041,.F.);
#6671=ORIENTED_EDGE('',*,*,#5042,.F.);
#6672=ORIENTED_EDGE('',*,*,#5043,.T.);
#6673=ORIENTED_EDGE('',*,*,#5004,.T.);
#6674=ORIENTED_EDGE('',*,*,#5044,.F.);
#6675=ORIENTED_EDGE('',*,*,#5045,.F.);
#6676=ORIENTED_EDGE('',*,*,#5041,.T.);
#6677=ORIENTED_EDGE('',*,*,#5003,.T.);
#6678=ORIENTED_EDGE('',*,*,#5046,.F.);
#6679=ORIENTED_EDGE('',*,*,#5047,.F.);
#6680=ORIENTED_EDGE('',*,*,#5044,.T.);
#6681=ORIENTED_EDGE('',*,*,#5002,.T.);
#6682=ORIENTED_EDGE('',*,*,#5043,.F.);
#6683=ORIENTED_EDGE('',*,*,#5048,.F.);
#6684=ORIENTED_EDGE('',*,*,#5046,.T.);
#6685=ORIENTED_EDGE('',*,*,#5042,.T.);
#6686=ORIENTED_EDGE('',*,*,#5045,.T.);
#6687=ORIENTED_EDGE('',*,*,#5047,.T.);
#6688=ORIENTED_EDGE('',*,*,#5048,.T.);
#6689=ORIENTED_EDGE('',*,*,#4997,.T.);
#6690=ORIENTED_EDGE('',*,*,#5049,.F.);
#6691=ORIENTED_EDGE('',*,*,#5050,.F.);
#6692=ORIENTED_EDGE('',*,*,#5051,.T.);
#6693=ORIENTED_EDGE('',*,*,#5000,.T.);
#6694=ORIENTED_EDGE('',*,*,#5052,.F.);
#6695=ORIENTED_EDGE('',*,*,#5053,.F.);
#6696=ORIENTED_EDGE('',*,*,#5049,.T.);
#6697=ORIENTED_EDGE('',*,*,#4999,.T.);
#6698=ORIENTED_EDGE('',*,*,#5054,.F.);
#6699=ORIENTED_EDGE('',*,*,#5055,.F.);
#6700=ORIENTED_EDGE('',*,*,#5052,.T.);
#6701=ORIENTED_EDGE('',*,*,#4998,.T.);
#6702=ORIENTED_EDGE('',*,*,#5051,.F.);
#6703=ORIENTED_EDGE('',*,*,#5056,.F.);
#6704=ORIENTED_EDGE('',*,*,#5054,.T.);
#6705=ORIENTED_EDGE('',*,*,#5050,.T.);
#6706=ORIENTED_EDGE('',*,*,#5053,.T.);
#6707=ORIENTED_EDGE('',*,*,#5055,.T.);
#6708=ORIENTED_EDGE('',*,*,#5056,.T.);
#6709=ORIENTED_EDGE('',*,*,#5057,.T.);
#6710=ORIENTED_EDGE('',*,*,#5058,.F.);
#6711=ORIENTED_EDGE('',*,*,#5059,.F.);
#6712=ORIENTED_EDGE('',*,*,#5060,.T.);
#6713=ORIENTED_EDGE('',*,*,#5061,.T.);
#6714=ORIENTED_EDGE('',*,*,#5062,.F.);
#6715=ORIENTED_EDGE('',*,*,#5063,.F.);
#6716=ORIENTED_EDGE('',*,*,#5058,.T.);
#6717=ORIENTED_EDGE('',*,*,#5064,.T.);
#6718=ORIENTED_EDGE('',*,*,#5065,.F.);
#6719=ORIENTED_EDGE('',*,*,#5066,.F.);
#6720=ORIENTED_EDGE('',*,*,#5062,.T.);
#6721=ORIENTED_EDGE('',*,*,#5067,.T.);
#6722=ORIENTED_EDGE('',*,*,#5060,.F.);
#6723=ORIENTED_EDGE('',*,*,#5068,.F.);
#6724=ORIENTED_EDGE('',*,*,#5065,.T.);
#6725=ORIENTED_EDGE('',*,*,#5059,.T.);
#6726=ORIENTED_EDGE('',*,*,#5063,.T.);
#6727=ORIENTED_EDGE('',*,*,#5066,.T.);
#6728=ORIENTED_EDGE('',*,*,#5068,.T.);
#6729=ORIENTED_EDGE('',*,*,#5057,.F.);
#6730=ORIENTED_EDGE('',*,*,#5067,.F.);
#6731=ORIENTED_EDGE('',*,*,#5064,.F.);
#6732=ORIENTED_EDGE('',*,*,#5061,.F.);
#6733=ORIENTED_EDGE('',*,*,#5069,.T.);
#6734=ORIENTED_EDGE('',*,*,#5070,.F.);
#6735=ORIENTED_EDGE('',*,*,#5071,.F.);
#6736=ORIENTED_EDGE('',*,*,#5072,.T.);
#6737=ORIENTED_EDGE('',*,*,#5073,.T.);
#6738=ORIENTED_EDGE('',*,*,#5074,.F.);
#6739=ORIENTED_EDGE('',*,*,#5075,.F.);
#6740=ORIENTED_EDGE('',*,*,#5070,.T.);
#6741=ORIENTED_EDGE('',*,*,#5076,.T.);
#6742=ORIENTED_EDGE('',*,*,#5077,.F.);
#6743=ORIENTED_EDGE('',*,*,#5078,.F.);
#6744=ORIENTED_EDGE('',*,*,#5074,.T.);
#6745=ORIENTED_EDGE('',*,*,#5079,.T.);
#6746=ORIENTED_EDGE('',*,*,#5072,.F.);
#6747=ORIENTED_EDGE('',*,*,#5080,.F.);
#6748=ORIENTED_EDGE('',*,*,#5077,.T.);
#6749=ORIENTED_EDGE('',*,*,#5071,.T.);
#6750=ORIENTED_EDGE('',*,*,#5075,.T.);
#6751=ORIENTED_EDGE('',*,*,#5078,.T.);
#6752=ORIENTED_EDGE('',*,*,#5080,.T.);
#6753=ORIENTED_EDGE('',*,*,#5069,.F.);
#6754=ORIENTED_EDGE('',*,*,#5079,.F.);
#6755=ORIENTED_EDGE('',*,*,#5076,.F.);
#6756=ORIENTED_EDGE('',*,*,#5073,.F.);
#6757=ORIENTED_EDGE('',*,*,#5081,.F.);
#6758=ORIENTED_EDGE('',*,*,#5082,.T.);
#6759=ORIENTED_EDGE('',*,*,#5083,.F.);
#6760=ORIENTED_EDGE('',*,*,#5084,.F.);
#6761=ORIENTED_EDGE('',*,*,#5085,.F.);
#6762=ORIENTED_EDGE('',*,*,#5086,.F.);
#6763=ORIENTED_EDGE('',*,*,#5087,.F.);
#6764=ORIENTED_EDGE('',*,*,#5088,.F.);
#6765=ORIENTED_EDGE('',*,*,#5089,.T.);
#6766=ORIENTED_EDGE('',*,*,#5090,.T.);
#6767=ORIENTED_EDGE('',*,*,#5091,.F.);
#6768=ORIENTED_EDGE('',*,*,#5092,.T.);
#6769=ORIENTED_EDGE('',*,*,#5093,.F.);
#6770=ORIENTED_EDGE('',*,*,#5094,.F.);
#6771=ORIENTED_EDGE('',*,*,#5095,.F.);
#6772=ORIENTED_EDGE('',*,*,#5096,.T.);
#6773=ORIENTED_EDGE('',*,*,#5097,.F.);
#6774=ORIENTED_EDGE('',*,*,#5098,.F.);
#6775=ORIENTED_EDGE('',*,*,#5099,.F.);
#6776=ORIENTED_EDGE('',*,*,#5100,.T.);
#6777=ORIENTED_EDGE('',*,*,#5101,.F.);
#6778=ORIENTED_EDGE('',*,*,#5102,.F.);
#6779=ORIENTED_EDGE('',*,*,#5103,.F.);
#6780=ORIENTED_EDGE('',*,*,#5104,.F.);
#6781=ORIENTED_EDGE('',*,*,#5105,.T.);
#6782=ORIENTED_EDGE('',*,*,#5106,.T.);
#6783=ORIENTED_EDGE('',*,*,#5107,.T.);
#6784=ORIENTED_EDGE('',*,*,#5108,.F.);
#6785=ORIENTED_EDGE('',*,*,#5109,.F.);
#6786=ORIENTED_EDGE('',*,*,#5110,.T.);
#6787=ORIENTED_EDGE('',*,*,#5111,.T.);
#6788=ORIENTED_EDGE('',*,*,#5112,.F.);
#6789=ORIENTED_EDGE('',*,*,#5113,.F.);
#6790=ORIENTED_EDGE('',*,*,#5114,.F.);
#6791=ORIENTED_EDGE('',*,*,#5100,.F.);
#6792=ORIENTED_EDGE('',*,*,#5115,.T.);
#6793=ORIENTED_EDGE('',*,*,#5084,.T.);
#6794=ORIENTED_EDGE('',*,*,#5116,.F.);
#6795=ORIENTED_EDGE('',*,*,#5082,.F.);
#6796=ORIENTED_EDGE('',*,*,#5117,.F.);
#6797=ORIENTED_EDGE('',*,*,#5118,.F.);
#6798=ORIENTED_EDGE('',*,*,#5096,.F.);
#6799=ORIENTED_EDGE('',*,*,#5119,.T.);
#6800=ORIENTED_EDGE('',*,*,#5109,.T.);
#6801=ORIENTED_EDGE('',*,*,#5120,.F.);
#6802=ORIENTED_EDGE('',*,*,#5121,.F.);
#6803=ORIENTED_EDGE('',*,*,#5113,.T.);
#6804=ORIENTED_EDGE('',*,*,#5122,.F.);
#6805=ORIENTED_EDGE('',*,*,#5123,.F.);
#6806=ORIENTED_EDGE('',*,*,#5124,.T.);
#6807=ORIENTED_EDGE('',*,*,#5125,.F.);
#6808=ORIENTED_EDGE('',*,*,#5126,.F.);
#6809=ORIENTED_EDGE('',*,*,#5127,.F.);
#6810=ORIENTED_EDGE('',*,*,#5128,.T.);
#6811=ORIENTED_EDGE('',*,*,#5129,.F.);
#6812=ORIENTED_EDGE('',*,*,#5130,.T.);
#6813=ORIENTED_EDGE('',*,*,#5131,.F.);
#6814=ORIENTED_EDGE('',*,*,#5132,.F.);
#6815=ORIENTED_EDGE('',*,*,#5133,.T.);
#6816=ORIENTED_EDGE('',*,*,#5134,.F.);
#6817=ORIENTED_EDGE('',*,*,#5135,.F.);
#6818=ORIENTED_EDGE('',*,*,#5136,.T.);
#6819=ORIENTED_EDGE('',*,*,#5137,.F.);
#6820=ORIENTED_EDGE('',*,*,#5138,.T.);
#6821=ORIENTED_EDGE('',*,*,#5139,.F.);
#6822=ORIENTED_EDGE('',*,*,#5140,.F.);
#6823=ORIENTED_EDGE('',*,*,#5141,.F.);
#6824=ORIENTED_EDGE('',*,*,#5142,.F.);
#6825=ORIENTED_EDGE('',*,*,#5143,.F.);
#6826=ORIENTED_EDGE('',*,*,#5144,.F.);
#6827=ORIENTED_EDGE('',*,*,#5145,.F.);
#6828=ORIENTED_EDGE('',*,*,#5146,.F.);
#6829=ORIENTED_EDGE('',*,*,#5147,.F.);
#6830=ORIENTED_EDGE('',*,*,#5148,.F.);
#6831=ORIENTED_EDGE('',*,*,#5149,.F.);
#6832=ORIENTED_EDGE('',*,*,#5150,.F.);
#6833=ORIENTED_EDGE('',*,*,#5151,.F.);
#6834=ORIENTED_EDGE('',*,*,#5152,.F.);
#6835=ORIENTED_EDGE('',*,*,#5153,.F.);
#6836=ORIENTED_EDGE('',*,*,#5154,.F.);
#6837=ORIENTED_EDGE('',*,*,#5155,.F.);
#6838=ORIENTED_EDGE('',*,*,#5156,.F.);
#6839=ORIENTED_EDGE('',*,*,#5157,.F.);
#6840=ORIENTED_EDGE('',*,*,#5158,.F.);
#6841=ORIENTED_EDGE('',*,*,#5159,.F.);
#6842=ORIENTED_EDGE('',*,*,#5160,.F.);
#6843=ORIENTED_EDGE('',*,*,#5161,.F.);
#6844=ORIENTED_EDGE('',*,*,#5162,.F.);
#6845=ORIENTED_EDGE('',*,*,#5163,.F.);
#6846=ORIENTED_EDGE('',*,*,#5164,.F.);
#6847=ORIENTED_EDGE('',*,*,#5165,.F.);
#6848=ORIENTED_EDGE('',*,*,#5166,.F.);
#6849=ORIENTED_EDGE('',*,*,#5167,.F.);
#6850=ORIENTED_EDGE('',*,*,#5136,.F.);
#6851=ORIENTED_EDGE('',*,*,#5162,.T.);
#6852=ORIENTED_EDGE('',*,*,#5168,.F.);
#6853=ORIENTED_EDGE('',*,*,#5169,.F.);
#6854=ORIENTED_EDGE('',*,*,#5170,.T.);
#6855=ORIENTED_EDGE('',*,*,#5161,.T.);
#6856=ORIENTED_EDGE('',*,*,#5171,.F.);
#6857=ORIENTED_EDGE('',*,*,#5172,.F.);
#6858=ORIENTED_EDGE('',*,*,#5168,.T.);
#6859=ORIENTED_EDGE('',*,*,#5160,.T.);
#6860=ORIENTED_EDGE('',*,*,#5173,.F.);
#6861=ORIENTED_EDGE('',*,*,#5174,.F.);
#6862=ORIENTED_EDGE('',*,*,#5171,.T.);
#6863=ORIENTED_EDGE('',*,*,#5159,.T.);
#6864=ORIENTED_EDGE('',*,*,#5175,.F.);
#6865=ORIENTED_EDGE('',*,*,#5176,.F.);
#6866=ORIENTED_EDGE('',*,*,#5173,.T.);
#6867=ORIENTED_EDGE('',*,*,#5177,.F.);
#6868=ORIENTED_EDGE('',*,*,#5158,.T.);
#6869=ORIENTED_EDGE('',*,*,#5178,.F.);
#6870=ORIENTED_EDGE('',*,*,#5179,.F.);
#6871=ORIENTED_EDGE('',*,*,#5175,.T.);
#6872=ORIENTED_EDGE('',*,*,#5157,.T.);
#6873=ORIENTED_EDGE('',*,*,#5180,.F.);
#6874=ORIENTED_EDGE('',*,*,#5181,.F.);
#6875=ORIENTED_EDGE('',*,*,#5178,.T.);
#6876=ORIENTED_EDGE('',*,*,#5156,.T.);
#6877=ORIENTED_EDGE('',*,*,#5182,.F.);
#6878=ORIENTED_EDGE('',*,*,#5183,.F.);
#6879=ORIENTED_EDGE('',*,*,#5180,.T.);
#6880=ORIENTED_EDGE('',*,*,#5155,.T.);
#6881=ORIENTED_EDGE('',*,*,#5184,.F.);
#6882=ORIENTED_EDGE('',*,*,#5185,.F.);
#6883=ORIENTED_EDGE('',*,*,#5186,.F.);
#6884=ORIENTED_EDGE('',*,*,#5182,.T.);
#6885=ORIENTED_EDGE('',*,*,#5154,.T.);
#6886=ORIENTED_EDGE('',*,*,#5187,.F.);
#6887=ORIENTED_EDGE('',*,*,#5188,.F.);
#6888=ORIENTED_EDGE('',*,*,#5184,.T.);
#6889=ORIENTED_EDGE('',*,*,#5153,.T.);
#6890=ORIENTED_EDGE('',*,*,#5189,.F.);
#6891=ORIENTED_EDGE('',*,*,#5190,.F.);
#6892=ORIENTED_EDGE('',*,*,#5187,.T.);
#6893=ORIENTED_EDGE('',*,*,#5152,.T.);
#6894=ORIENTED_EDGE('',*,*,#5191,.F.);
#6895=ORIENTED_EDGE('',*,*,#5192,.F.);
#6896=ORIENTED_EDGE('',*,*,#5189,.T.);
#6897=ORIENTED_EDGE('',*,*,#5151,.T.);
#6898=ORIENTED_EDGE('',*,*,#5193,.F.);
#6899=ORIENTED_EDGE('',*,*,#5194,.F.);
#6900=ORIENTED_EDGE('',*,*,#5191,.T.);
#6901=ORIENTED_EDGE('',*,*,#5150,.T.);
#6902=ORIENTED_EDGE('',*,*,#5195,.F.);
#6903=ORIENTED_EDGE('',*,*,#5196,.F.);
#6904=ORIENTED_EDGE('',*,*,#5193,.T.);
#6905=ORIENTED_EDGE('',*,*,#5149,.T.);
#6906=ORIENTED_EDGE('',*,*,#5197,.F.);
#6907=ORIENTED_EDGE('',*,*,#5198,.F.);
#6908=ORIENTED_EDGE('',*,*,#5199,.T.);
#6909=ORIENTED_EDGE('',*,*,#5195,.T.);
#6910=ORIENTED_EDGE('',*,*,#5148,.T.);
#6911=ORIENTED_EDGE('',*,*,#5200,.F.);
#6912=ORIENTED_EDGE('',*,*,#5201,.F.);
#6913=ORIENTED_EDGE('',*,*,#5197,.T.);
#6914=ORIENTED_EDGE('',*,*,#5147,.T.);
#6915=ORIENTED_EDGE('',*,*,#5202,.F.);
#6916=ORIENTED_EDGE('',*,*,#5203,.F.);
#6917=ORIENTED_EDGE('',*,*,#5200,.T.);
#6918=ORIENTED_EDGE('',*,*,#5146,.T.);
#6919=ORIENTED_EDGE('',*,*,#5204,.F.);
#6920=ORIENTED_EDGE('',*,*,#5205,.F.);
#6921=ORIENTED_EDGE('',*,*,#5202,.T.);
#6922=ORIENTED_EDGE('',*,*,#5145,.T.);
#6923=ORIENTED_EDGE('',*,*,#5206,.F.);
#6924=ORIENTED_EDGE('',*,*,#5207,.F.);
#6925=ORIENTED_EDGE('',*,*,#5204,.T.);
#6926=ORIENTED_EDGE('',*,*,#5208,.F.);
#6927=ORIENTED_EDGE('',*,*,#5144,.T.);
#6928=ORIENTED_EDGE('',*,*,#5209,.F.);
#6929=ORIENTED_EDGE('',*,*,#5210,.F.);
#6930=ORIENTED_EDGE('',*,*,#5206,.T.);
#6931=ORIENTED_EDGE('',*,*,#5143,.T.);
#6932=ORIENTED_EDGE('',*,*,#5211,.F.);
#6933=ORIENTED_EDGE('',*,*,#5212,.F.);
#6934=ORIENTED_EDGE('',*,*,#5209,.T.);
#6935=ORIENTED_EDGE('',*,*,#5142,.T.);
#6936=ORIENTED_EDGE('',*,*,#5213,.F.);
#6937=ORIENTED_EDGE('',*,*,#5214,.F.);
#6938=ORIENTED_EDGE('',*,*,#5211,.T.);
#6939=ORIENTED_EDGE('',*,*,#5141,.T.);
#6940=ORIENTED_EDGE('',*,*,#5215,.F.);
#6941=ORIENTED_EDGE('',*,*,#5216,.F.);
#6942=ORIENTED_EDGE('',*,*,#5217,.F.);
#6943=ORIENTED_EDGE('',*,*,#5213,.T.);
#6944=ORIENTED_EDGE('',*,*,#5140,.T.);
#6945=ORIENTED_EDGE('',*,*,#5218,.F.);
#6946=ORIENTED_EDGE('',*,*,#5219,.F.);
#6947=ORIENTED_EDGE('',*,*,#5215,.T.);
#6948=ORIENTED_EDGE('',*,*,#5139,.T.);
#6949=ORIENTED_EDGE('',*,*,#5220,.T.);
#6950=ORIENTED_EDGE('',*,*,#5221,.T.);
#6951=ORIENTED_EDGE('',*,*,#5222,.T.);
#6952=ORIENTED_EDGE('',*,*,#5223,.T.);
#6953=ORIENTED_EDGE('',*,*,#5224,.T.);
#6954=ORIENTED_EDGE('',*,*,#5133,.F.);
#6955=ORIENTED_EDGE('',*,*,#5225,.F.);
#6956=ORIENTED_EDGE('',*,*,#5218,.T.);
#6957=ORIENTED_EDGE('',*,*,#5131,.T.);
#6958=ORIENTED_EDGE('',*,*,#5226,.T.);
#6959=ORIENTED_EDGE('',*,*,#5128,.F.);
#6960=ORIENTED_EDGE('',*,*,#5227,.F.);
#6961=ORIENTED_EDGE('',*,*,#5089,.F.);
#6962=ORIENTED_EDGE('',*,*,#5228,.F.);
#6963=ORIENTED_EDGE('',*,*,#5106,.F.);
#6964=ORIENTED_EDGE('',*,*,#5229,.T.);
#6965=ORIENTED_EDGE('',*,*,#5230,.T.);
#6966=ORIENTED_EDGE('',*,*,#5231,.T.);
#6967=ORIENTED_EDGE('',*,*,#5165,.T.);
#6968=ORIENTED_EDGE('',*,*,#5232,.F.);
#6969=ORIENTED_EDGE('',*,*,#5233,.F.);
#6970=ORIENTED_EDGE('',*,*,#5164,.T.);
#6971=ORIENTED_EDGE('',*,*,#5234,.F.);
#6972=ORIENTED_EDGE('',*,*,#5235,.F.);
#6973=ORIENTED_EDGE('',*,*,#5232,.T.);
#6974=ORIENTED_EDGE('',*,*,#5163,.T.);
#6975=ORIENTED_EDGE('',*,*,#5170,.F.);
#6976=ORIENTED_EDGE('',*,*,#5236,.F.);
#6977=ORIENTED_EDGE('',*,*,#5237,.T.);
#6978=ORIENTED_EDGE('',*,*,#5234,.T.);
#6979=ORIENTED_EDGE('',*,*,#5238,.F.);
#6980=ORIENTED_EDGE('',*,*,#5188,.T.);
#6981=ORIENTED_EDGE('',*,*,#5190,.T.);
#6982=ORIENTED_EDGE('',*,*,#5192,.T.);
#6983=ORIENTED_EDGE('',*,*,#5194,.T.);
#6984=ORIENTED_EDGE('',*,*,#5196,.T.);
#6985=ORIENTED_EDGE('',*,*,#5239,.F.);
#6986=ORIENTED_EDGE('',*,*,#5219,.T.);
#6987=ORIENTED_EDGE('',*,*,#5225,.T.);
#6988=ORIENTED_EDGE('',*,*,#5132,.T.);
#6989=ORIENTED_EDGE('',*,*,#5233,.T.);
#6990=ORIENTED_EDGE('',*,*,#5235,.T.);
#6991=ORIENTED_EDGE('',*,*,#5240,.F.);
#6992=ORIENTED_EDGE('',*,*,#5166,.T.);
#6993=ORIENTED_EDGE('',*,*,#5231,.F.);
#6994=ORIENTED_EDGE('',*,*,#5241,.F.);
#6995=ORIENTED_EDGE('',*,*,#5242,.F.);
#6996=ORIENTED_EDGE('',*,*,#5241,.T.);
#6997=ORIENTED_EDGE('',*,*,#5230,.F.);
#6998=ORIENTED_EDGE('',*,*,#5243,.F.);
#6999=ORIENTED_EDGE('',*,*,#5244,.F.);
#7000=ORIENTED_EDGE('',*,*,#5243,.T.);
#7001=ORIENTED_EDGE('',*,*,#5229,.F.);
#7002=ORIENTED_EDGE('',*,*,#5105,.F.);
#7003=ORIENTED_EDGE('',*,*,#5245,.T.);
#7004=ORIENTED_EDGE('',*,*,#5086,.T.);
#7005=ORIENTED_EDGE('',*,*,#5246,.F.);
#7006=ORIENTED_EDGE('',*,*,#5247,.F.);
#7007=ORIENTED_EDGE('',*,*,#5222,.F.);
#7008=ORIENTED_EDGE('',*,*,#5248,.F.);
#7009=ORIENTED_EDGE('',*,*,#5249,.F.);
#7010=ORIENTED_EDGE('',*,*,#5250,.F.);
#7011=ORIENTED_EDGE('',*,*,#5167,.T.);
#7012=ORIENTED_EDGE('',*,*,#5240,.T.);
#7013=ORIENTED_EDGE('',*,*,#5242,.T.);
#7014=ORIENTED_EDGE('',*,*,#5244,.T.);
#7015=ORIENTED_EDGE('',*,*,#5251,.T.);
#7016=ORIENTED_EDGE('',*,*,#5252,.T.);
#7017=ORIENTED_EDGE('',*,*,#5129,.T.);
#7018=ORIENTED_EDGE('',*,*,#5253,.F.);
#7019=ORIENTED_EDGE('',*,*,#5248,.T.);
#7020=ORIENTED_EDGE('',*,*,#5221,.F.);
#7021=ORIENTED_EDGE('',*,*,#5254,.F.);
#7022=ORIENTED_EDGE('',*,*,#5255,.F.);
#7023=ORIENTED_EDGE('',*,*,#5254,.T.);
#7024=ORIENTED_EDGE('',*,*,#5220,.F.);
#7025=ORIENTED_EDGE('',*,*,#5138,.F.);
#7026=ORIENTED_EDGE('',*,*,#5137,.T.);
#7027=ORIENTED_EDGE('',*,*,#5135,.T.);
#7028=ORIENTED_EDGE('',*,*,#5256,.T.);
#7029=ORIENTED_EDGE('',*,*,#5257,.T.);
#7030=ORIENTED_EDGE('',*,*,#5249,.T.);
#7031=ORIENTED_EDGE('',*,*,#5253,.T.);
#7032=ORIENTED_EDGE('',*,*,#5255,.T.);
#7033=ORIENTED_EDGE('',*,*,#5134,.T.);
#7034=ORIENTED_EDGE('',*,*,#5224,.F.);
#7035=ORIENTED_EDGE('',*,*,#5258,.T.);
#7036=ORIENTED_EDGE('',*,*,#5259,.T.);
#7037=ORIENTED_EDGE('',*,*,#5094,.T.);
#7038=ORIENTED_EDGE('',*,*,#5260,.F.);
#7039=ORIENTED_EDGE('',*,*,#5123,.T.);
#7040=ORIENTED_EDGE('',*,*,#5226,.F.);
#7041=ORIENTED_EDGE('',*,*,#5130,.F.);
#7042=ORIENTED_EDGE('',*,*,#5252,.F.);
#7043=ORIENTED_EDGE('',*,*,#5261,.T.);
#7044=ORIENTED_EDGE('',*,*,#5256,.F.);
#7045=ORIENTED_EDGE('',*,*,#5257,.F.);
#7046=ORIENTED_EDGE('',*,*,#5261,.F.);
#7047=ORIENTED_EDGE('',*,*,#5251,.F.);
#7048=ORIENTED_EDGE('',*,*,#5250,.T.);
#7049=ORIENTED_EDGE('',*,*,#5223,.F.);
#7050=ORIENTED_EDGE('',*,*,#5247,.T.);
#7051=ORIENTED_EDGE('',*,*,#5102,.T.);
#7052=ORIENTED_EDGE('',*,*,#5262,.F.);
#7053=ORIENTED_EDGE('',*,*,#5111,.F.);
#7054=ORIENTED_EDGE('',*,*,#5258,.F.);
#7055=ORIENTED_EDGE('',*,*,#5088,.T.);
#7056=ORIENTED_EDGE('',*,*,#5263,.T.);
#7057=ORIENTED_EDGE('',*,*,#5107,.F.);
#7058=ORIENTED_EDGE('',*,*,#5228,.T.);
#7059=ORIENTED_EDGE('',*,*,#5092,.F.);
#7060=ORIENTED_EDGE('',*,*,#5264,.F.);
#7061=ORIENTED_EDGE('',*,*,#5265,.F.);
#7062=ORIENTED_EDGE('',*,*,#5090,.F.);
#7063=ORIENTED_EDGE('',*,*,#5227,.T.);
#7064=ORIENTED_EDGE('',*,*,#5127,.T.);
#7065=ORIENTED_EDGE('',*,*,#5266,.F.);
#7066=ORIENTED_EDGE('',*,*,#5267,.F.);
#7067=ORIENTED_EDGE('',*,*,#5125,.T.);
#7068=ORIENTED_EDGE('',*,*,#5268,.T.);
#7069=ORIENTED_EDGE('',*,*,#5269,.T.);
#7070=ORIENTED_EDGE('',*,*,#5270,.T.);
#7071=ORIENTED_EDGE('',*,*,#5271,.T.);
#7072=ORIENTED_EDGE('',*,*,#5270,.F.);
#7073=ORIENTED_EDGE('',*,*,#5272,.T.);
#7074=ORIENTED_EDGE('',*,*,#5273,.T.);
#7075=ORIENTED_EDGE('',*,*,#5274,.T.);
#7076=ORIENTED_EDGE('',*,*,#5273,.F.);
#7077=ORIENTED_EDGE('',*,*,#5275,.T.);
#7078=ORIENTED_EDGE('',*,*,#5276,.T.);
#7079=ORIENTED_EDGE('',*,*,#5277,.T.);
#7080=ORIENTED_EDGE('',*,*,#5276,.F.);
#7081=ORIENTED_EDGE('',*,*,#5278,.T.);
#7082=ORIENTED_EDGE('',*,*,#5279,.T.);
#7083=ORIENTED_EDGE('',*,*,#5280,.T.);
#7084=ORIENTED_EDGE('',*,*,#5279,.F.);
#7085=ORIENTED_EDGE('',*,*,#5281,.F.);
#7086=ORIENTED_EDGE('',*,*,#5282,.T.);
#7087=ORIENTED_EDGE('',*,*,#5266,.T.);
#7088=ORIENTED_EDGE('',*,*,#5126,.T.);
#7089=ORIENTED_EDGE('',*,*,#5267,.T.);
#7090=ORIENTED_EDGE('',*,*,#5282,.F.);
#7091=ORIENTED_EDGE('',*,*,#5281,.T.);
#7092=ORIENTED_EDGE('',*,*,#5275,.F.);
#7093=ORIENTED_EDGE('',*,*,#5283,.F.);
#7094=ORIENTED_EDGE('',*,*,#5284,.T.);
#7095=ORIENTED_EDGE('',*,*,#5120,.T.);
#7096=ORIENTED_EDGE('',*,*,#5114,.T.);
#7097=ORIENTED_EDGE('',*,*,#5121,.T.);
#7098=ORIENTED_EDGE('',*,*,#5284,.F.);
#7099=ORIENTED_EDGE('',*,*,#5283,.T.);
#7100=ORIENTED_EDGE('',*,*,#5272,.F.);
#7101=ORIENTED_EDGE('',*,*,#5285,.F.);
#7102=ORIENTED_EDGE('',*,*,#5286,.T.);
#7103=ORIENTED_EDGE('',*,*,#5108,.T.);
#7104=ORIENTED_EDGE('',*,*,#5286,.F.);
#7105=ORIENTED_EDGE('',*,*,#5285,.T.);
#7106=ORIENTED_EDGE('',*,*,#5278,.F.);
#7107=ORIENTED_EDGE('',*,*,#5287,.F.);
#7108=ORIENTED_EDGE('',*,*,#5288,.T.);
#7109=ORIENTED_EDGE('',*,*,#5103,.T.);
#7110=ORIENTED_EDGE('',*,*,#5288,.F.);
#7111=ORIENTED_EDGE('',*,*,#5287,.T.);
#7112=ORIENTED_EDGE('',*,*,#5269,.F.);
#7113=ORIENTED_EDGE('',*,*,#5122,.T.);
#7114=ORIENTED_EDGE('',*,*,#5112,.T.);
#7115=ORIENTED_EDGE('',*,*,#5262,.T.);
#7116=ORIENTED_EDGE('',*,*,#5101,.T.);
#7117=ORIENTED_EDGE('',*,*,#5116,.T.);
#7118=ORIENTED_EDGE('',*,*,#5083,.T.);
#7119=ORIENTED_EDGE('',*,*,#5119,.F.);
#7120=ORIENTED_EDGE('',*,*,#5095,.T.);
#7121=ORIENTED_EDGE('',*,*,#5259,.F.);
#7122=ORIENTED_EDGE('',*,*,#5110,.F.);
#7123=ORIENTED_EDGE('',*,*,#5260,.T.);
#7124=ORIENTED_EDGE('',*,*,#5093,.T.);
#7125=ORIENTED_EDGE('',*,*,#5268,.F.);
#7126=ORIENTED_EDGE('',*,*,#5124,.F.);
#7127=ORIENTED_EDGE('',*,*,#5099,.T.);
#7128=ORIENTED_EDGE('',*,*,#5246,.T.);
#7129=ORIENTED_EDGE('',*,*,#5085,.T.);
#7130=ORIENTED_EDGE('',*,*,#5115,.F.);
#7131=ORIENTED_EDGE('',*,*,#5087,.T.);
#7132=ORIENTED_EDGE('',*,*,#5245,.F.);
#7133=ORIENTED_EDGE('',*,*,#5104,.T.);
#7134=ORIENTED_EDGE('',*,*,#5263,.F.);
#7135=ORIENTED_EDGE('',*,*,#5239,.T.);
#7136=ORIENTED_EDGE('',*,*,#5199,.F.);
#7137=ORIENTED_EDGE('',*,*,#5289,.F.);
#7138=ORIENTED_EDGE('',*,*,#5216,.T.);
#7139=ORIENTED_EDGE('',*,*,#5290,.F.);
#7140=ORIENTED_EDGE('',*,*,#5214,.T.);
#7141=ORIENTED_EDGE('',*,*,#5217,.T.);
#7142=ORIENTED_EDGE('',*,*,#5289,.T.);
#7143=ORIENTED_EDGE('',*,*,#5198,.T.);
#7144=ORIENTED_EDGE('',*,*,#5201,.T.);
#7145=ORIENTED_EDGE('',*,*,#5203,.T.);
#7146=ORIENTED_EDGE('',*,*,#5205,.T.);
#7147=ORIENTED_EDGE('',*,*,#5207,.T.);
#7148=ORIENTED_EDGE('',*,*,#5210,.T.);
#7149=ORIENTED_EDGE('',*,*,#5212,.T.);
#7150=ORIENTED_EDGE('',*,*,#5238,.T.);
#7151=ORIENTED_EDGE('',*,*,#5237,.F.);
#7152=ORIENTED_EDGE('',*,*,#5291,.F.);
#7153=ORIENTED_EDGE('',*,*,#5185,.T.);
#7154=ORIENTED_EDGE('',*,*,#5292,.F.);
#7155=ORIENTED_EDGE('',*,*,#5172,.T.);
#7156=ORIENTED_EDGE('',*,*,#5174,.T.);
#7157=ORIENTED_EDGE('',*,*,#5176,.T.);
#7158=ORIENTED_EDGE('',*,*,#5179,.T.);
#7159=ORIENTED_EDGE('',*,*,#5181,.T.);
#7160=ORIENTED_EDGE('',*,*,#5183,.T.);
#7161=ORIENTED_EDGE('',*,*,#5186,.T.);
#7162=ORIENTED_EDGE('',*,*,#5291,.T.);
#7163=ORIENTED_EDGE('',*,*,#5236,.T.);
#7164=ORIENTED_EDGE('',*,*,#5169,.T.);
#7165=ORIENTED_EDGE('',*,*,#5177,.T.);
#7166=ORIENTED_EDGE('',*,*,#5293,.T.);
#7167=ORIENTED_EDGE('',*,*,#5292,.T.);
#7168=ORIENTED_EDGE('',*,*,#5293,.F.);
#7169=ORIENTED_EDGE('',*,*,#5208,.T.);
#7170=ORIENTED_EDGE('',*,*,#5294,.T.);
#7171=ORIENTED_EDGE('',*,*,#5290,.T.);
#7172=ORIENTED_EDGE('',*,*,#5294,.F.);
#7173=ORIENTED_EDGE('',*,*,#5295,.T.);
#7174=ORIENTED_EDGE('',*,*,#5271,.F.);
#7175=ORIENTED_EDGE('',*,*,#5098,.T.);
#7176=ORIENTED_EDGE('',*,*,#5296,.T.);
#7177=ORIENTED_EDGE('',*,*,#5295,.F.);
#7178=ORIENTED_EDGE('',*,*,#5296,.F.);
#7179=ORIENTED_EDGE('',*,*,#5297,.T.);
#7180=ORIENTED_EDGE('',*,*,#5277,.F.);
#7181=ORIENTED_EDGE('',*,*,#5091,.T.);
#7182=ORIENTED_EDGE('',*,*,#5265,.T.);
#7183=ORIENTED_EDGE('',*,*,#5298,.T.);
#7184=ORIENTED_EDGE('',*,*,#5297,.F.);
#7185=ORIENTED_EDGE('',*,*,#5298,.F.);
#7186=ORIENTED_EDGE('',*,*,#5264,.T.);
#7187=ORIENTED_EDGE('',*,*,#5299,.T.);
#7188=ORIENTED_EDGE('',*,*,#5280,.F.);
#7189=ORIENTED_EDGE('',*,*,#5097,.T.);
#7190=ORIENTED_EDGE('',*,*,#5300,.T.);
#7191=ORIENTED_EDGE('',*,*,#5299,.F.);
#7192=ORIENTED_EDGE('',*,*,#5300,.F.);
#7193=ORIENTED_EDGE('',*,*,#5301,.T.);
#7194=ORIENTED_EDGE('',*,*,#5274,.F.);
#7195=ORIENTED_EDGE('',*,*,#5081,.T.);
#7196=ORIENTED_EDGE('',*,*,#5118,.T.);
#7197=ORIENTED_EDGE('',*,*,#5302,.T.);
#7198=ORIENTED_EDGE('',*,*,#5301,.F.);
#7199=ORIENTED_EDGE('',*,*,#5302,.F.);
#7200=ORIENTED_EDGE('',*,*,#5117,.T.);
#7201=ORIENTED_EDGE('',*,*,#5303,.T.);
#7202=ORIENTED_EDGE('',*,*,#5304,.T.);
#7203=ORIENTED_EDGE('',*,*,#5305,.T.);
#7204=ORIENTED_EDGE('',*,*,#5306,.F.);
#7205=ORIENTED_EDGE('',*,*,#5307,.T.);
#7206=ORIENTED_EDGE('',*,*,#5308,.T.);
#7207=ORIENTED_EDGE('',*,*,#5309,.F.);
#7208=ORIENTED_EDGE('',*,*,#5310,.T.);
#7209=ORIENTED_EDGE('',*,*,#5311,.F.);
#7210=ORIENTED_EDGE('',*,*,#5312,.T.);
#7211=ORIENTED_EDGE('',*,*,#5313,.T.);
#7212=ORIENTED_EDGE('',*,*,#5314,.T.);
#7213=ORIENTED_EDGE('',*,*,#5315,.F.);
#7214=ORIENTED_EDGE('',*,*,#5316,.T.);
#7215=ORIENTED_EDGE('',*,*,#5317,.F.);
#7216=ORIENTED_EDGE('',*,*,#5318,.F.);
#7217=ORIENTED_EDGE('',*,*,#5319,.F.);
#7218=ORIENTED_EDGE('',*,*,#5320,.F.);
#7219=ORIENTED_EDGE('',*,*,#5316,.F.);
#7220=ORIENTED_EDGE('',*,*,#5321,.F.);
#7221=ORIENTED_EDGE('',*,*,#5322,.F.);
#7222=ORIENTED_EDGE('',*,*,#5323,.T.);
#7223=ORIENTED_EDGE('',*,*,#5324,.T.);
#7224=ORIENTED_EDGE('',*,*,#5325,.T.);
#7225=ORIENTED_EDGE('',*,*,#5326,.T.);
#7226=ORIENTED_EDGE('',*,*,#5327,.T.);
#7227=ORIENTED_EDGE('',*,*,#5305,.F.);
#7228=ORIENTED_EDGE('',*,*,#5328,.F.);
#7229=ORIENTED_EDGE('',*,*,#5329,.F.);
#7230=ORIENTED_EDGE('',*,*,#5330,.F.);
#7231=ORIENTED_EDGE('',*,*,#5331,.T.);
#7232=ORIENTED_EDGE('',*,*,#5332,.T.);
#7233=ORIENTED_EDGE('',*,*,#5307,.F.);
#7234=ORIENTED_EDGE('',*,*,#5333,.F.);
#7235=ORIENTED_EDGE('',*,*,#5334,.F.);
#7236=ORIENTED_EDGE('',*,*,#5335,.F.);
#7237=ORIENTED_EDGE('',*,*,#5336,.F.);
#7238=ORIENTED_EDGE('',*,*,#5337,.F.);
#7239=ORIENTED_EDGE('',*,*,#5338,.F.);
#7240=ORIENTED_EDGE('',*,*,#5339,.F.);
#7241=ORIENTED_EDGE('',*,*,#5340,.T.);
#7242=ORIENTED_EDGE('',*,*,#5341,.F.);
#7243=ORIENTED_EDGE('',*,*,#5342,.F.);
#7244=ORIENTED_EDGE('',*,*,#5343,.F.);
#7245=ORIENTED_EDGE('',*,*,#5344,.F.);
#7246=ORIENTED_EDGE('',*,*,#5345,.T.);
#7247=ORIENTED_EDGE('',*,*,#5346,.T.);
#7248=ORIENTED_EDGE('',*,*,#5347,.T.);
#7249=ORIENTED_EDGE('',*,*,#5348,.T.);
#7250=ORIENTED_EDGE('',*,*,#5349,.F.);
#7251=ORIENTED_EDGE('',*,*,#5350,.F.);
#7252=ORIENTED_EDGE('',*,*,#5312,.F.);
#7253=ORIENTED_EDGE('',*,*,#5351,.T.);
#7254=ORIENTED_EDGE('',*,*,#5352,.T.);
#7255=ORIENTED_EDGE('',*,*,#5353,.T.);
#7256=ORIENTED_EDGE('',*,*,#5354,.T.);
#7257=ORIENTED_EDGE('',*,*,#5343,.T.);
#7258=ORIENTED_EDGE('',*,*,#5355,.T.);
#7259=ORIENTED_EDGE('',*,*,#5356,.F.);
#7260=ORIENTED_EDGE('',*,*,#5357,.F.);
#7261=ORIENTED_EDGE('',*,*,#5355,.F.);
#7262=ORIENTED_EDGE('',*,*,#5342,.T.);
#7263=ORIENTED_EDGE('',*,*,#5358,.T.);
#7264=ORIENTED_EDGE('',*,*,#5359,.F.);
#7265=ORIENTED_EDGE('',*,*,#5360,.F.);
#7266=ORIENTED_EDGE('',*,*,#5361,.F.);
#7267=ORIENTED_EDGE('',*,*,#5360,.T.);
#7268=ORIENTED_EDGE('',*,*,#5362,.F.);
#7269=ORIENTED_EDGE('',*,*,#5363,.F.);
#7270=ORIENTED_EDGE('',*,*,#5364,.F.);
#7271=ORIENTED_EDGE('',*,*,#5363,.T.);
#7272=ORIENTED_EDGE('',*,*,#5365,.F.);
#7273=ORIENTED_EDGE('',*,*,#5366,.F.);
#7274=ORIENTED_EDGE('',*,*,#5367,.F.);
#7275=ORIENTED_EDGE('',*,*,#5366,.T.);
#7276=ORIENTED_EDGE('',*,*,#5368,.F.);
#7277=ORIENTED_EDGE('',*,*,#5369,.F.);
#7278=ORIENTED_EDGE('',*,*,#5370,.F.);
#7279=ORIENTED_EDGE('',*,*,#5371,.F.);
#7280=ORIENTED_EDGE('',*,*,#5369,.T.);
#7281=ORIENTED_EDGE('',*,*,#5372,.F.);
#7282=ORIENTED_EDGE('',*,*,#5373,.F.);
#7283=ORIENTED_EDGE('',*,*,#5374,.F.);
#7284=ORIENTED_EDGE('',*,*,#5373,.T.);
#7285=ORIENTED_EDGE('',*,*,#5375,.F.);
#7286=ORIENTED_EDGE('',*,*,#5376,.F.);
#7287=ORIENTED_EDGE('',*,*,#5377,.F.);
#7288=ORIENTED_EDGE('',*,*,#5376,.T.);
#7289=ORIENTED_EDGE('',*,*,#5378,.F.);
#7290=ORIENTED_EDGE('',*,*,#5379,.F.);
#7291=ORIENTED_EDGE('',*,*,#5380,.F.);
#7292=ORIENTED_EDGE('',*,*,#5379,.T.);
#7293=ORIENTED_EDGE('',*,*,#5381,.F.);
#7294=ORIENTED_EDGE('',*,*,#5382,.T.);
#7295=ORIENTED_EDGE('',*,*,#5383,.F.);
#7296=ORIENTED_EDGE('',*,*,#5384,.F.);
#7297=ORIENTED_EDGE('',*,*,#5385,.F.);
#7298=ORIENTED_EDGE('',*,*,#5339,.T.);
#7299=ORIENTED_EDGE('',*,*,#5386,.F.);
#7300=ORIENTED_EDGE('',*,*,#5387,.F.);
#7301=ORIENTED_EDGE('',*,*,#5383,.T.);
#7302=ORIENTED_EDGE('',*,*,#5338,.T.);
#7303=ORIENTED_EDGE('',*,*,#5388,.F.);
#7304=ORIENTED_EDGE('',*,*,#5389,.F.);
#7305=ORIENTED_EDGE('',*,*,#5386,.T.);
#7306=ORIENTED_EDGE('',*,*,#5337,.T.);
#7307=ORIENTED_EDGE('',*,*,#5390,.F.);
#7308=ORIENTED_EDGE('',*,*,#5391,.F.);
#7309=ORIENTED_EDGE('',*,*,#5388,.T.);
#7310=ORIENTED_EDGE('',*,*,#5336,.T.);
#7311=ORIENTED_EDGE('',*,*,#5392,.F.);
#7312=ORIENTED_EDGE('',*,*,#5393,.F.);
#7313=ORIENTED_EDGE('',*,*,#5390,.T.);
#7314=ORIENTED_EDGE('',*,*,#5335,.T.);
#7315=ORIENTED_EDGE('',*,*,#5394,.F.);
#7316=ORIENTED_EDGE('',*,*,#5395,.F.);
#7317=ORIENTED_EDGE('',*,*,#5392,.T.);
#7318=ORIENTED_EDGE('',*,*,#5394,.T.);
#7319=ORIENTED_EDGE('',*,*,#5396,.F.);
#7320=ORIENTED_EDGE('',*,*,#5397,.F.);
#7321=ORIENTED_EDGE('',*,*,#5398,.F.);
#7322=ORIENTED_EDGE('',*,*,#5399,.F.);
#7323=ORIENTED_EDGE('',*,*,#5400,.T.);
#7324=ORIENTED_EDGE('',*,*,#5398,.T.);
#7325=ORIENTED_EDGE('',*,*,#5401,.F.);
#7326=ORIENTED_EDGE('',*,*,#5402,.F.);
#7327=ORIENTED_EDGE('',*,*,#5403,.F.);
#7328=ORIENTED_EDGE('',*,*,#5402,.T.);
#7329=ORIENTED_EDGE('',*,*,#5404,.F.);
#7330=ORIENTED_EDGE('',*,*,#5405,.F.);
#7331=ORIENTED_EDGE('',*,*,#5406,.F.);
#7332=ORIENTED_EDGE('',*,*,#5405,.T.);
#7333=ORIENTED_EDGE('',*,*,#5407,.F.);
#7334=ORIENTED_EDGE('',*,*,#5408,.F.);
#7335=ORIENTED_EDGE('',*,*,#5409,.F.);
#7336=ORIENTED_EDGE('',*,*,#5408,.T.);
#7337=ORIENTED_EDGE('',*,*,#5410,.F.);
#7338=ORIENTED_EDGE('',*,*,#5411,.F.);
#7339=ORIENTED_EDGE('',*,*,#5412,.F.);
#7340=ORIENTED_EDGE('',*,*,#5413,.F.);
#7341=ORIENTED_EDGE('',*,*,#5411,.T.);
#7342=ORIENTED_EDGE('',*,*,#5414,.F.);
#7343=ORIENTED_EDGE('',*,*,#5415,.F.);
#7344=ORIENTED_EDGE('',*,*,#5416,.F.);
#7345=ORIENTED_EDGE('',*,*,#5415,.T.);
#7346=ORIENTED_EDGE('',*,*,#5417,.F.);
#7347=ORIENTED_EDGE('',*,*,#5418,.F.);
#7348=ORIENTED_EDGE('',*,*,#5419,.F.);
#7349=ORIENTED_EDGE('',*,*,#5418,.T.);
#7350=ORIENTED_EDGE('',*,*,#5420,.F.);
#7351=ORIENTED_EDGE('',*,*,#5421,.F.);
#7352=ORIENTED_EDGE('',*,*,#5422,.F.);
#7353=ORIENTED_EDGE('',*,*,#5421,.T.);
#7354=ORIENTED_EDGE('',*,*,#5423,.F.);
#7355=ORIENTED_EDGE('',*,*,#5424,.T.);
#7356=ORIENTED_EDGE('',*,*,#5425,.F.);
#7357=ORIENTED_EDGE('',*,*,#5426,.F.);
#7358=ORIENTED_EDGE('',*,*,#5427,.F.);
#7359=ORIENTED_EDGE('',*,*,#5333,.T.);
#7360=ORIENTED_EDGE('',*,*,#5310,.F.);
#7361=ORIENTED_EDGE('',*,*,#5428,.F.);
#7362=ORIENTED_EDGE('',*,*,#5425,.T.);
#7363=ORIENTED_EDGE('',*,*,#5349,.T.);
#7364=ORIENTED_EDGE('',*,*,#5429,.T.);
#7365=ORIENTED_EDGE('',*,*,#5430,.T.);
#7366=ORIENTED_EDGE('',*,*,#5431,.T.);
#7367=ORIENTED_EDGE('',*,*,#5320,.T.);
#7368=ORIENTED_EDGE('',*,*,#5432,.F.);
#7369=ORIENTED_EDGE('',*,*,#5433,.F.);
#7370=ORIENTED_EDGE('',*,*,#5317,.T.);
#7371=ORIENTED_EDGE('',*,*,#5432,.T.);
#7372=ORIENTED_EDGE('',*,*,#5434,.F.);
#7373=ORIENTED_EDGE('',*,*,#5435,.F.);
#7374=ORIENTED_EDGE('',*,*,#5358,.F.);
#7375=ORIENTED_EDGE('',*,*,#5436,.F.);
#7376=ORIENTED_EDGE('',*,*,#5437,.T.);
#7377=ORIENTED_EDGE('',*,*,#5438,.F.);
#7378=ORIENTED_EDGE('',*,*,#5387,.T.);
#7379=ORIENTED_EDGE('',*,*,#5389,.T.);
#7380=ORIENTED_EDGE('',*,*,#5391,.T.);
#7381=ORIENTED_EDGE('',*,*,#5393,.T.);
#7382=ORIENTED_EDGE('',*,*,#5395,.T.);
#7383=ORIENTED_EDGE('',*,*,#5439,.F.);
#7384=ORIENTED_EDGE('',*,*,#5428,.T.);
#7385=ORIENTED_EDGE('',*,*,#5309,.T.);
#7386=ORIENTED_EDGE('',*,*,#5348,.F.);
#7387=ORIENTED_EDGE('',*,*,#5440,.T.);
#7388=ORIENTED_EDGE('',*,*,#5441,.T.);
#7389=ORIENTED_EDGE('',*,*,#5442,.F.);
#7390=ORIENTED_EDGE('',*,*,#5344,.T.);
#7391=ORIENTED_EDGE('',*,*,#5318,.T.);
#7392=ORIENTED_EDGE('',*,*,#5433,.T.);
#7393=ORIENTED_EDGE('',*,*,#5443,.F.);
#7394=ORIENTED_EDGE('',*,*,#5353,.F.);
#7395=ORIENTED_EDGE('',*,*,#5357,.T.);
#7396=ORIENTED_EDGE('',*,*,#5444,.F.);
#7397=ORIENTED_EDGE('',*,*,#5445,.F.);
#7398=ORIENTED_EDGE('',*,*,#5313,.F.);
#7399=ORIENTED_EDGE('',*,*,#5350,.T.);
#7400=ORIENTED_EDGE('',*,*,#5431,.F.);
#7401=ORIENTED_EDGE('',*,*,#5327,.F.);
#7402=ORIENTED_EDGE('',*,*,#5446,.F.);
#7403=ORIENTED_EDGE('',*,*,#5447,.T.);
#7404=ORIENTED_EDGE('',*,*,#5314,.F.);
#7405=ORIENTED_EDGE('',*,*,#5445,.T.);
#7406=ORIENTED_EDGE('',*,*,#5430,.F.);
#7407=ORIENTED_EDGE('',*,*,#5448,.F.);
#7408=ORIENTED_EDGE('',*,*,#5306,.T.);
#7409=ORIENTED_EDGE('',*,*,#5449,.F.);
#7410=ORIENTED_EDGE('',*,*,#5450,.F.);
#7411=ORIENTED_EDGE('',*,*,#5451,.F.);
#7412=ORIENTED_EDGE('',*,*,#5452,.F.);
#7413=ORIENTED_EDGE('',*,*,#5441,.F.);
#7414=ORIENTED_EDGE('',*,*,#5453,.F.);
#7415=ORIENTED_EDGE('',*,*,#5454,.F.);
#7416=ORIENTED_EDGE('',*,*,#5444,.T.);
#7417=ORIENTED_EDGE('',*,*,#5356,.T.);
#7418=ORIENTED_EDGE('',*,*,#5341,.T.);
#7419=ORIENTED_EDGE('',*,*,#5354,.F.);
#7420=ORIENTED_EDGE('',*,*,#5443,.T.);
#7421=ORIENTED_EDGE('',*,*,#5454,.T.);
#7422=ORIENTED_EDGE('',*,*,#5340,.F.);
#7423=ORIENTED_EDGE('',*,*,#5455,.T.);
#7424=ORIENTED_EDGE('',*,*,#5451,.T.);
#7425=ORIENTED_EDGE('',*,*,#5456,.F.);
#7426=ORIENTED_EDGE('',*,*,#5346,.F.);
#7427=ORIENTED_EDGE('',*,*,#5456,.T.);
#7428=ORIENTED_EDGE('',*,*,#5453,.T.);
#7429=ORIENTED_EDGE('',*,*,#5440,.F.);
#7430=ORIENTED_EDGE('',*,*,#5347,.F.);
#7431=ORIENTED_EDGE('',*,*,#5442,.T.);
#7432=ORIENTED_EDGE('',*,*,#5452,.T.);
#7433=ORIENTED_EDGE('',*,*,#5455,.F.);
#7434=ORIENTED_EDGE('',*,*,#5345,.F.);
#7435=ORIENTED_EDGE('',*,*,#5334,.T.);
#7436=ORIENTED_EDGE('',*,*,#5424,.F.);
#7437=ORIENTED_EDGE('',*,*,#5457,.F.);
#7438=ORIENTED_EDGE('',*,*,#5396,.T.);
#7439=ORIENTED_EDGE('',*,*,#5410,.T.);
#7440=ORIENTED_EDGE('',*,*,#5407,.T.);
#7441=ORIENTED_EDGE('',*,*,#5404,.T.);
#7442=ORIENTED_EDGE('',*,*,#5401,.T.);
#7443=ORIENTED_EDGE('',*,*,#5397,.T.);
#7444=ORIENTED_EDGE('',*,*,#5457,.T.);
#7445=ORIENTED_EDGE('',*,*,#5423,.T.);
#7446=ORIENTED_EDGE('',*,*,#5420,.T.);
#7447=ORIENTED_EDGE('',*,*,#5417,.T.);
#7448=ORIENTED_EDGE('',*,*,#5414,.T.);
#7449=ORIENTED_EDGE('',*,*,#5319,.T.);
#7450=ORIENTED_EDGE('',*,*,#5382,.F.);
#7451=ORIENTED_EDGE('',*,*,#5458,.F.);
#7452=ORIENTED_EDGE('',*,*,#5434,.T.);
#7453=ORIENTED_EDGE('',*,*,#5378,.T.);
#7454=ORIENTED_EDGE('',*,*,#5375,.T.);
#7455=ORIENTED_EDGE('',*,*,#5372,.T.);
#7456=ORIENTED_EDGE('',*,*,#5368,.T.);
#7457=ORIENTED_EDGE('',*,*,#5365,.T.);
#7458=ORIENTED_EDGE('',*,*,#5362,.T.);
#7459=ORIENTED_EDGE('',*,*,#5359,.T.);
#7460=ORIENTED_EDGE('',*,*,#5435,.T.);
#7461=ORIENTED_EDGE('',*,*,#5458,.T.);
#7462=ORIENTED_EDGE('',*,*,#5381,.T.);
#7463=ORIENTED_EDGE('',*,*,#5315,.T.);
#7464=ORIENTED_EDGE('',*,*,#5459,.F.);
#7465=ORIENTED_EDGE('',*,*,#5460,.F.);
#7466=ORIENTED_EDGE('',*,*,#5321,.T.);
#7467=ORIENTED_EDGE('',*,*,#5311,.T.);
#7468=ORIENTED_EDGE('',*,*,#5447,.F.);
#7469=ORIENTED_EDGE('',*,*,#5461,.T.);
#7470=ORIENTED_EDGE('',*,*,#5462,.F.);
#7471=ORIENTED_EDGE('',*,*,#5463,.F.);
#7472=ORIENTED_EDGE('',*,*,#5464,.F.);
#7473=ORIENTED_EDGE('',*,*,#5465,.F.);
#7474=ORIENTED_EDGE('',*,*,#5459,.T.);
#7475=ORIENTED_EDGE('',*,*,#5464,.T.);
#7476=ORIENTED_EDGE('',*,*,#5466,.T.);
#7477=ORIENTED_EDGE('',*,*,#5323,.F.);
#7478=ORIENTED_EDGE('',*,*,#5467,.F.);
#7479=ORIENTED_EDGE('',*,*,#5322,.T.);
#7480=ORIENTED_EDGE('',*,*,#5460,.T.);
#7481=ORIENTED_EDGE('',*,*,#5465,.T.);
#7482=ORIENTED_EDGE('',*,*,#5467,.T.);
#7483=ORIENTED_EDGE('',*,*,#5468,.F.);
#7484=ORIENTED_EDGE('',*,*,#5461,.F.);
#7485=ORIENTED_EDGE('',*,*,#5446,.T.);
#7486=ORIENTED_EDGE('',*,*,#5326,.F.);
#7487=ORIENTED_EDGE('',*,*,#5468,.T.);
#7488=ORIENTED_EDGE('',*,*,#5325,.F.);
#7489=ORIENTED_EDGE('',*,*,#5469,.F.);
#7490=ORIENTED_EDGE('',*,*,#5462,.T.);
#7491=ORIENTED_EDGE('',*,*,#5463,.T.);
#7492=ORIENTED_EDGE('',*,*,#5469,.T.);
#7493=ORIENTED_EDGE('',*,*,#5324,.F.);
#7494=ORIENTED_EDGE('',*,*,#5466,.F.);
#7495=ORIENTED_EDGE('',*,*,#5429,.F.);
#7496=ORIENTED_EDGE('',*,*,#5470,.F.);
#7497=ORIENTED_EDGE('',*,*,#5471,.T.);
#7498=ORIENTED_EDGE('',*,*,#5472,.T.);
#7499=ORIENTED_EDGE('',*,*,#5473,.T.);
#7500=ORIENTED_EDGE('',*,*,#5474,.T.);
#7501=ORIENTED_EDGE('',*,*,#5303,.F.);
#7502=ORIENTED_EDGE('',*,*,#5448,.T.);
#7503=ORIENTED_EDGE('',*,*,#5308,.F.);
#7504=ORIENTED_EDGE('',*,*,#5332,.F.);
#7505=ORIENTED_EDGE('',*,*,#5475,.T.);
#7506=ORIENTED_EDGE('',*,*,#5470,.T.);
#7507=ORIENTED_EDGE('',*,*,#5330,.T.);
#7508=ORIENTED_EDGE('',*,*,#5476,.F.);
#7509=ORIENTED_EDGE('',*,*,#5472,.F.);
#7510=ORIENTED_EDGE('',*,*,#5477,.T.);
#7511=ORIENTED_EDGE('',*,*,#5331,.F.);
#7512=ORIENTED_EDGE('',*,*,#5477,.F.);
#7513=ORIENTED_EDGE('',*,*,#5471,.F.);
#7514=ORIENTED_EDGE('',*,*,#5475,.F.);
#7515=ORIENTED_EDGE('',*,*,#5304,.F.);
#7516=ORIENTED_EDGE('',*,*,#5474,.F.);
#7517=ORIENTED_EDGE('',*,*,#5478,.T.);
#7518=ORIENTED_EDGE('',*,*,#5328,.T.);
#7519=ORIENTED_EDGE('',*,*,#5473,.F.);
#7520=ORIENTED_EDGE('',*,*,#5476,.T.);
#7521=ORIENTED_EDGE('',*,*,#5329,.T.);
#7522=ORIENTED_EDGE('',*,*,#5478,.F.);
#7523=ORIENTED_EDGE('',*,*,#5439,.T.);
#7524=ORIENTED_EDGE('',*,*,#5400,.F.);
#7525=ORIENTED_EDGE('',*,*,#5479,.F.);
#7526=ORIENTED_EDGE('',*,*,#5426,.T.);
#7527=ORIENTED_EDGE('',*,*,#5480,.F.);
#7528=ORIENTED_EDGE('',*,*,#5427,.T.);
#7529=ORIENTED_EDGE('',*,*,#5479,.T.);
#7530=ORIENTED_EDGE('',*,*,#5399,.T.);
#7531=ORIENTED_EDGE('',*,*,#5403,.T.);
#7532=ORIENTED_EDGE('',*,*,#5406,.T.);
#7533=ORIENTED_EDGE('',*,*,#5409,.T.);
#7534=ORIENTED_EDGE('',*,*,#5412,.T.);
#7535=ORIENTED_EDGE('',*,*,#5416,.T.);
#7536=ORIENTED_EDGE('',*,*,#5419,.T.);
#7537=ORIENTED_EDGE('',*,*,#5422,.T.);
#7538=ORIENTED_EDGE('',*,*,#5438,.T.);
#7539=ORIENTED_EDGE('',*,*,#5437,.F.);
#7540=ORIENTED_EDGE('',*,*,#5481,.F.);
#7541=ORIENTED_EDGE('',*,*,#5384,.T.);
#7542=ORIENTED_EDGE('',*,*,#5482,.F.);
#7543=ORIENTED_EDGE('',*,*,#5436,.T.);
#7544=ORIENTED_EDGE('',*,*,#5361,.T.);
#7545=ORIENTED_EDGE('',*,*,#5364,.T.);
#7546=ORIENTED_EDGE('',*,*,#5367,.T.);
#7547=ORIENTED_EDGE('',*,*,#5370,.T.);
#7548=ORIENTED_EDGE('',*,*,#5374,.T.);
#7549=ORIENTED_EDGE('',*,*,#5377,.T.);
#7550=ORIENTED_EDGE('',*,*,#5380,.T.);
#7551=ORIENTED_EDGE('',*,*,#5385,.T.);
#7552=ORIENTED_EDGE('',*,*,#5481,.T.);
#7553=ORIENTED_EDGE('',*,*,#5371,.T.);
#7554=ORIENTED_EDGE('',*,*,#5483,.T.);
#7555=ORIENTED_EDGE('',*,*,#5482,.T.);
#7556=ORIENTED_EDGE('',*,*,#5483,.F.);
#7557=ORIENTED_EDGE('',*,*,#5413,.T.);
#7558=ORIENTED_EDGE('',*,*,#5484,.T.);
#7559=ORIENTED_EDGE('',*,*,#5480,.T.);
#7560=ORIENTED_EDGE('',*,*,#5484,.F.);
#7561=ORIENTED_EDGE('',*,*,#5352,.F.);
#7562=ORIENTED_EDGE('',*,*,#5485,.T.);
#7563=ORIENTED_EDGE('',*,*,#5450,.T.);
#7564=ORIENTED_EDGE('',*,*,#5485,.F.);
#7565=ORIENTED_EDGE('',*,*,#5351,.F.);
#7566=ORIENTED_EDGE('',*,*,#5486,.T.);
#7567=ORIENTED_EDGE('',*,*,#5449,.T.);
#7568=ORIENTED_EDGE('',*,*,#5486,.F.);
#7569=ORIENTED_EDGE('',*,*,#5487,.T.);
#7570=ORIENTED_EDGE('',*,*,#5488,.T.);
#7571=ORIENTED_EDGE('',*,*,#5489,.T.);
#7572=ORIENTED_EDGE('',*,*,#5490,.T.);
#7573=ORIENTED_EDGE('',*,*,#5491,.T.);
#7574=ORIENTED_EDGE('',*,*,#5492,.T.);
#7575=ORIENTED_EDGE('',*,*,#5493,.T.);
#7576=ORIENTED_EDGE('',*,*,#5494,.T.);
#7577=ORIENTED_EDGE('',*,*,#5495,.T.);
#7578=ORIENTED_EDGE('',*,*,#5496,.T.);
#7579=ORIENTED_EDGE('',*,*,#5497,.T.);
#7580=ORIENTED_EDGE('',*,*,#5498,.T.);
#7581=ORIENTED_EDGE('',*,*,#5499,.F.);
#7582=ORIENTED_EDGE('',*,*,#5500,.F.);
#7583=ORIENTED_EDGE('',*,*,#5501,.F.);
#7584=ORIENTED_EDGE('',*,*,#5502,.F.);
#7585=ORIENTED_EDGE('',*,*,#5503,.F.);
#7586=ORIENTED_EDGE('',*,*,#5504,.F.);
#7587=ORIENTED_EDGE('',*,*,#5505,.F.);
#7588=ORIENTED_EDGE('',*,*,#5506,.F.);
#7589=ORIENTED_EDGE('',*,*,#5507,.F.);
#7590=ORIENTED_EDGE('',*,*,#5508,.F.);
#7591=ORIENTED_EDGE('',*,*,#5509,.F.);
#7592=ORIENTED_EDGE('',*,*,#5510,.F.);
#7593=ORIENTED_EDGE('',*,*,#5511,.F.);
#7594=ORIENTED_EDGE('',*,*,#5512,.F.);
#7595=ORIENTED_EDGE('',*,*,#5513,.F.);
#7596=ORIENTED_EDGE('',*,*,#5514,.T.);
#7597=ORIENTED_EDGE('',*,*,#5515,.T.);
#7598=ORIENTED_EDGE('',*,*,#5516,.T.);
#7599=ORIENTED_EDGE('',*,*,#5502,.T.);
#7600=ORIENTED_EDGE('',*,*,#5517,.F.);
#7601=ORIENTED_EDGE('',*,*,#5487,.F.);
#7602=ORIENTED_EDGE('',*,*,#5518,.T.);
#7603=ORIENTED_EDGE('',*,*,#5513,.T.);
#7604=ORIENTED_EDGE('',*,*,#5519,.F.);
#7605=ORIENTED_EDGE('',*,*,#5488,.F.);
#7606=ORIENTED_EDGE('',*,*,#5517,.T.);
#7607=ORIENTED_EDGE('',*,*,#5512,.T.);
#7608=ORIENTED_EDGE('',*,*,#5520,.F.);
#7609=ORIENTED_EDGE('',*,*,#5489,.F.);
#7610=ORIENTED_EDGE('',*,*,#5519,.T.);
#7611=ORIENTED_EDGE('',*,*,#5511,.T.);
#7612=ORIENTED_EDGE('',*,*,#5521,.F.);
#7613=ORIENTED_EDGE('',*,*,#5490,.F.);
#7614=ORIENTED_EDGE('',*,*,#5520,.T.);
#7615=ORIENTED_EDGE('',*,*,#5510,.T.);
#7616=ORIENTED_EDGE('',*,*,#5522,.F.);
#7617=ORIENTED_EDGE('',*,*,#5491,.F.);
#7618=ORIENTED_EDGE('',*,*,#5521,.T.);
#7619=ORIENTED_EDGE('',*,*,#5509,.T.);
#7620=ORIENTED_EDGE('',*,*,#5523,.F.);
#7621=ORIENTED_EDGE('',*,*,#5492,.F.);
#7622=ORIENTED_EDGE('',*,*,#5522,.T.);
#7623=ORIENTED_EDGE('',*,*,#5508,.T.);
#7624=ORIENTED_EDGE('',*,*,#5524,.F.);
#7625=ORIENTED_EDGE('',*,*,#5493,.F.);
#7626=ORIENTED_EDGE('',*,*,#5523,.T.);
#7627=ORIENTED_EDGE('',*,*,#5507,.T.);
#7628=ORIENTED_EDGE('',*,*,#5525,.F.);
#7629=ORIENTED_EDGE('',*,*,#5494,.F.);
#7630=ORIENTED_EDGE('',*,*,#5524,.T.);
#7631=ORIENTED_EDGE('',*,*,#5506,.T.);
#7632=ORIENTED_EDGE('',*,*,#5526,.F.);
#7633=ORIENTED_EDGE('',*,*,#5495,.F.);
#7634=ORIENTED_EDGE('',*,*,#5525,.T.);
#7635=ORIENTED_EDGE('',*,*,#5505,.T.);
#7636=ORIENTED_EDGE('',*,*,#5527,.F.);
#7637=ORIENTED_EDGE('',*,*,#5496,.F.);
#7638=ORIENTED_EDGE('',*,*,#5526,.T.);
#7639=ORIENTED_EDGE('',*,*,#5504,.T.);
#7640=ORIENTED_EDGE('',*,*,#5528,.F.);
#7641=ORIENTED_EDGE('',*,*,#5497,.F.);
#7642=ORIENTED_EDGE('',*,*,#5527,.T.);
#7643=ORIENTED_EDGE('',*,*,#5503,.T.);
#7644=ORIENTED_EDGE('',*,*,#5518,.F.);
#7645=ORIENTED_EDGE('',*,*,#5498,.F.);
#7646=ORIENTED_EDGE('',*,*,#5528,.T.);
#7647=ORIENTED_EDGE('',*,*,#5499,.T.);
#7648=ORIENTED_EDGE('',*,*,#5529,.T.);
#7649=ORIENTED_EDGE('',*,*,#5514,.F.);
#7650=ORIENTED_EDGE('',*,*,#5529,.F.);
#7651=ORIENTED_EDGE('',*,*,#5500,.T.);
#7652=ORIENTED_EDGE('',*,*,#5530,.T.);
#7653=ORIENTED_EDGE('',*,*,#5516,.F.);
#7654=ORIENTED_EDGE('',*,*,#5530,.F.);
#7655=ORIENTED_EDGE('',*,*,#5501,.T.);
#7656=ORIENTED_EDGE('',*,*,#5531,.T.);
#7657=ORIENTED_EDGE('',*,*,#5515,.F.);
#7658=ORIENTED_EDGE('',*,*,#5531,.F.);
#7659=ORIENTED_EDGE('',*,*,#5532,.T.);
#7660=ORIENTED_EDGE('',*,*,#5533,.F.);
#7661=ORIENTED_EDGE('',*,*,#5534,.F.);
#7662=ORIENTED_EDGE('',*,*,#5535,.T.);
#7663=ORIENTED_EDGE('',*,*,#5536,.T.);
#7664=ORIENTED_EDGE('',*,*,#5537,.F.);
#7665=ORIENTED_EDGE('',*,*,#5538,.F.);
#7666=ORIENTED_EDGE('',*,*,#5533,.T.);
#7667=ORIENTED_EDGE('',*,*,#5539,.T.);
#7668=ORIENTED_EDGE('',*,*,#5540,.F.);
#7669=ORIENTED_EDGE('',*,*,#5541,.F.);
#7670=ORIENTED_EDGE('',*,*,#5537,.T.);
#7671=ORIENTED_EDGE('',*,*,#5542,.T.);
#7672=ORIENTED_EDGE('',*,*,#5543,.F.);
#7673=ORIENTED_EDGE('',*,*,#5544,.F.);
#7674=ORIENTED_EDGE('',*,*,#5540,.T.);
#7675=ORIENTED_EDGE('',*,*,#5545,.T.);
#7676=ORIENTED_EDGE('',*,*,#5546,.F.);
#7677=ORIENTED_EDGE('',*,*,#5547,.F.);
#7678=ORIENTED_EDGE('',*,*,#5543,.T.);
#7679=ORIENTED_EDGE('',*,*,#5548,.T.);
#7680=ORIENTED_EDGE('',*,*,#5549,.F.);
#7681=ORIENTED_EDGE('',*,*,#5550,.F.);
#7682=ORIENTED_EDGE('',*,*,#5546,.T.);
#7683=ORIENTED_EDGE('',*,*,#5551,.T.);
#7684=ORIENTED_EDGE('',*,*,#5552,.F.);
#7685=ORIENTED_EDGE('',*,*,#5553,.F.);
#7686=ORIENTED_EDGE('',*,*,#5549,.T.);
#7687=ORIENTED_EDGE('',*,*,#5554,.T.);
#7688=ORIENTED_EDGE('',*,*,#5555,.F.);
#7689=ORIENTED_EDGE('',*,*,#5556,.F.);
#7690=ORIENTED_EDGE('',*,*,#5552,.T.);
#7691=ORIENTED_EDGE('',*,*,#5557,.T.);
#7692=ORIENTED_EDGE('',*,*,#5558,.F.);
#7693=ORIENTED_EDGE('',*,*,#5559,.F.);
#7694=ORIENTED_EDGE('',*,*,#5555,.T.);
#7695=ORIENTED_EDGE('',*,*,#5560,.T.);
#7696=ORIENTED_EDGE('',*,*,#5561,.F.);
#7697=ORIENTED_EDGE('',*,*,#5562,.F.);
#7698=ORIENTED_EDGE('',*,*,#5558,.T.);
#7699=ORIENTED_EDGE('',*,*,#5563,.T.);
#7700=ORIENTED_EDGE('',*,*,#5564,.F.);
#7701=ORIENTED_EDGE('',*,*,#5565,.F.);
#7702=ORIENTED_EDGE('',*,*,#5561,.T.);
#7703=ORIENTED_EDGE('',*,*,#5566,.T.);
#7704=ORIENTED_EDGE('',*,*,#5567,.F.);
#7705=ORIENTED_EDGE('',*,*,#5568,.F.);
#7706=ORIENTED_EDGE('',*,*,#5564,.T.);
#7707=ORIENTED_EDGE('',*,*,#5569,.T.);
#7708=ORIENTED_EDGE('',*,*,#5570,.F.);
#7709=ORIENTED_EDGE('',*,*,#5571,.F.);
#7710=ORIENTED_EDGE('',*,*,#5567,.T.);
#7711=ORIENTED_EDGE('',*,*,#5572,.T.);
#7712=ORIENTED_EDGE('',*,*,#5573,.F.);
#7713=ORIENTED_EDGE('',*,*,#5574,.F.);
#7714=ORIENTED_EDGE('',*,*,#5570,.T.);
#7715=ORIENTED_EDGE('',*,*,#5575,.T.);
#7716=ORIENTED_EDGE('',*,*,#5576,.F.);
#7717=ORIENTED_EDGE('',*,*,#5577,.F.);
#7718=ORIENTED_EDGE('',*,*,#5573,.T.);
#7719=ORIENTED_EDGE('',*,*,#5578,.T.);
#7720=ORIENTED_EDGE('',*,*,#5579,.F.);
#7721=ORIENTED_EDGE('',*,*,#5580,.F.);
#7722=ORIENTED_EDGE('',*,*,#5576,.T.);
#7723=ORIENTED_EDGE('',*,*,#5581,.T.);
#7724=ORIENTED_EDGE('',*,*,#5582,.F.);
#7725=ORIENTED_EDGE('',*,*,#5583,.F.);
#7726=ORIENTED_EDGE('',*,*,#5579,.T.);
#7727=ORIENTED_EDGE('',*,*,#5584,.T.);
#7728=ORIENTED_EDGE('',*,*,#5585,.F.);
#7729=ORIENTED_EDGE('',*,*,#5586,.F.);
#7730=ORIENTED_EDGE('',*,*,#5582,.T.);
#7731=ORIENTED_EDGE('',*,*,#5587,.T.);
#7732=ORIENTED_EDGE('',*,*,#5588,.F.);
#7733=ORIENTED_EDGE('',*,*,#5589,.F.);
#7734=ORIENTED_EDGE('',*,*,#5585,.T.);
#7735=ORIENTED_EDGE('',*,*,#5590,.T.);
#7736=ORIENTED_EDGE('',*,*,#5591,.F.);
#7737=ORIENTED_EDGE('',*,*,#5592,.F.);
#7738=ORIENTED_EDGE('',*,*,#5588,.T.);
#7739=ORIENTED_EDGE('',*,*,#5593,.T.);
#7740=ORIENTED_EDGE('',*,*,#5594,.F.);
#7741=ORIENTED_EDGE('',*,*,#5595,.F.);
#7742=ORIENTED_EDGE('',*,*,#5591,.T.);
#7743=ORIENTED_EDGE('',*,*,#5596,.T.);
#7744=ORIENTED_EDGE('',*,*,#5597,.F.);
#7745=ORIENTED_EDGE('',*,*,#5598,.F.);
#7746=ORIENTED_EDGE('',*,*,#5594,.T.);
#7747=ORIENTED_EDGE('',*,*,#5599,.T.);
#7748=ORIENTED_EDGE('',*,*,#5600,.F.);
#7749=ORIENTED_EDGE('',*,*,#5601,.F.);
#7750=ORIENTED_EDGE('',*,*,#5597,.T.);
#7751=ORIENTED_EDGE('',*,*,#5602,.T.);
#7752=ORIENTED_EDGE('',*,*,#5535,.F.);
#7753=ORIENTED_EDGE('',*,*,#5603,.F.);
#7754=ORIENTED_EDGE('',*,*,#5600,.T.);
#7755=ORIENTED_EDGE('',*,*,#5534,.T.);
#7756=ORIENTED_EDGE('',*,*,#5538,.T.);
#7757=ORIENTED_EDGE('',*,*,#5541,.T.);
#7758=ORIENTED_EDGE('',*,*,#5544,.T.);
#7759=ORIENTED_EDGE('',*,*,#5547,.T.);
#7760=ORIENTED_EDGE('',*,*,#5550,.T.);
#7761=ORIENTED_EDGE('',*,*,#5553,.T.);
#7762=ORIENTED_EDGE('',*,*,#5556,.T.);
#7763=ORIENTED_EDGE('',*,*,#5559,.T.);
#7764=ORIENTED_EDGE('',*,*,#5562,.T.);
#7765=ORIENTED_EDGE('',*,*,#5565,.T.);
#7766=ORIENTED_EDGE('',*,*,#5568,.T.);
#7767=ORIENTED_EDGE('',*,*,#5571,.T.);
#7768=ORIENTED_EDGE('',*,*,#5574,.T.);
#7769=ORIENTED_EDGE('',*,*,#5577,.T.);
#7770=ORIENTED_EDGE('',*,*,#5580,.T.);
#7771=ORIENTED_EDGE('',*,*,#5583,.T.);
#7772=ORIENTED_EDGE('',*,*,#5586,.T.);
#7773=ORIENTED_EDGE('',*,*,#5589,.T.);
#7774=ORIENTED_EDGE('',*,*,#5592,.T.);
#7775=ORIENTED_EDGE('',*,*,#5595,.T.);
#7776=ORIENTED_EDGE('',*,*,#5598,.T.);
#7777=ORIENTED_EDGE('',*,*,#5601,.T.);
#7778=ORIENTED_EDGE('',*,*,#5603,.T.);
#7779=ORIENTED_EDGE('',*,*,#5532,.F.);
#7780=ORIENTED_EDGE('',*,*,#5602,.F.);
#7781=ORIENTED_EDGE('',*,*,#5599,.F.);
#7782=ORIENTED_EDGE('',*,*,#5596,.F.);
#7783=ORIENTED_EDGE('',*,*,#5593,.F.);
#7784=ORIENTED_EDGE('',*,*,#5590,.F.);
#7785=ORIENTED_EDGE('',*,*,#5587,.F.);
#7786=ORIENTED_EDGE('',*,*,#5584,.F.);
#7787=ORIENTED_EDGE('',*,*,#5581,.F.);
#7788=ORIENTED_EDGE('',*,*,#5578,.F.);
#7789=ORIENTED_EDGE('',*,*,#5575,.F.);
#7790=ORIENTED_EDGE('',*,*,#5572,.F.);
#7791=ORIENTED_EDGE('',*,*,#5569,.F.);
#7792=ORIENTED_EDGE('',*,*,#5566,.F.);
#7793=ORIENTED_EDGE('',*,*,#5563,.F.);
#7794=ORIENTED_EDGE('',*,*,#5560,.F.);
#7795=ORIENTED_EDGE('',*,*,#5557,.F.);
#7796=ORIENTED_EDGE('',*,*,#5554,.F.);
#7797=ORIENTED_EDGE('',*,*,#5551,.F.);
#7798=ORIENTED_EDGE('',*,*,#5548,.F.);
#7799=ORIENTED_EDGE('',*,*,#5545,.F.);
#7800=ORIENTED_EDGE('',*,*,#5542,.F.);
#7801=ORIENTED_EDGE('',*,*,#5539,.F.);
#7802=ORIENTED_EDGE('',*,*,#5536,.F.);
#7803=ORIENTED_EDGE('',*,*,#5604,.F.);
#7804=ORIENTED_EDGE('',*,*,#5605,.F.);
#7805=ORIENTED_EDGE('',*,*,#5606,.T.);
#7806=ORIENTED_EDGE('',*,*,#5607,.T.);
#7807=ORIENTED_EDGE('',*,*,#5608,.F.);
#7808=ORIENTED_EDGE('',*,*,#5609,.F.);
#7809=ORIENTED_EDGE('',*,*,#5610,.T.);
#7810=ORIENTED_EDGE('',*,*,#5605,.T.);
#7811=ORIENTED_EDGE('',*,*,#5611,.F.);
#7812=ORIENTED_EDGE('',*,*,#5612,.F.);
#7813=ORIENTED_EDGE('',*,*,#5613,.T.);
#7814=ORIENTED_EDGE('',*,*,#5609,.T.);
#7815=ORIENTED_EDGE('',*,*,#5614,.F.);
#7816=ORIENTED_EDGE('',*,*,#5615,.F.);
#7817=ORIENTED_EDGE('',*,*,#5616,.T.);
#7818=ORIENTED_EDGE('',*,*,#5612,.T.);
#7819=ORIENTED_EDGE('',*,*,#5617,.F.);
#7820=ORIENTED_EDGE('',*,*,#5618,.F.);
#7821=ORIENTED_EDGE('',*,*,#5619,.T.);
#7822=ORIENTED_EDGE('',*,*,#5615,.T.);
#7823=ORIENTED_EDGE('',*,*,#5620,.F.);
#7824=ORIENTED_EDGE('',*,*,#5621,.F.);
#7825=ORIENTED_EDGE('',*,*,#5622,.T.);
#7826=ORIENTED_EDGE('',*,*,#5618,.T.);
#7827=ORIENTED_EDGE('',*,*,#5623,.F.);
#7828=ORIENTED_EDGE('',*,*,#5624,.F.);
#7829=ORIENTED_EDGE('',*,*,#5625,.T.);
#7830=ORIENTED_EDGE('',*,*,#5621,.T.);
#7831=ORIENTED_EDGE('',*,*,#5626,.F.);
#7832=ORIENTED_EDGE('',*,*,#5627,.F.);
#7833=ORIENTED_EDGE('',*,*,#5628,.T.);
#7834=ORIENTED_EDGE('',*,*,#5624,.T.);
#7835=ORIENTED_EDGE('',*,*,#5629,.F.);
#7836=ORIENTED_EDGE('',*,*,#5630,.F.);
#7837=ORIENTED_EDGE('',*,*,#5631,.T.);
#7838=ORIENTED_EDGE('',*,*,#5627,.T.);
#7839=ORIENTED_EDGE('',*,*,#5632,.F.);
#7840=ORIENTED_EDGE('',*,*,#5633,.F.);
#7841=ORIENTED_EDGE('',*,*,#5634,.T.);
#7842=ORIENTED_EDGE('',*,*,#5630,.T.);
#7843=ORIENTED_EDGE('',*,*,#5635,.F.);
#7844=ORIENTED_EDGE('',*,*,#5636,.F.);
#7845=ORIENTED_EDGE('',*,*,#5637,.T.);
#7846=ORIENTED_EDGE('',*,*,#5633,.T.);
#7847=ORIENTED_EDGE('',*,*,#5638,.F.);
#7848=ORIENTED_EDGE('',*,*,#5639,.F.);
#7849=ORIENTED_EDGE('',*,*,#5640,.T.);
#7850=ORIENTED_EDGE('',*,*,#5636,.T.);
#7851=ORIENTED_EDGE('',*,*,#5641,.F.);
#7852=ORIENTED_EDGE('',*,*,#5642,.F.);
#7853=ORIENTED_EDGE('',*,*,#5643,.T.);
#7854=ORIENTED_EDGE('',*,*,#5639,.T.);
#7855=ORIENTED_EDGE('',*,*,#5644,.F.);
#7856=ORIENTED_EDGE('',*,*,#5645,.F.);
#7857=ORIENTED_EDGE('',*,*,#5646,.T.);
#7858=ORIENTED_EDGE('',*,*,#5642,.T.);
#7859=ORIENTED_EDGE('',*,*,#5647,.F.);
#7860=ORIENTED_EDGE('',*,*,#5648,.F.);
#7861=ORIENTED_EDGE('',*,*,#5649,.T.);
#7862=ORIENTED_EDGE('',*,*,#5645,.T.);
#7863=ORIENTED_EDGE('',*,*,#5650,.F.);
#7864=ORIENTED_EDGE('',*,*,#5651,.F.);
#7865=ORIENTED_EDGE('',*,*,#5652,.T.);
#7866=ORIENTED_EDGE('',*,*,#5648,.T.);
#7867=ORIENTED_EDGE('',*,*,#5653,.F.);
#7868=ORIENTED_EDGE('',*,*,#5654,.F.);
#7869=ORIENTED_EDGE('',*,*,#5655,.T.);
#7870=ORIENTED_EDGE('',*,*,#5651,.T.);
#7871=ORIENTED_EDGE('',*,*,#5656,.F.);
#7872=ORIENTED_EDGE('',*,*,#5657,.F.);
#7873=ORIENTED_EDGE('',*,*,#5658,.T.);
#7874=ORIENTED_EDGE('',*,*,#5654,.T.);
#7875=ORIENTED_EDGE('',*,*,#5659,.F.);
#7876=ORIENTED_EDGE('',*,*,#5660,.F.);
#7877=ORIENTED_EDGE('',*,*,#5661,.T.);
#7878=ORIENTED_EDGE('',*,*,#5657,.T.);
#7879=ORIENTED_EDGE('',*,*,#5662,.F.);
#7880=ORIENTED_EDGE('',*,*,#5663,.F.);
#7881=ORIENTED_EDGE('',*,*,#5664,.T.);
#7882=ORIENTED_EDGE('',*,*,#5660,.T.);
#7883=ORIENTED_EDGE('',*,*,#5665,.F.);
#7884=ORIENTED_EDGE('',*,*,#5666,.F.);
#7885=ORIENTED_EDGE('',*,*,#5667,.T.);
#7886=ORIENTED_EDGE('',*,*,#5663,.T.);
#7887=ORIENTED_EDGE('',*,*,#5668,.F.);
#7888=ORIENTED_EDGE('',*,*,#5669,.F.);
#7889=ORIENTED_EDGE('',*,*,#5670,.T.);
#7890=ORIENTED_EDGE('',*,*,#5666,.T.);
#7891=ORIENTED_EDGE('',*,*,#5671,.F.);
#7892=ORIENTED_EDGE('',*,*,#5672,.F.);
#7893=ORIENTED_EDGE('',*,*,#5673,.T.);
#7894=ORIENTED_EDGE('',*,*,#5669,.T.);
#7895=ORIENTED_EDGE('',*,*,#5674,.F.);
#7896=ORIENTED_EDGE('',*,*,#5675,.F.);
#7897=ORIENTED_EDGE('',*,*,#5676,.T.);
#7898=ORIENTED_EDGE('',*,*,#5672,.T.);
#7899=ORIENTED_EDGE('',*,*,#5677,.F.);
#7900=ORIENTED_EDGE('',*,*,#5678,.F.);
#7901=ORIENTED_EDGE('',*,*,#5679,.T.);
#7902=ORIENTED_EDGE('',*,*,#5675,.T.);
#7903=ORIENTED_EDGE('',*,*,#5680,.F.);
#7904=ORIENTED_EDGE('',*,*,#5681,.F.);
#7905=ORIENTED_EDGE('',*,*,#5682,.T.);
#7906=ORIENTED_EDGE('',*,*,#5678,.T.);
#7907=ORIENTED_EDGE('',*,*,#5683,.F.);
#7908=ORIENTED_EDGE('',*,*,#5684,.F.);
#7909=ORIENTED_EDGE('',*,*,#5685,.T.);
#7910=ORIENTED_EDGE('',*,*,#5681,.T.);
#7911=ORIENTED_EDGE('',*,*,#5686,.F.);
#7912=ORIENTED_EDGE('',*,*,#5687,.F.);
#7913=ORIENTED_EDGE('',*,*,#5688,.T.);
#7914=ORIENTED_EDGE('',*,*,#5684,.T.);
#7915=ORIENTED_EDGE('',*,*,#5689,.F.);
#7916=ORIENTED_EDGE('',*,*,#5690,.F.);
#7917=ORIENTED_EDGE('',*,*,#5691,.T.);
#7918=ORIENTED_EDGE('',*,*,#5687,.T.);
#7919=ORIENTED_EDGE('',*,*,#5692,.F.);
#7920=ORIENTED_EDGE('',*,*,#5693,.F.);
#7921=ORIENTED_EDGE('',*,*,#5694,.T.);
#7922=ORIENTED_EDGE('',*,*,#5690,.T.);
#7923=ORIENTED_EDGE('',*,*,#5695,.F.);
#7924=ORIENTED_EDGE('',*,*,#5696,.F.);
#7925=ORIENTED_EDGE('',*,*,#5697,.T.);
#7926=ORIENTED_EDGE('',*,*,#5693,.T.);
#7927=ORIENTED_EDGE('',*,*,#5698,.F.);
#7928=ORIENTED_EDGE('',*,*,#5699,.F.);
#7929=ORIENTED_EDGE('',*,*,#5700,.T.);
#7930=ORIENTED_EDGE('',*,*,#5696,.T.);
#7931=ORIENTED_EDGE('',*,*,#5701,.F.);
#7932=ORIENTED_EDGE('',*,*,#5702,.F.);
#7933=ORIENTED_EDGE('',*,*,#5703,.T.);
#7934=ORIENTED_EDGE('',*,*,#5699,.T.);
#7935=ORIENTED_EDGE('',*,*,#5704,.F.);
#7936=ORIENTED_EDGE('',*,*,#5705,.F.);
#7937=ORIENTED_EDGE('',*,*,#5706,.T.);
#7938=ORIENTED_EDGE('',*,*,#5702,.T.);
#7939=ORIENTED_EDGE('',*,*,#5707,.F.);
#7940=ORIENTED_EDGE('',*,*,#5708,.F.);
#7941=ORIENTED_EDGE('',*,*,#5709,.T.);
#7942=ORIENTED_EDGE('',*,*,#5705,.T.);
#7943=ORIENTED_EDGE('',*,*,#5710,.F.);
#7944=ORIENTED_EDGE('',*,*,#5711,.F.);
#7945=ORIENTED_EDGE('',*,*,#5712,.T.);
#7946=ORIENTED_EDGE('',*,*,#5708,.T.);
#7947=ORIENTED_EDGE('',*,*,#5713,.F.);
#7948=ORIENTED_EDGE('',*,*,#5714,.F.);
#7949=ORIENTED_EDGE('',*,*,#5715,.T.);
#7950=ORIENTED_EDGE('',*,*,#5711,.T.);
#7951=ORIENTED_EDGE('',*,*,#5716,.F.);
#7952=ORIENTED_EDGE('',*,*,#5717,.F.);
#7953=ORIENTED_EDGE('',*,*,#5718,.T.);
#7954=ORIENTED_EDGE('',*,*,#5714,.T.);
#7955=ORIENTED_EDGE('',*,*,#5719,.F.);
#7956=ORIENTED_EDGE('',*,*,#5720,.F.);
#7957=ORIENTED_EDGE('',*,*,#5721,.T.);
#7958=ORIENTED_EDGE('',*,*,#5717,.T.);
#7959=ORIENTED_EDGE('',*,*,#5722,.F.);
#7960=ORIENTED_EDGE('',*,*,#5723,.F.);
#7961=ORIENTED_EDGE('',*,*,#5724,.T.);
#7962=ORIENTED_EDGE('',*,*,#5720,.T.);
#7963=ORIENTED_EDGE('',*,*,#5725,.F.);
#7964=ORIENTED_EDGE('',*,*,#5726,.F.);
#7965=ORIENTED_EDGE('',*,*,#5727,.T.);
#7966=ORIENTED_EDGE('',*,*,#5723,.T.);
#7967=ORIENTED_EDGE('',*,*,#5728,.F.);
#7968=ORIENTED_EDGE('',*,*,#5729,.F.);
#7969=ORIENTED_EDGE('',*,*,#5730,.T.);
#7970=ORIENTED_EDGE('',*,*,#5726,.T.);
#7971=ORIENTED_EDGE('',*,*,#5731,.F.);
#7972=ORIENTED_EDGE('',*,*,#5732,.F.);
#7973=ORIENTED_EDGE('',*,*,#5733,.T.);
#7974=ORIENTED_EDGE('',*,*,#5729,.T.);
#7975=ORIENTED_EDGE('',*,*,#5734,.F.);
#7976=ORIENTED_EDGE('',*,*,#5735,.F.);
#7977=ORIENTED_EDGE('',*,*,#5736,.T.);
#7978=ORIENTED_EDGE('',*,*,#5732,.T.);
#7979=ORIENTED_EDGE('',*,*,#5737,.F.);
#7980=ORIENTED_EDGE('',*,*,#5738,.F.);
#7981=ORIENTED_EDGE('',*,*,#5739,.T.);
#7982=ORIENTED_EDGE('',*,*,#5735,.T.);
#7983=ORIENTED_EDGE('',*,*,#5740,.F.);
#7984=ORIENTED_EDGE('',*,*,#5741,.F.);
#7985=ORIENTED_EDGE('',*,*,#5742,.T.);
#7986=ORIENTED_EDGE('',*,*,#5738,.T.);
#7987=ORIENTED_EDGE('',*,*,#5743,.F.);
#7988=ORIENTED_EDGE('',*,*,#5744,.F.);
#7989=ORIENTED_EDGE('',*,*,#5745,.T.);
#7990=ORIENTED_EDGE('',*,*,#5741,.T.);
#7991=ORIENTED_EDGE('',*,*,#5746,.F.);
#7992=ORIENTED_EDGE('',*,*,#5747,.F.);
#7993=ORIENTED_EDGE('',*,*,#5748,.T.);
#7994=ORIENTED_EDGE('',*,*,#5744,.T.);
#7995=ORIENTED_EDGE('',*,*,#5749,.F.);
#7996=ORIENTED_EDGE('',*,*,#5750,.F.);
#7997=ORIENTED_EDGE('',*,*,#5751,.T.);
#7998=ORIENTED_EDGE('',*,*,#5747,.T.);
#7999=ORIENTED_EDGE('',*,*,#5752,.F.);
#8000=ORIENTED_EDGE('',*,*,#5753,.F.);
#8001=ORIENTED_EDGE('',*,*,#5754,.T.);
#8002=ORIENTED_EDGE('',*,*,#5750,.T.);
#8003=ORIENTED_EDGE('',*,*,#5755,.F.);
#8004=ORIENTED_EDGE('',*,*,#5756,.F.);
#8005=ORIENTED_EDGE('',*,*,#5757,.T.);
#8006=ORIENTED_EDGE('',*,*,#5753,.T.);
#8007=ORIENTED_EDGE('',*,*,#5758,.F.);
#8008=ORIENTED_EDGE('',*,*,#5759,.F.);
#8009=ORIENTED_EDGE('',*,*,#5760,.T.);
#8010=ORIENTED_EDGE('',*,*,#5756,.T.);
#8011=ORIENTED_EDGE('',*,*,#5761,.F.);
#8012=ORIENTED_EDGE('',*,*,#5762,.F.);
#8013=ORIENTED_EDGE('',*,*,#5763,.T.);
#8014=ORIENTED_EDGE('',*,*,#5759,.T.);
#8015=ORIENTED_EDGE('',*,*,#5764,.F.);
#8016=ORIENTED_EDGE('',*,*,#5765,.F.);
#8017=ORIENTED_EDGE('',*,*,#5766,.T.);
#8018=ORIENTED_EDGE('',*,*,#5762,.T.);
#8019=ORIENTED_EDGE('',*,*,#5767,.F.);
#8020=ORIENTED_EDGE('',*,*,#5768,.F.);
#8021=ORIENTED_EDGE('',*,*,#5769,.T.);
#8022=ORIENTED_EDGE('',*,*,#5765,.T.);
#8023=ORIENTED_EDGE('',*,*,#5770,.F.);
#8024=ORIENTED_EDGE('',*,*,#5771,.F.);
#8025=ORIENTED_EDGE('',*,*,#5772,.T.);
#8026=ORIENTED_EDGE('',*,*,#5768,.T.);
#8027=ORIENTED_EDGE('',*,*,#5773,.F.);
#8028=ORIENTED_EDGE('',*,*,#5774,.F.);
#8029=ORIENTED_EDGE('',*,*,#5775,.T.);
#8030=ORIENTED_EDGE('',*,*,#5771,.T.);
#8031=ORIENTED_EDGE('',*,*,#5776,.F.);
#8032=ORIENTED_EDGE('',*,*,#5777,.F.);
#8033=ORIENTED_EDGE('',*,*,#5778,.T.);
#8034=ORIENTED_EDGE('',*,*,#5774,.T.);
#8035=ORIENTED_EDGE('',*,*,#5779,.F.);
#8036=ORIENTED_EDGE('',*,*,#5780,.F.);
#8037=ORIENTED_EDGE('',*,*,#5781,.T.);
#8038=ORIENTED_EDGE('',*,*,#5777,.T.);
#8039=ORIENTED_EDGE('',*,*,#5782,.F.);
#8040=ORIENTED_EDGE('',*,*,#5783,.F.);
#8041=ORIENTED_EDGE('',*,*,#5784,.T.);
#8042=ORIENTED_EDGE('',*,*,#5780,.T.);
#8043=ORIENTED_EDGE('',*,*,#5785,.F.);
#8044=ORIENTED_EDGE('',*,*,#5786,.F.);
#8045=ORIENTED_EDGE('',*,*,#5787,.T.);
#8046=ORIENTED_EDGE('',*,*,#5783,.T.);
#8047=ORIENTED_EDGE('',*,*,#5788,.F.);
#8048=ORIENTED_EDGE('',*,*,#5789,.F.);
#8049=ORIENTED_EDGE('',*,*,#5790,.T.);
#8050=ORIENTED_EDGE('',*,*,#5786,.T.);
#8051=ORIENTED_EDGE('',*,*,#5791,.F.);
#8052=ORIENTED_EDGE('',*,*,#5792,.F.);
#8053=ORIENTED_EDGE('',*,*,#5793,.T.);
#8054=ORIENTED_EDGE('',*,*,#5789,.T.);
#8055=ORIENTED_EDGE('',*,*,#5794,.F.);
#8056=ORIENTED_EDGE('',*,*,#5607,.F.);
#8057=ORIENTED_EDGE('',*,*,#5795,.T.);
#8058=ORIENTED_EDGE('',*,*,#5792,.T.);
#8059=ORIENTED_EDGE('',*,*,#5606,.F.);
#8060=ORIENTED_EDGE('',*,*,#5610,.F.);
#8061=ORIENTED_EDGE('',*,*,#5613,.F.);
#8062=ORIENTED_EDGE('',*,*,#5616,.F.);
#8063=ORIENTED_EDGE('',*,*,#5619,.F.);
#8064=ORIENTED_EDGE('',*,*,#5622,.F.);
#8065=ORIENTED_EDGE('',*,*,#5625,.F.);
#8066=ORIENTED_EDGE('',*,*,#5628,.F.);
#8067=ORIENTED_EDGE('',*,*,#5631,.F.);
#8068=ORIENTED_EDGE('',*,*,#5634,.F.);
#8069=ORIENTED_EDGE('',*,*,#5637,.F.);
#8070=ORIENTED_EDGE('',*,*,#5640,.F.);
#8071=ORIENTED_EDGE('',*,*,#5643,.F.);
#8072=ORIENTED_EDGE('',*,*,#5646,.F.);
#8073=ORIENTED_EDGE('',*,*,#5649,.F.);
#8074=ORIENTED_EDGE('',*,*,#5652,.F.);
#8075=ORIENTED_EDGE('',*,*,#5655,.F.);
#8076=ORIENTED_EDGE('',*,*,#5658,.F.);
#8077=ORIENTED_EDGE('',*,*,#5661,.F.);
#8078=ORIENTED_EDGE('',*,*,#5664,.F.);
#8079=ORIENTED_EDGE('',*,*,#5667,.F.);
#8080=ORIENTED_EDGE('',*,*,#5670,.F.);
#8081=ORIENTED_EDGE('',*,*,#5673,.F.);
#8082=ORIENTED_EDGE('',*,*,#5676,.F.);
#8083=ORIENTED_EDGE('',*,*,#5679,.F.);
#8084=ORIENTED_EDGE('',*,*,#5682,.F.);
#8085=ORIENTED_EDGE('',*,*,#5685,.F.);
#8086=ORIENTED_EDGE('',*,*,#5688,.F.);
#8087=ORIENTED_EDGE('',*,*,#5691,.F.);
#8088=ORIENTED_EDGE('',*,*,#5694,.F.);
#8089=ORIENTED_EDGE('',*,*,#5697,.F.);
#8090=ORIENTED_EDGE('',*,*,#5700,.F.);
#8091=ORIENTED_EDGE('',*,*,#5703,.F.);
#8092=ORIENTED_EDGE('',*,*,#5706,.F.);
#8093=ORIENTED_EDGE('',*,*,#5709,.F.);
#8094=ORIENTED_EDGE('',*,*,#5712,.F.);
#8095=ORIENTED_EDGE('',*,*,#5715,.F.);
#8096=ORIENTED_EDGE('',*,*,#5718,.F.);
#8097=ORIENTED_EDGE('',*,*,#5721,.F.);
#8098=ORIENTED_EDGE('',*,*,#5724,.F.);
#8099=ORIENTED_EDGE('',*,*,#5727,.F.);
#8100=ORIENTED_EDGE('',*,*,#5730,.F.);
#8101=ORIENTED_EDGE('',*,*,#5733,.F.);
#8102=ORIENTED_EDGE('',*,*,#5736,.F.);
#8103=ORIENTED_EDGE('',*,*,#5739,.F.);
#8104=ORIENTED_EDGE('',*,*,#5742,.F.);
#8105=ORIENTED_EDGE('',*,*,#5745,.F.);
#8106=ORIENTED_EDGE('',*,*,#5748,.F.);
#8107=ORIENTED_EDGE('',*,*,#5751,.F.);
#8108=ORIENTED_EDGE('',*,*,#5754,.F.);
#8109=ORIENTED_EDGE('',*,*,#5757,.F.);
#8110=ORIENTED_EDGE('',*,*,#5760,.F.);
#8111=ORIENTED_EDGE('',*,*,#5763,.F.);
#8112=ORIENTED_EDGE('',*,*,#5766,.F.);
#8113=ORIENTED_EDGE('',*,*,#5769,.F.);
#8114=ORIENTED_EDGE('',*,*,#5772,.F.);
#8115=ORIENTED_EDGE('',*,*,#5775,.F.);
#8116=ORIENTED_EDGE('',*,*,#5778,.F.);
#8117=ORIENTED_EDGE('',*,*,#5781,.F.);
#8118=ORIENTED_EDGE('',*,*,#5784,.F.);
#8119=ORIENTED_EDGE('',*,*,#5787,.F.);
#8120=ORIENTED_EDGE('',*,*,#5790,.F.);
#8121=ORIENTED_EDGE('',*,*,#5793,.F.);
#8122=ORIENTED_EDGE('',*,*,#5795,.F.);
#8123=ORIENTED_EDGE('',*,*,#5796,.T.);
#8124=ORIENTED_EDGE('',*,*,#5797,.T.);
#8125=ORIENTED_EDGE('',*,*,#5798,.T.);
#8126=ORIENTED_EDGE('',*,*,#5799,.T.);
#8127=ORIENTED_EDGE('',*,*,#5800,.T.);
#8128=ORIENTED_EDGE('',*,*,#5801,.T.);
#8129=ORIENTED_EDGE('',*,*,#5802,.T.);
#8130=ORIENTED_EDGE('',*,*,#5803,.T.);
#8131=ORIENTED_EDGE('',*,*,#5804,.T.);
#8132=ORIENTED_EDGE('',*,*,#5805,.T.);
#8133=ORIENTED_EDGE('',*,*,#5806,.T.);
#8134=ORIENTED_EDGE('',*,*,#5807,.T.);
#8135=ORIENTED_EDGE('',*,*,#5808,.T.);
#8136=ORIENTED_EDGE('',*,*,#5809,.T.);
#8137=ORIENTED_EDGE('',*,*,#5810,.T.);
#8138=ORIENTED_EDGE('',*,*,#5811,.T.);
#8139=ORIENTED_EDGE('',*,*,#5812,.T.);
#8140=ORIENTED_EDGE('',*,*,#5813,.T.);
#8141=ORIENTED_EDGE('',*,*,#5814,.T.);
#8142=ORIENTED_EDGE('',*,*,#5815,.T.);
#8143=ORIENTED_EDGE('',*,*,#5816,.T.);
#8144=ORIENTED_EDGE('',*,*,#5604,.T.);
#8145=ORIENTED_EDGE('',*,*,#5794,.T.);
#8146=ORIENTED_EDGE('',*,*,#5791,.T.);
#8147=ORIENTED_EDGE('',*,*,#5788,.T.);
#8148=ORIENTED_EDGE('',*,*,#5785,.T.);
#8149=ORIENTED_EDGE('',*,*,#5782,.T.);
#8150=ORIENTED_EDGE('',*,*,#5779,.T.);
#8151=ORIENTED_EDGE('',*,*,#5776,.T.);
#8152=ORIENTED_EDGE('',*,*,#5773,.T.);
#8153=ORIENTED_EDGE('',*,*,#5770,.T.);
#8154=ORIENTED_EDGE('',*,*,#5767,.T.);
#8155=ORIENTED_EDGE('',*,*,#5764,.T.);
#8156=ORIENTED_EDGE('',*,*,#5761,.T.);
#8157=ORIENTED_EDGE('',*,*,#5758,.T.);
#8158=ORIENTED_EDGE('',*,*,#5755,.T.);
#8159=ORIENTED_EDGE('',*,*,#5752,.T.);
#8160=ORIENTED_EDGE('',*,*,#5749,.T.);
#8161=ORIENTED_EDGE('',*,*,#5746,.T.);
#8162=ORIENTED_EDGE('',*,*,#5743,.T.);
#8163=ORIENTED_EDGE('',*,*,#5740,.T.);
#8164=ORIENTED_EDGE('',*,*,#5737,.T.);
#8165=ORIENTED_EDGE('',*,*,#5734,.T.);
#8166=ORIENTED_EDGE('',*,*,#5731,.T.);
#8167=ORIENTED_EDGE('',*,*,#5728,.T.);
#8168=ORIENTED_EDGE('',*,*,#5725,.T.);
#8169=ORIENTED_EDGE('',*,*,#5722,.T.);
#8170=ORIENTED_EDGE('',*,*,#5719,.T.);
#8171=ORIENTED_EDGE('',*,*,#5716,.T.);
#8172=ORIENTED_EDGE('',*,*,#5713,.T.);
#8173=ORIENTED_EDGE('',*,*,#5710,.T.);
#8174=ORIENTED_EDGE('',*,*,#5707,.T.);
#8175=ORIENTED_EDGE('',*,*,#5704,.T.);
#8176=ORIENTED_EDGE('',*,*,#5701,.T.);
#8177=ORIENTED_EDGE('',*,*,#5698,.T.);
#8178=ORIENTED_EDGE('',*,*,#5695,.T.);
#8179=ORIENTED_EDGE('',*,*,#5692,.T.);
#8180=ORIENTED_EDGE('',*,*,#5689,.T.);
#8181=ORIENTED_EDGE('',*,*,#5686,.T.);
#8182=ORIENTED_EDGE('',*,*,#5683,.T.);
#8183=ORIENTED_EDGE('',*,*,#5680,.T.);
#8184=ORIENTED_EDGE('',*,*,#5677,.T.);
#8185=ORIENTED_EDGE('',*,*,#5674,.T.);
#8186=ORIENTED_EDGE('',*,*,#5671,.T.);
#8187=ORIENTED_EDGE('',*,*,#5668,.T.);
#8188=ORIENTED_EDGE('',*,*,#5665,.T.);
#8189=ORIENTED_EDGE('',*,*,#5662,.T.);
#8190=ORIENTED_EDGE('',*,*,#5659,.T.);
#8191=ORIENTED_EDGE('',*,*,#5656,.T.);
#8192=ORIENTED_EDGE('',*,*,#5653,.T.);
#8193=ORIENTED_EDGE('',*,*,#5650,.T.);
#8194=ORIENTED_EDGE('',*,*,#5647,.T.);
#8195=ORIENTED_EDGE('',*,*,#5644,.T.);
#8196=ORIENTED_EDGE('',*,*,#5641,.T.);
#8197=ORIENTED_EDGE('',*,*,#5638,.T.);
#8198=ORIENTED_EDGE('',*,*,#5635,.T.);
#8199=ORIENTED_EDGE('',*,*,#5632,.T.);
#8200=ORIENTED_EDGE('',*,*,#5629,.T.);
#8201=ORIENTED_EDGE('',*,*,#5626,.T.);
#8202=ORIENTED_EDGE('',*,*,#5623,.T.);
#8203=ORIENTED_EDGE('',*,*,#5620,.T.);
#8204=ORIENTED_EDGE('',*,*,#5617,.T.);
#8205=ORIENTED_EDGE('',*,*,#5614,.T.);
#8206=ORIENTED_EDGE('',*,*,#5611,.T.);
#8207=ORIENTED_EDGE('',*,*,#5608,.T.);
#8208=ORIENTED_EDGE('',*,*,#5817,.F.);
#8209=ORIENTED_EDGE('',*,*,#5818,.F.);
#8210=ORIENTED_EDGE('',*,*,#5819,.F.);
#8211=ORIENTED_EDGE('',*,*,#5820,.F.);
#8212=ORIENTED_EDGE('',*,*,#5821,.F.);
#8213=ORIENTED_EDGE('',*,*,#5822,.F.);
#8214=ORIENTED_EDGE('',*,*,#5823,.F.);
#8215=ORIENTED_EDGE('',*,*,#5824,.F.);
#8216=ORIENTED_EDGE('',*,*,#5825,.F.);
#8217=ORIENTED_EDGE('',*,*,#5826,.F.);
#8218=ORIENTED_EDGE('',*,*,#5827,.F.);
#8219=ORIENTED_EDGE('',*,*,#5828,.F.);
#8220=ORIENTED_EDGE('',*,*,#5829,.F.);
#8221=ORIENTED_EDGE('',*,*,#5830,.F.);
#8222=ORIENTED_EDGE('',*,*,#5831,.F.);
#8223=ORIENTED_EDGE('',*,*,#5832,.F.);
#8224=ORIENTED_EDGE('',*,*,#5833,.F.);
#8225=ORIENTED_EDGE('',*,*,#5834,.F.);
#8226=ORIENTED_EDGE('',*,*,#5835,.F.);
#8227=ORIENTED_EDGE('',*,*,#5836,.F.);
#8228=ORIENTED_EDGE('',*,*,#5837,.F.);
#8229=ORIENTED_EDGE('',*,*,#5816,.F.);
#8230=ORIENTED_EDGE('',*,*,#5838,.T.);
#8231=ORIENTED_EDGE('',*,*,#5837,.T.);
#8232=ORIENTED_EDGE('',*,*,#5838,.F.);
#8233=ORIENTED_EDGE('',*,*,#5832,.T.);
#8234=ORIENTED_EDGE('',*,*,#5839,.F.);
#8235=ORIENTED_EDGE('',*,*,#5812,.F.);
#8236=ORIENTED_EDGE('',*,*,#5840,.T.);
#8237=ORIENTED_EDGE('',*,*,#5833,.T.);
#8238=ORIENTED_EDGE('',*,*,#5840,.F.);
#8239=ORIENTED_EDGE('',*,*,#5811,.F.);
#8240=ORIENTED_EDGE('',*,*,#5841,.T.);
#8241=ORIENTED_EDGE('',*,*,#5834,.T.);
#8242=ORIENTED_EDGE('',*,*,#5841,.F.);
#8243=ORIENTED_EDGE('',*,*,#5815,.F.);
#8244=ORIENTED_EDGE('',*,*,#5842,.T.);
#8245=ORIENTED_EDGE('',*,*,#5835,.T.);
#8246=ORIENTED_EDGE('',*,*,#5842,.F.);
#8247=ORIENTED_EDGE('',*,*,#5814,.F.);
#8248=ORIENTED_EDGE('',*,*,#5843,.T.);
#8249=ORIENTED_EDGE('',*,*,#5836,.T.);
#8250=ORIENTED_EDGE('',*,*,#5843,.F.);
#8251=ORIENTED_EDGE('',*,*,#5813,.F.);
#8252=ORIENTED_EDGE('',*,*,#5839,.T.);
#8253=ORIENTED_EDGE('',*,*,#5827,.T.);
#8254=ORIENTED_EDGE('',*,*,#5844,.F.);
#8255=ORIENTED_EDGE('',*,*,#5807,.F.);
#8256=ORIENTED_EDGE('',*,*,#5845,.T.);
#8257=ORIENTED_EDGE('',*,*,#5828,.T.);
#8258=ORIENTED_EDGE('',*,*,#5845,.F.);
#8259=ORIENTED_EDGE('',*,*,#5806,.F.);
#8260=ORIENTED_EDGE('',*,*,#5846,.T.);
#8261=ORIENTED_EDGE('',*,*,#5829,.T.);
#8262=ORIENTED_EDGE('',*,*,#5846,.F.);
#8263=ORIENTED_EDGE('',*,*,#5810,.F.);
#8264=ORIENTED_EDGE('',*,*,#5847,.T.);
#8265=ORIENTED_EDGE('',*,*,#5830,.T.);
#8266=ORIENTED_EDGE('',*,*,#5847,.F.);
#8267=ORIENTED_EDGE('',*,*,#5809,.F.);
#8268=ORIENTED_EDGE('',*,*,#5848,.T.);
#8269=ORIENTED_EDGE('',*,*,#5831,.T.);
#8270=ORIENTED_EDGE('',*,*,#5848,.F.);
#8271=ORIENTED_EDGE('',*,*,#5808,.F.);
#8272=ORIENTED_EDGE('',*,*,#5844,.T.);
#8273=ORIENTED_EDGE('',*,*,#5822,.T.);
#8274=ORIENTED_EDGE('',*,*,#5849,.F.);
#8275=ORIENTED_EDGE('',*,*,#5802,.F.);
#8276=ORIENTED_EDGE('',*,*,#5850,.T.);
#8277=ORIENTED_EDGE('',*,*,#5823,.T.);
#8278=ORIENTED_EDGE('',*,*,#5850,.F.);
#8279=ORIENTED_EDGE('',*,*,#5801,.F.);
#8280=ORIENTED_EDGE('',*,*,#5851,.T.);
#8281=ORIENTED_EDGE('',*,*,#5824,.T.);
#8282=ORIENTED_EDGE('',*,*,#5851,.F.);
#8283=ORIENTED_EDGE('',*,*,#5805,.F.);
#8284=ORIENTED_EDGE('',*,*,#5852,.T.);
#8285=ORIENTED_EDGE('',*,*,#5825,.T.);
#8286=ORIENTED_EDGE('',*,*,#5852,.F.);
#8287=ORIENTED_EDGE('',*,*,#5804,.F.);
#8288=ORIENTED_EDGE('',*,*,#5853,.T.);
#8289=ORIENTED_EDGE('',*,*,#5826,.T.);
#8290=ORIENTED_EDGE('',*,*,#5853,.F.);
#8291=ORIENTED_EDGE('',*,*,#5803,.F.);
#8292=ORIENTED_EDGE('',*,*,#5849,.T.);
#8293=ORIENTED_EDGE('',*,*,#5817,.T.);
#8294=ORIENTED_EDGE('',*,*,#5854,.F.);
#8295=ORIENTED_EDGE('',*,*,#5797,.F.);
#8296=ORIENTED_EDGE('',*,*,#5855,.T.);
#8297=ORIENTED_EDGE('',*,*,#5818,.T.);
#8298=ORIENTED_EDGE('',*,*,#5855,.F.);
#8299=ORIENTED_EDGE('',*,*,#5796,.F.);
#8300=ORIENTED_EDGE('',*,*,#5856,.T.);
#8301=ORIENTED_EDGE('',*,*,#5819,.T.);
#8302=ORIENTED_EDGE('',*,*,#5856,.F.);
#8303=ORIENTED_EDGE('',*,*,#5800,.F.);
#8304=ORIENTED_EDGE('',*,*,#5857,.T.);
#8305=ORIENTED_EDGE('',*,*,#5820,.T.);
#8306=ORIENTED_EDGE('',*,*,#5857,.F.);
#8307=ORIENTED_EDGE('',*,*,#5799,.F.);
#8308=ORIENTED_EDGE('',*,*,#5858,.T.);
#8309=ORIENTED_EDGE('',*,*,#5821,.T.);
#8310=ORIENTED_EDGE('',*,*,#5858,.F.);
#8311=ORIENTED_EDGE('',*,*,#5798,.F.);
#8312=ORIENTED_EDGE('',*,*,#5854,.T.);
#8313=ORIENTED_EDGE('',*,*,#5859,.F.);
#8314=ORIENTED_EDGE('',*,*,#5860,.F.);
#8315=ORIENTED_EDGE('',*,*,#5861,.F.);
#8316=ORIENTED_EDGE('',*,*,#5862,.T.);
#8317=ORIENTED_EDGE('',*,*,#5863,.F.);
#8318=ORIENTED_EDGE('',*,*,#5864,.F.);
#8319=ORIENTED_EDGE('',*,*,#5865,.F.);
#8320=ORIENTED_EDGE('',*,*,#5860,.T.);
#8321=ORIENTED_EDGE('',*,*,#5866,.F.);
#8322=ORIENTED_EDGE('',*,*,#5867,.F.);
#8323=ORIENTED_EDGE('',*,*,#5868,.F.);
#8324=ORIENTED_EDGE('',*,*,#5864,.T.);
#8325=ORIENTED_EDGE('',*,*,#5869,.F.);
#8326=ORIENTED_EDGE('',*,*,#5870,.F.);
#8327=ORIENTED_EDGE('',*,*,#5871,.F.);
#8328=ORIENTED_EDGE('',*,*,#5867,.T.);
#8329=ORIENTED_EDGE('',*,*,#5872,.F.);
#8330=ORIENTED_EDGE('',*,*,#5873,.F.);
#8331=ORIENTED_EDGE('',*,*,#5874,.F.);
#8332=ORIENTED_EDGE('',*,*,#5870,.T.);
#8333=ORIENTED_EDGE('',*,*,#5875,.F.);
#8334=ORIENTED_EDGE('',*,*,#5876,.F.);
#8335=ORIENTED_EDGE('',*,*,#5877,.F.);
#8336=ORIENTED_EDGE('',*,*,#5873,.T.);
#8337=ORIENTED_EDGE('',*,*,#5878,.F.);
#8338=ORIENTED_EDGE('',*,*,#5879,.F.);
#8339=ORIENTED_EDGE('',*,*,#5880,.F.);
#8340=ORIENTED_EDGE('',*,*,#5876,.T.);
#8341=ORIENTED_EDGE('',*,*,#5881,.F.);
#8342=ORIENTED_EDGE('',*,*,#5862,.F.);
#8343=ORIENTED_EDGE('',*,*,#5882,.F.);
#8344=ORIENTED_EDGE('',*,*,#5879,.T.);
#8345=ORIENTED_EDGE('',*,*,#5861,.T.);
#8346=ORIENTED_EDGE('',*,*,#5865,.T.);
#8347=ORIENTED_EDGE('',*,*,#5868,.T.);
#8348=ORIENTED_EDGE('',*,*,#5871,.T.);
#8349=ORIENTED_EDGE('',*,*,#5874,.T.);
#8350=ORIENTED_EDGE('',*,*,#5877,.T.);
#8351=ORIENTED_EDGE('',*,*,#5880,.T.);
#8352=ORIENTED_EDGE('',*,*,#5882,.T.);
#8353=ORIENTED_EDGE('',*,*,#5883,.F.);
#8354=ORIENTED_EDGE('',*,*,#5884,.F.);
#8355=ORIENTED_EDGE('',*,*,#5885,.F.);
#8356=ORIENTED_EDGE('',*,*,#5886,.F.);
#8357=ORIENTED_EDGE('',*,*,#5887,.F.);
#8358=ORIENTED_EDGE('',*,*,#5888,.F.);
#8359=ORIENTED_EDGE('',*,*,#5889,.T.);
#8360=ORIENTED_EDGE('',*,*,#5887,.T.);
#8361=ORIENTED_EDGE('',*,*,#5889,.F.);
#8362=ORIENTED_EDGE('',*,*,#5888,.T.);
#8363=ORIENTED_EDGE('',*,*,#5890,.F.);
#8364=ORIENTED_EDGE('',*,*,#5891,.T.);
#8365=ORIENTED_EDGE('',*,*,#5886,.T.);
#8366=ORIENTED_EDGE('',*,*,#5891,.F.);
#8367=ORIENTED_EDGE('',*,*,#5890,.T.);
#8368=ORIENTED_EDGE('',*,*,#5892,.F.);
#8369=ORIENTED_EDGE('',*,*,#5893,.T.);
#8370=ORIENTED_EDGE('',*,*,#5885,.T.);
#8371=ORIENTED_EDGE('',*,*,#5893,.F.);
#8372=ORIENTED_EDGE('',*,*,#5892,.T.);
#8373=ORIENTED_EDGE('',*,*,#5894,.F.);
#8374=ORIENTED_EDGE('',*,*,#5895,.T.);
#8375=ORIENTED_EDGE('',*,*,#5884,.T.);
#8376=ORIENTED_EDGE('',*,*,#5895,.F.);
#8377=ORIENTED_EDGE('',*,*,#5894,.T.);
#8378=ORIENTED_EDGE('',*,*,#5883,.T.);
#8379=ORIENTED_EDGE('',*,*,#5896,.T.);
#8380=ORIENTED_EDGE('',*,*,#5897,.F.);
#8381=ORIENTED_EDGE('',*,*,#5896,.F.);
#8382=ORIENTED_EDGE('',*,*,#5897,.T.);
#8383=ORIENTED_EDGE('',*,*,#5898,.T.);
#8384=ORIENTED_EDGE('',*,*,#5898,.F.);
#8385=ORIENTED_EDGE('',*,*,#5899,.T.);
#8386=ORIENTED_EDGE('',*,*,#5900,.F.);
#8387=ORIENTED_EDGE('',*,*,#5899,.F.);
#8388=ORIENTED_EDGE('',*,*,#5900,.T.);
#8389=ORIENTED_EDGE('',*,*,#5863,.T.);
#8390=ORIENTED_EDGE('',*,*,#5859,.T.);
#8391=ORIENTED_EDGE('',*,*,#5881,.T.);
#8392=ORIENTED_EDGE('',*,*,#5878,.T.);
#8393=ORIENTED_EDGE('',*,*,#5875,.T.);
#8394=ORIENTED_EDGE('',*,*,#5872,.T.);
#8395=ORIENTED_EDGE('',*,*,#5869,.T.);
#8396=ORIENTED_EDGE('',*,*,#5866,.T.);
#8397=ORIENTED_EDGE('',*,*,#5901,.F.);
#8398=ORIENTED_EDGE('',*,*,#5902,.T.);
#8399=ORIENTED_EDGE('',*,*,#5903,.T.);
#8400=ORIENTED_EDGE('',*,*,#5902,.F.);
#8401=ORIENTED_EDGE('',*,*,#5904,.F.);
#8402=ORIENTED_EDGE('',*,*,#5905,.T.);
#8403=ORIENTED_EDGE('',*,*,#5906,.T.);
#8404=ORIENTED_EDGE('',*,*,#5905,.F.);
#8405=ORIENTED_EDGE('',*,*,#5907,.T.);
#8406=ORIENTED_EDGE('',*,*,#5908,.T.);
#8407=ORIENTED_EDGE('',*,*,#5909,.T.);
#8408=ORIENTED_EDGE('',*,*,#5910,.T.);
#8409=ORIENTED_EDGE('',*,*,#5911,.T.);
#8410=ORIENTED_EDGE('',*,*,#5912,.T.);
#8411=ORIENTED_EDGE('',*,*,#5913,.T.);
#8412=ORIENTED_EDGE('',*,*,#5914,.T.);
#8413=ORIENTED_EDGE('',*,*,#5915,.T.);
#8414=ORIENTED_EDGE('',*,*,#5916,.T.);
#8415=ORIENTED_EDGE('',*,*,#5917,.T.);
#8416=ORIENTED_EDGE('',*,*,#5918,.T.);
#8417=ORIENTED_EDGE('',*,*,#5919,.T.);
#8418=ORIENTED_EDGE('',*,*,#5920,.T.);
#8419=ORIENTED_EDGE('',*,*,#5921,.T.);
#8420=ORIENTED_EDGE('',*,*,#5922,.F.);
#8421=ORIENTED_EDGE('',*,*,#5920,.F.);
#8422=ORIENTED_EDGE('',*,*,#5923,.T.);
#8423=ORIENTED_EDGE('',*,*,#5924,.T.);
#8424=ORIENTED_EDGE('',*,*,#5925,.F.);
#8425=ORIENTED_EDGE('',*,*,#5926,.F.);
#8426=ORIENTED_EDGE('',*,*,#5907,.F.);
#8427=ORIENTED_EDGE('',*,*,#5922,.T.);
#8428=ORIENTED_EDGE('',*,*,#5927,.T.);
#8429=ORIENTED_EDGE('',*,*,#5928,.F.);
#8430=ORIENTED_EDGE('',*,*,#5929,.T.);
#8431=ORIENTED_EDGE('',*,*,#5930,.T.);
#8432=ORIENTED_EDGE('',*,*,#5931,.T.);
#8433=ORIENTED_EDGE('',*,*,#5932,.T.);
#8434=ORIENTED_EDGE('',*,*,#5933,.T.);
#8435=ORIENTED_EDGE('',*,*,#5934,.T.);
#8436=ORIENTED_EDGE('',*,*,#5935,.T.);
#8437=ORIENTED_EDGE('',*,*,#5936,.T.);
#8438=ORIENTED_EDGE('',*,*,#5937,.T.);
#8439=ORIENTED_EDGE('',*,*,#5925,.T.);
#8440=ORIENTED_EDGE('',*,*,#5938,.F.);
#8441=ORIENTED_EDGE('',*,*,#5939,.F.);
#8442=ORIENTED_EDGE('',*,*,#5940,.F.);
#8443=ORIENTED_EDGE('',*,*,#5941,.F.);
#8444=ORIENTED_EDGE('',*,*,#5942,.F.);
#8445=ORIENTED_EDGE('',*,*,#5943,.F.);
#8446=ORIENTED_EDGE('',*,*,#5944,.T.);
#8447=ORIENTED_EDGE('',*,*,#5945,.T.);
#8448=ORIENTED_EDGE('',*,*,#5946,.F.);
#8449=ORIENTED_EDGE('',*,*,#5909,.F.);
#8450=ORIENTED_EDGE('',*,*,#5947,.F.);
#8451=ORIENTED_EDGE('',*,*,#5928,.T.);
#8452=ORIENTED_EDGE('',*,*,#5948,.T.);
#8453=ORIENTED_EDGE('',*,*,#5949,.F.);
#8454=ORIENTED_EDGE('',*,*,#5910,.F.);
#8455=ORIENTED_EDGE('',*,*,#5946,.T.);
#8456=ORIENTED_EDGE('',*,*,#5950,.T.);
#8457=ORIENTED_EDGE('',*,*,#5951,.F.);
#8458=ORIENTED_EDGE('',*,*,#5911,.F.);
#8459=ORIENTED_EDGE('',*,*,#5949,.T.);
#8460=ORIENTED_EDGE('',*,*,#5952,.T.);
#8461=ORIENTED_EDGE('',*,*,#5953,.F.);
#8462=ORIENTED_EDGE('',*,*,#5912,.F.);
#8463=ORIENTED_EDGE('',*,*,#5951,.T.);
#8464=ORIENTED_EDGE('',*,*,#5954,.T.);
#8465=ORIENTED_EDGE('',*,*,#5955,.F.);
#8466=ORIENTED_EDGE('',*,*,#5913,.F.);
#8467=ORIENTED_EDGE('',*,*,#5953,.T.);
#8468=ORIENTED_EDGE('',*,*,#5956,.T.);
#8469=ORIENTED_EDGE('',*,*,#5957,.F.);
#8470=ORIENTED_EDGE('',*,*,#5914,.F.);
#8471=ORIENTED_EDGE('',*,*,#5955,.T.);
#8472=ORIENTED_EDGE('',*,*,#5958,.T.);
#8473=ORIENTED_EDGE('',*,*,#5959,.F.);
#8474=ORIENTED_EDGE('',*,*,#5915,.F.);
#8475=ORIENTED_EDGE('',*,*,#5957,.T.);
#8476=ORIENTED_EDGE('',*,*,#5906,.F.);
#8477=ORIENTED_EDGE('',*,*,#5903,.F.);
#8478=ORIENTED_EDGE('',*,*,#5960,.T.);
#8479=ORIENTED_EDGE('',*,*,#5961,.F.);
#8480=ORIENTED_EDGE('',*,*,#5916,.F.);
#8481=ORIENTED_EDGE('',*,*,#5959,.T.);
#8482=ORIENTED_EDGE('',*,*,#5962,.T.);
#8483=ORIENTED_EDGE('',*,*,#5963,.F.);
#8484=ORIENTED_EDGE('',*,*,#5917,.F.);
#8485=ORIENTED_EDGE('',*,*,#5961,.T.);
#8486=ORIENTED_EDGE('',*,*,#5964,.T.);
#8487=ORIENTED_EDGE('',*,*,#5965,.F.);
#8488=ORIENTED_EDGE('',*,*,#5918,.F.);
#8489=ORIENTED_EDGE('',*,*,#5963,.T.);
#8490=ORIENTED_EDGE('',*,*,#5966,.T.);
#8491=ORIENTED_EDGE('',*,*,#5923,.F.);
#8492=ORIENTED_EDGE('',*,*,#5919,.F.);
#8493=ORIENTED_EDGE('',*,*,#5965,.T.);
#8494=ORIENTED_EDGE('',*,*,#5921,.F.);
#8495=ORIENTED_EDGE('',*,*,#5966,.F.);
#8496=ORIENTED_EDGE('',*,*,#5964,.F.);
#8497=ORIENTED_EDGE('',*,*,#5962,.F.);
#8498=ORIENTED_EDGE('',*,*,#5960,.F.);
#8499=ORIENTED_EDGE('',*,*,#5958,.F.);
#8500=ORIENTED_EDGE('',*,*,#5956,.F.);
#8501=ORIENTED_EDGE('',*,*,#5954,.F.);
#8502=ORIENTED_EDGE('',*,*,#5952,.F.);
#8503=ORIENTED_EDGE('',*,*,#5950,.F.);
#8504=ORIENTED_EDGE('',*,*,#5948,.F.);
#8505=ORIENTED_EDGE('',*,*,#5945,.F.);
#8506=ORIENTED_EDGE('',*,*,#5927,.F.);
#8507=ORIENTED_EDGE('',*,*,#5924,.F.);
#8508=ORIENTED_EDGE('',*,*,#5967,.T.);
#8509=ORIENTED_EDGE('',*,*,#5926,.T.);
#8510=ORIENTED_EDGE('',*,*,#5937,.F.);
#8511=ORIENTED_EDGE('',*,*,#5968,.T.);
#8512=ORIENTED_EDGE('',*,*,#5929,.F.);
#8513=ORIENTED_EDGE('',*,*,#5947,.T.);
#8514=ORIENTED_EDGE('',*,*,#5969,.T.);
#8515=ORIENTED_EDGE('',*,*,#5970,.F.);
#8516=ORIENTED_EDGE('',*,*,#5971,.F.);
#8517=ORIENTED_EDGE('',*,*,#5972,.F.);
#8518=ORIENTED_EDGE('',*,*,#5973,.F.);
#8519=ORIENTED_EDGE('',*,*,#5974,.F.);
#8520=ORIENTED_EDGE('',*,*,#5975,.F.);
#8521=ORIENTED_EDGE('',*,*,#5976,.F.);
#8522=ORIENTED_EDGE('',*,*,#5977,.F.);
#8523=ORIENTED_EDGE('',*,*,#5969,.F.);
#8524=ORIENTED_EDGE('',*,*,#5908,.F.);
#8525=ORIENTED_EDGE('',*,*,#5967,.F.);
#8526=ORIENTED_EDGE('',*,*,#5978,.T.);
#8527=ORIENTED_EDGE('',*,*,#5979,.T.);
#8528=ORIENTED_EDGE('',*,*,#5980,.F.);
#8529=ORIENTED_EDGE('',*,*,#5981,.T.);
#8530=ORIENTED_EDGE('',*,*,#5982,.T.);
#8531=ORIENTED_EDGE('',*,*,#5971,.T.);
#8532=ORIENTED_EDGE('',*,*,#5968,.F.);
#8533=ORIENTED_EDGE('',*,*,#5936,.F.);
#8534=ORIENTED_EDGE('',*,*,#5983,.T.);
#8535=ORIENTED_EDGE('',*,*,#5977,.T.);
#8536=ORIENTED_EDGE('',*,*,#5984,.F.);
#8537=ORIENTED_EDGE('',*,*,#5930,.F.);
#8538=ORIENTED_EDGE('',*,*,#5970,.T.);
#8539=ORIENTED_EDGE('',*,*,#5976,.T.);
#8540=ORIENTED_EDGE('',*,*,#5985,.F.);
#8541=ORIENTED_EDGE('',*,*,#5931,.F.);
#8542=ORIENTED_EDGE('',*,*,#5984,.T.);
#8543=ORIENTED_EDGE('',*,*,#5975,.T.);
#8544=ORIENTED_EDGE('',*,*,#5986,.F.);
#8545=ORIENTED_EDGE('',*,*,#5932,.F.);
#8546=ORIENTED_EDGE('',*,*,#5985,.T.);
#8547=ORIENTED_EDGE('',*,*,#5974,.T.);
#8548=ORIENTED_EDGE('',*,*,#5987,.F.);
#8549=ORIENTED_EDGE('',*,*,#5933,.F.);
#8550=ORIENTED_EDGE('',*,*,#5986,.T.);
#8551=ORIENTED_EDGE('',*,*,#5973,.T.);
#8552=ORIENTED_EDGE('',*,*,#5988,.F.);
#8553=ORIENTED_EDGE('',*,*,#5934,.F.);
#8554=ORIENTED_EDGE('',*,*,#5987,.T.);
#8555=ORIENTED_EDGE('',*,*,#5972,.T.);
#8556=ORIENTED_EDGE('',*,*,#5983,.F.);
#8557=ORIENTED_EDGE('',*,*,#5935,.F.);
#8558=ORIENTED_EDGE('',*,*,#5988,.T.);
#8559=ORIENTED_EDGE('',*,*,#5938,.T.);
#8560=ORIENTED_EDGE('',*,*,#5989,.T.);
#8561=ORIENTED_EDGE('',*,*,#5982,.F.);
#8562=ORIENTED_EDGE('',*,*,#5989,.F.);
#8563=ORIENTED_EDGE('',*,*,#5939,.T.);
#8564=ORIENTED_EDGE('',*,*,#5990,.T.);
#8565=ORIENTED_EDGE('',*,*,#5978,.F.);
#8566=ORIENTED_EDGE('',*,*,#5990,.F.);
#8567=ORIENTED_EDGE('',*,*,#5940,.T.);
#8568=ORIENTED_EDGE('',*,*,#5991,.T.);
#8569=ORIENTED_EDGE('',*,*,#5981,.F.);
#8570=ORIENTED_EDGE('',*,*,#5991,.F.);
#8571=ORIENTED_EDGE('',*,*,#5941,.T.);
#8572=ORIENTED_EDGE('',*,*,#5992,.T.);
#8573=ORIENTED_EDGE('',*,*,#5979,.F.);
#8574=ORIENTED_EDGE('',*,*,#5992,.F.);
#8575=ORIENTED_EDGE('',*,*,#5993,.F.);
#8576=ORIENTED_EDGE('',*,*,#5994,.T.);
#8577=ORIENTED_EDGE('',*,*,#5980,.T.);
#8578=ORIENTED_EDGE('',*,*,#5994,.F.);
#8579=ORIENTED_EDGE('',*,*,#5993,.T.);
#8580=ORIENTED_EDGE('',*,*,#5995,.F.);
#8581=ORIENTED_EDGE('',*,*,#5944,.F.);
#8582=ORIENTED_EDGE('',*,*,#5996,.T.);
#8583=ORIENTED_EDGE('',*,*,#5995,.T.);
#8584=ORIENTED_EDGE('',*,*,#5996,.F.);
#8585=ORIENTED_EDGE('',*,*,#5997,.T.);
#8586=ORIENTED_EDGE('',*,*,#5904,.T.);
#8587=ORIENTED_EDGE('',*,*,#5997,.F.);
#8588=ORIENTED_EDGE('',*,*,#5998,.T.);
#8589=ORIENTED_EDGE('',*,*,#5943,.T.);
#8590=ORIENTED_EDGE('',*,*,#5998,.F.);
#8591=ORIENTED_EDGE('',*,*,#5999,.T.);
#8592=ORIENTED_EDGE('',*,*,#5901,.T.);
#8593=ORIENTED_EDGE('',*,*,#5999,.F.);
#8594=ORIENTED_EDGE('',*,*,#6000,.T.);
#8595=ORIENTED_EDGE('',*,*,#5942,.T.);
#8596=ORIENTED_EDGE('',*,*,#6000,.F.);
#8597=ORIENTED_EDGE('',*,*,#6001,.T.);
#8598=ORIENTED_EDGE('',*,*,#6002,.T.);
#8599=ORIENTED_EDGE('',*,*,#6003,.F.);
#8600=ORIENTED_EDGE('',*,*,#6002,.F.);
#8601=ORIENTED_EDGE('',*,*,#6003,.T.);
#8602=ORIENTED_EDGE('',*,*,#6004,.T.);
#8603=ORIENTED_EDGE('',*,*,#6005,.T.);
#8604=ORIENTED_EDGE('',*,*,#6006,.F.);
#8605=ORIENTED_EDGE('',*,*,#6005,.F.);
#8606=ORIENTED_EDGE('',*,*,#6006,.T.);
#8607=ORIENTED_EDGE('',*,*,#6007,.F.);
#8608=ORIENTED_EDGE('',*,*,#6008,.F.);
#8609=ORIENTED_EDGE('',*,*,#6004,.F.);
#8610=ORIENTED_EDGE('',*,*,#6001,.F.);
#8611=ORIENTED_EDGE('',*,*,#6007,.T.);
#8612=ORIENTED_EDGE('',*,*,#6009,.F.);
#8613=ORIENTED_EDGE('',*,*,#6010,.F.);
#8614=ORIENTED_EDGE('',*,*,#6011,.T.);
#8615=ORIENTED_EDGE('',*,*,#6008,.T.);
#8616=ORIENTED_EDGE('',*,*,#6011,.F.);
#8617=ORIENTED_EDGE('',*,*,#6012,.F.);
#8618=ORIENTED_EDGE('',*,*,#6009,.T.);
#8619=ORIENTED_EDGE('',*,*,#6010,.T.);
#8620=ORIENTED_EDGE('',*,*,#6012,.T.);
#8621=ORIENTED_EDGE('',*,*,#6013,.T.);
#8622=ORIENTED_EDGE('',*,*,#6014,.F.);
#8623=ORIENTED_EDGE('',*,*,#6015,.F.);
#8624=ORIENTED_EDGE('',*,*,#6016,.T.);
#8625=ORIENTED_EDGE('',*,*,#6015,.T.);
#8626=ORIENTED_EDGE('',*,*,#6017,.T.);
#8627=ORIENTED_EDGE('',*,*,#6013,.F.);
#8628=ORIENTED_EDGE('',*,*,#6017,.F.);
#8629=ORIENTED_EDGE('',*,*,#6014,.T.);
#8630=ORIENTED_EDGE('',*,*,#6018,.T.);
#8631=ORIENTED_EDGE('',*,*,#6016,.F.);
#8632=ORIENTED_EDGE('',*,*,#6018,.F.);
#8633=PLANE('',#9681);
#8634=PLANE('',#9684);
#8635=PLANE('',#9685);
#8636=PLANE('',#9688);
#8637=PLANE('',#9690);
#8638=PLANE('',#9693);
#8639=PLANE('',#9694);
#8640=PLANE('',#9695);
#8641=PLANE('',#9696);
#8642=PLANE('',#9697);
#8643=PLANE('',#9698);
#8644=PLANE('',#9699);
#8645=PLANE('',#9700);
#8646=PLANE('',#9701);
#8647=PLANE('',#9702);
#8648=PLANE('',#9703);
#8649=PLANE('',#9704);
#8650=PLANE('',#9705);
#8651=PLANE('',#9706);
#8652=PLANE('',#9707);
#8653=PLANE('',#9708);
#8654=PLANE('',#9709);
#8655=PLANE('',#9710);
#8656=PLANE('',#9711);
#8657=PLANE('',#9712);
#8658=PLANE('',#9713);
#8659=PLANE('',#9714);
#8660=PLANE('',#9715);
#8661=PLANE('',#9716);
#8662=PLANE('',#9717);
#8663=PLANE('',#9718);
#8664=PLANE('',#9721);
#8665=PLANE('',#9722);
#8666=PLANE('',#9723);
#8667=PLANE('',#9724);
#8668=PLANE('',#9725);
#8669=PLANE('',#9726);
#8670=PLANE('',#9727);
#8671=PLANE('',#9729);
#8672=PLANE('',#9730);
#8673=PLANE('',#9731);
#8674=PLANE('',#9732);
#8675=PLANE('',#9735);
#8676=PLANE('',#9736);
#8677=PLANE('',#9737);
#8678=PLANE('',#9739);
#8679=PLANE('',#9740);
#8680=PLANE('',#9741);
#8681=PLANE('',#9743);
#8682=PLANE('',#9745);
#8683=PLANE('',#9746);
#8684=PLANE('',#9747);
#8685=PLANE('',#9748);
#8686=PLANE('',#9749);
#8687=PLANE('',#9750);
#8688=PLANE('',#9751);
#8689=PLANE('',#9755);
#8690=PLANE('',#9759);
#8691=PLANE('',#9765);
#8692=PLANE('',#9769);
#8693=PLANE('',#9770);
#8694=PLANE('',#9771);
#8695=PLANE('',#9772);
#8696=PLANE('',#9781);
#8697=PLANE('',#9784);
#8698=PLANE('',#9785);
#8699=PLANE('',#9786);
#8700=PLANE('',#9787);
#8701=PLANE('',#9788);
#8702=PLANE('',#9789);
#8703=PLANE('',#9790);
#8704=PLANE('',#9791);
#8705=PLANE('',#9792);
#8706=PLANE('',#9793);
#8707=PLANE('',#9794);
#8708=PLANE('',#9795);
#8709=PLANE('',#9796);
#8710=PLANE('',#9797);
#8711=PLANE('',#9798);
#8712=PLANE('',#9800);
#8713=PLANE('',#9809);
#8714=PLANE('',#9819);
#8715=PLANE('',#9821);
#8716=PLANE('',#9823);
#8717=PLANE('',#9825);
#8718=PLANE('',#9830);
#8719=PLANE('',#9831);
#8720=PLANE('',#9832);
#8721=PLANE('',#9833);
#8722=PLANE('',#9834);
#8723=PLANE('',#9835);
#8724=PLANE('',#9836);
#8725=PLANE('',#9837);
#8726=PLANE('',#9838);
#8727=PLANE('',#9839);
#8728=PLANE('',#9840);
#8729=PLANE('',#9841);
#8730=PLANE('',#9842);
#8731=PLANE('',#9843);
#8732=PLANE('',#9844);
#8733=PLANE('',#9846);
#8734=PLANE('',#9847);
#8735=PLANE('',#9848);
#8736=PLANE('',#9849);
#8737=PLANE('',#9850);
#8738=PLANE('',#9851);
#8739=PLANE('',#9853);
#8740=PLANE('',#9854);
#8741=PLANE('',#9855);
#8742=PLANE('',#9856);
#8743=PLANE('',#9857);
#8744=PLANE('',#9858);
#8745=PLANE('',#9860);
#8746=PLANE('',#9865);
#8747=PLANE('',#9867);
#8748=PLANE('',#9869);
#8749=PLANE('',#9877);
#8750=PLANE('',#9879);
#8751=PLANE('',#9880);
#8752=PLANE('',#9881);
#8753=PLANE('',#9882);
#8754=PLANE('',#9883);
#8755=PLANE('',#9884);
#8756=PLANE('',#9886);
#8757=PLANE('',#9887);
#8758=PLANE('',#9888);
#8759=PLANE('',#9889);
#8760=PLANE('',#9890);
#8761=PLANE('',#9891);
#8762=PLANE('',#9892);
#8763=PLANE('',#9893);
#8764=PLANE('',#9894);
#8765=PLANE('',#9895);
#8766=PLANE('',#9896);
#8767=PLANE('',#9897);
#8768=PLANE('',#9898);
#8769=PLANE('',#9899);
#8770=PLANE('',#9901);
#8771=PLANE('',#9902);
#8772=PLANE('',#9903);
#8773=PLANE('',#9904);
#8774=PLANE('',#9905);
#8775=PLANE('',#9906);
#8776=PLANE('',#9907);
#8777=PLANE('',#9910);
#8778=PLANE('',#9911);
#8779=PLANE('',#9912);
#8780=PLANE('',#9913);
#8781=PLANE('',#9914);
#8782=PLANE('',#9915);
#8783=PLANE('',#9916);
#8784=PLANE('',#9917);
#8785=PLANE('',#9918);
#8786=PLANE('',#9919);
#8787=PLANE('',#9920);
#8788=PLANE('',#9921);
#8789=PLANE('',#9922);
#8790=PLANE('',#9941);
#8791=PLANE('',#9944);
#8792=PLANE('',#9947);
#8793=PLANE('',#9950);
#8794=PLANE('',#9951);
#8795=PLANE('',#9952);
#8796=PLANE('',#9953);
#8797=PLANE('',#9954);
#8798=PLANE('',#9955);
#8799=PLANE('',#9956);
#8800=PLANE('',#9958);
#8801=PLANE('',#9959);
#8802=PLANE('',#9961);
#8803=PLANE('',#9964);
#8804=PLANE('',#9967);
#8805=PLANE('',#9970);
#8806=PLANE('',#9973);
#8807=PLANE('',#9977);
#8808=PLANE('',#9978);
#8809=PLANE('',#9979);
#8810=PLANE('',#9981);
#8811=PLANE('',#9982);
#8812=PLANE('',#9983);
#8813=PLANE('',#9986);
#8814=PLANE('',#9987);
#8815=PLANE('',#9988);
#8816=PLANE('',#9989);
#8817=PLANE('',#9990);
#8818=PLANE('',#9991);
#8819=PLANE('',#9993);
#8820=PLANE('',#9994);
#8821=PLANE('',#9995);
#8822=PLANE('',#9996);
#8823=PLANE('',#9997);
#8824=PLANE('',#9998);
#8825=PLANE('',#9999);
#8826=PLANE('',#10000);
#8827=PLANE('',#10001);
#8828=PLANE('',#10002);
#8829=PLANE('',#10003);
#8830=PLANE('',#10004);
#8831=PLANE('',#10005);
#8832=PLANE('',#10006);
#8833=PLANE('',#10008);
#8834=PLANE('',#10009);
#8835=PLANE('',#10010);
#8836=PLANE('',#10011);
#8837=PLANE('',#10012);
#8838=PLANE('',#10013);
#8839=PLANE('',#10015);
#8840=PLANE('',#10016);
#8841=PLANE('',#10017);
#8842=PLANE('',#10019);
#8843=PLANE('',#10022);
#8844=PLANE('',#10023);
#8845=PLANE('',#10024);
#8846=PLANE('',#10025);
#8847=PLANE('',#10026);
#8848=PLANE('',#10027);
#8849=PLANE('',#10028);
#8850=PLANE('',#10029);
#8851=PLANE('',#10030);
#8852=PLANE('',#10031);
#8853=PLANE('',#10032);
#8854=PLANE('',#10033);
#8855=PLANE('',#10034);
#8856=PLANE('',#10035);
#8857=PLANE('',#10036);
#8858=PLANE('',#10037);
#8859=PLANE('',#10038);
#8860=PLANE('',#10039);
#8861=PLANE('',#10040);
#8862=PLANE('',#10041);
#8863=PLANE('',#10042);
#8864=PLANE('',#10043);
#8865=PLANE('',#10044);
#8866=PLANE('',#10046);
#8867=PLANE('',#10047);
#8868=PLANE('',#10049);
#8869=PLANE('',#10055);
#8870=PLANE('',#10059);
#8871=PLANE('',#10063);
#8872=PLANE('',#10064);
#8873=PLANE('',#10065);
#8874=PLANE('',#10066);
#8875=PLANE('',#10067);
#8876=PLANE('',#10068);
#8877=PLANE('',#10069);
#8878=PLANE('',#10070);
#8879=PLANE('',#10071);
#8880=PLANE('',#10072);
#8881=PLANE('',#10073);
#8882=PLANE('',#10074);
#8883=PLANE('',#10079);
#8884=PLANE('',#10080);
#8885=PLANE('',#10081);
#8886=PLANE('',#10082);
#8887=PLANE('',#10083);
#8888=PLANE('',#10084);
#8889=PLANE('',#10085);
#8890=PLANE('',#10086);
#8891=PLANE('',#10087);
#8892=PLANE('',#10088);
#8893=PLANE('',#10089);
#8894=PLANE('',#10090);
#8895=PLANE('',#10091);
#8896=PLANE('',#10092);
#8897=PLANE('',#10093);
#8898=PLANE('',#10094);
#8899=PLANE('',#10095);
#8900=PLANE('',#10096);
#8901=PLANE('',#10097);
#8902=PLANE('',#10098);
#8903=PLANE('',#10099);
#8904=PLANE('',#10100);
#8905=PLANE('',#10101);
#8906=PLANE('',#10102);
#8907=PLANE('',#10103);
#8908=PLANE('',#10104);
#8909=PLANE('',#10106);
#8910=PLANE('',#10107);
#8911=PLANE('',#10108);
#8912=PLANE('',#10109);
#8913=PLANE('',#10110);
#8914=PLANE('',#10111);
#8915=PLANE('',#10112);
#8916=PLANE('',#10113);
#8917=PLANE('',#10114);
#8918=PLANE('',#10115);
#8919=PLANE('',#10116);
#8920=PLANE('',#10117);
#8921=PLANE('',#10118);
#8922=PLANE('',#10122);
#8923=PLANE('',#10123);
#8924=PLANE('',#10124);
#8925=PLANE('',#10125);
#8926=PLANE('',#10126);
#8927=PLANE('',#10127);
#8928=PLANE('',#10128);
#8929=PLANE('',#10129);
#8930=PLANE('',#10130);
#8931=PLANE('',#10131);
#8932=PLANE('',#10132);
#8933=PLANE('',#10133);
#8934=PLANE('',#10134);
#8935=PLANE('',#10135);
#8936=PLANE('',#10136);
#8937=PLANE('',#10140);
#8938=PLANE('',#10141);
#8939=PLANE('',#10142);
#8940=PLANE('',#10143);
#8941=PLANE('',#10144);
#8942=PLANE('',#10145);
#8943=PLANE('',#10146);
#8944=PLANE('',#10147);
#8945=PLANE('',#10148);
#8946=PLANE('',#10149);
#8947=PLANE('',#10150);
#8948=PLANE('',#10151);
#8949=PLANE('',#10152);
#8950=PLANE('',#10153);
#8951=PLANE('',#10154);
#8952=PLANE('',#10158);
#8953=PLANE('',#10159);
#8954=PLANE('',#10160);
#8955=PLANE('',#10161);
#8956=PLANE('',#10162);
#8957=PLANE('',#10163);
#8958=PLANE('',#10164);
#8959=PLANE('',#10165);
#8960=PLANE('',#10166);
#8961=PLANE('',#10167);
#8962=PLANE('',#10168);
#8963=PLANE('',#10169);
#8964=PLANE('',#10170);
#8965=PLANE('',#10171);
#8966=PLANE('',#10172);
#8967=PLANE('',#10176);
#8968=PLANE('',#10177);
#8969=PLANE('',#10178);
#8970=PLANE('',#10184);
#8971=PLANE('',#10192);
#8972=PLANE('',#10193);
#8973=PLANE('',#10194);
#8974=PLANE('',#10195);
#8975=PLANE('',#10197);
#8976=PLANE('',#10198);
#8977=PLANE('',#10199);
#8978=PLANE('',#10200);
#8979=PLANE('',#10202);
#8980=PLANE('',#10203);
#8981=PLANE('',#10204);
#8982=PLANE('',#10205);
#8983=PLANE('',#10207);
#8984=PLANE('',#10208);
#8985=PLANE('',#10209);
#8986=PLANE('',#10210);
#8987=PLANE('',#10212);
#8988=PLANE('',#10213);
#8989=PLANE('',#10214);
#8990=PLANE('',#10215);
#8991=PLANE('',#10216);
#8992=PLANE('',#10217);
#8993=PLANE('',#10218);
#8994=PLANE('',#10219);
#8995=PLANE('',#10220);
#8996=PLANE('',#10228);
#8997=PLANE('',#10231);
#8998=PLANE('',#10234);
#8999=PLANE('',#10237);
#9000=PLANE('',#10240);
#9001=PLANE('',#10244);
#9002=PLANE('',#10245);
#9003=PLANE('',#10253);
#9004=PLANE('',#10254);
#9005=PLANE('',#10255);
#9006=PLANE('',#10256);
#9007=PLANE('',#10264);
#9008=PLANE('',#10265);
#9009=PLANE('',#10266);
#9010=PLANE('',#10267);
#9011=PLANE('',#10268);
#9012=PLANE('',#10269);
#9013=PLANE('',#10270);
#9014=PLANE('',#10271);
#9015=PLANE('',#10272);
#9016=PLANE('',#10273);
#9017=PLANE('',#10274);
#9018=PLANE('',#10275);
#9019=PLANE('',#10276);
#9020=PLANE('',#10277);
#9021=PLANE('',#10278);
#9022=PLANE('',#10284);
#9023=PLANE('',#10285);
#9024=PLANE('',#10286);
#9025=PLANE('',#10287);
#9026=PLANE('',#10288);
#9027=PLANE('',#10289);
#9028=PLANE('',#10290);
#9029=PLANE('',#10297);
#9030=PLANE('',#10300);
#9031=PLANE('',#10303);
#9032=PLANE('',#10310);
#9033=PLANE('',#10314);
#9034=PLANE('',#10316);
#9035=PLANE('',#10319);
#9036=PLANE('',#10320);
#9037=PLANE('',#10322);
#9038=PLANE('',#10325);
#9039=ADVANCED_FACE('',(#357),#8633,.F.);
#9040=ADVANCED_FACE('',(#358),#8634,.T.);
#9041=ADVANCED_FACE('',(#359),#8635,.T.);
#9042=ADVANCED_FACE('',(#360),#280,.T.);
#9043=ADVANCED_FACE('',(#361),#8636,.F.);
#9044=ADVANCED_FACE('',(#362,#179),#8637,.T.);
#9045=ADVANCED_FACE('',(#363),#8638,.F.);
#9046=ADVANCED_FACE('',(#364),#8639,.F.);
#9047=ADVANCED_FACE('',(#365),#8640,.F.);
#9048=ADVANCED_FACE('',(#366),#8641,.F.);
#9049=ADVANCED_FACE('',(#367),#8642,.F.);
#9050=ADVANCED_FACE('',(#368),#8643,.F.);
#9051=ADVANCED_FACE('',(#369),#8644,.F.);
#9052=ADVANCED_FACE('',(#370),#8645,.F.);
#9053=ADVANCED_FACE('',(#371),#8646,.F.);
#9054=ADVANCED_FACE('',(#372),#8647,.F.);
#9055=ADVANCED_FACE('',(#373),#8648,.F.);
#9056=ADVANCED_FACE('',(#374),#8649,.F.);
#9057=ADVANCED_FACE('',(#375),#8650,.F.);
#9058=ADVANCED_FACE('',(#376),#8651,.F.);
#9059=ADVANCED_FACE('',(#377),#8652,.F.);
#9060=ADVANCED_FACE('',(#378),#8653,.F.);
#9061=ADVANCED_FACE('',(#379),#8654,.F.);
#9062=ADVANCED_FACE('',(#380),#8655,.F.);
#9063=ADVANCED_FACE('',(#381),#8656,.F.);
#9064=ADVANCED_FACE('',(#382),#8657,.F.);
#9065=ADVANCED_FACE('',(#383),#8658,.F.);
#9066=ADVANCED_FACE('',(#384),#8659,.F.);
#9067=ADVANCED_FACE('',(#385),#8660,.F.);
#9068=ADVANCED_FACE('',(#386),#8661,.F.);
#9069=ADVANCED_FACE('',(#387),#8662,.F.);
#9070=ADVANCED_FACE('',(#388),#8663,.F.);
#9071=ADVANCED_FACE('',(#389),#8664,.F.);
#9072=ADVANCED_FACE('',(#390),#8665,.F.);
#9073=ADVANCED_FACE('',(#391),#8666,.T.);
#9074=ADVANCED_FACE('',(#392),#8667,.T.);
#9075=ADVANCED_FACE('',(#393),#8668,.T.);
#9076=ADVANCED_FACE('',(#394),#8669,.T.);
#9077=ADVANCED_FACE('',(#395,#180),#8670,.F.);
#9078=ADVANCED_FACE('',(#396),#8671,.T.);
#9079=ADVANCED_FACE('',(#397),#8672,.T.);
#9080=ADVANCED_FACE('',(#398),#8673,.T.);
#9081=ADVANCED_FACE('',(#399,#181),#8674,.F.);
#9082=ADVANCED_FACE('',(#400),#8675,.T.);
#9083=ADVANCED_FACE('',(#401),#8676,.T.);
#9084=ADVANCED_FACE('',(#402),#8677,.T.);
#9085=ADVANCED_FACE('',(#403),#281,.T.);
#9086=ADVANCED_FACE('',(#404),#8678,.T.);
#9087=ADVANCED_FACE('',(#405),#8679,.T.);
#9088=ADVANCED_FACE('',(#406),#8680,.T.);
#9089=ADVANCED_FACE('',(#407),#282,.T.);
#9090=ADVANCED_FACE('',(#408),#8681,.T.);
#9091=ADVANCED_FACE('',(#409),#283,.T.);
#9092=ADVANCED_FACE('',(#410),#8682,.T.);
#9093=ADVANCED_FACE('',(#411),#8683,.T.);
#9094=ADVANCED_FACE('',(#412),#8684,.T.);
#9095=ADVANCED_FACE('',(#413),#8685,.T.);
#9096=ADVANCED_FACE('',(#414),#8686,.T.);
#9097=ADVANCED_FACE('',(#415),#8687,.T.);
#9098=ADVANCED_FACE('',(#416),#8688,.T.);
#9099=ADVANCED_FACE('',(#417),#284,.T.);
#9100=ADVANCED_FACE('',(#418),#8689,.F.);
#9101=ADVANCED_FACE('',(#419),#285,.T.);
#9102=ADVANCED_FACE('',(#420,#182,#183),#8690,.F.);
#9103=ADVANCED_FACE('',(#421),#286,.T.);
#9104=ADVANCED_FACE('',(#422,#184,#185,#186,#187),#8691,.F.);
#9105=ADVANCED_FACE('',(#423),#8692,.T.);
#9106=ADVANCED_FACE('',(#424),#8693,.F.);
#9107=ADVANCED_FACE('',(#425),#8694,.F.);
#9108=ADVANCED_FACE('',(#426),#8695,.F.);
#9109=ADVANCED_FACE('',(#427),#287,.F.);
#9110=ADVANCED_FACE('',(#428),#288,.F.);
#9111=ADVANCED_FACE('',(#429),#289,.F.);
#9112=ADVANCED_FACE('',(#430),#290,.T.);
#9113=ADVANCED_FACE('',(#431),#291,.T.);
#9114=ADVANCED_FACE('',(#432,#188),#8696,.T.);
#9115=ADVANCED_FACE('',(#433),#292,.T.);
#9116=ADVANCED_FACE('',(#434,#189),#8697,.T.);
#9117=ADVANCED_FACE('',(#435),#8698,.F.);
#9118=ADVANCED_FACE('',(#436),#8699,.F.);
#9119=ADVANCED_FACE('',(#437),#8700,.F.);
#9120=ADVANCED_FACE('',(#438),#8701,.F.);
#9121=ADVANCED_FACE('',(#439),#8702,.F.);
#9122=ADVANCED_FACE('',(#440),#8703,.F.);
#9123=ADVANCED_FACE('',(#441),#8704,.F.);
#9124=ADVANCED_FACE('',(#442),#8705,.F.);
#9125=ADVANCED_FACE('',(#443),#8706,.T.);
#9126=ADVANCED_FACE('',(#444),#8707,.T.);
#9127=ADVANCED_FACE('',(#445),#8708,.T.);
#9128=ADVANCED_FACE('',(#446),#8709,.T.);
#9129=ADVANCED_FACE('',(#447),#8710,.T.);
#9130=ADVANCED_FACE('',(#448),#8711,.F.);
#9131=ADVANCED_FACE('',(#449,#190,#191,#192,#193,#194,#195,#196),#8712,
 .F.);
#9132=ADVANCED_FACE('',(#450,#197,#198,#199,#200),#8713,.T.);
#9133=ADVANCED_FACE('',(#451),#293,.T.);
#9134=ADVANCED_FACE('',(#452),#8714,.F.);
#9135=ADVANCED_FACE('',(#453),#294,.T.);
#9136=ADVANCED_FACE('',(#454),#8715,.F.);
#9137=ADVANCED_FACE('',(#455),#295,.T.);
#9138=ADVANCED_FACE('',(#456),#8716,.F.);
#9139=ADVANCED_FACE('',(#457),#296,.T.);
#9140=ADVANCED_FACE('',(#458),#8717,.F.);
#9141=ADVANCED_FACE('',(#459),#297,.F.);
#9142=ADVANCED_FACE('',(#460),#298,.F.);
#9143=ADVANCED_FACE('',(#461),#299,.F.);
#9144=ADVANCED_FACE('',(#462),#300,.F.);
#9145=ADVANCED_FACE('',(#463),#8718,.F.);
#9146=ADVANCED_FACE('',(#464),#8719,.F.);
#9147=ADVANCED_FACE('',(#465),#8720,.F.);
#9148=ADVANCED_FACE('',(#466),#8721,.F.);
#9149=ADVANCED_FACE('',(#467),#8722,.T.);
#9150=ADVANCED_FACE('',(#468),#8723,.F.);
#9151=ADVANCED_FACE('',(#469),#8724,.F.);
#9152=ADVANCED_FACE('',(#470),#8725,.F.);
#9153=ADVANCED_FACE('',(#471),#8726,.F.);
#9154=ADVANCED_FACE('',(#472),#8727,.T.);
#9155=ADVANCED_FACE('',(#473),#8728,.F.);
#9156=ADVANCED_FACE('',(#474),#8729,.F.);
#9157=ADVANCED_FACE('',(#475),#8730,.F.);
#9158=ADVANCED_FACE('',(#476),#8731,.F.);
#9159=ADVANCED_FACE('',(#477),#8732,.T.);
#9160=ADVANCED_FACE('',(#478),#8733,.F.);
#9161=ADVANCED_FACE('',(#479),#8734,.F.);
#9162=ADVANCED_FACE('',(#480),#8735,.F.);
#9163=ADVANCED_FACE('',(#481),#8736,.F.);
#9164=ADVANCED_FACE('',(#482),#8737,.F.);
#9165=ADVANCED_FACE('',(#483),#8738,.T.);
#9166=ADVANCED_FACE('',(#484),#8739,.F.);
#9167=ADVANCED_FACE('',(#485),#8740,.F.);
#9168=ADVANCED_FACE('',(#486),#8741,.F.);
#9169=ADVANCED_FACE('',(#487),#8742,.F.);
#9170=ADVANCED_FACE('',(#488),#8743,.F.);
#9171=ADVANCED_FACE('',(#489),#8744,.T.);
#9172=ADVANCED_FACE('',(#490,#201,#202),#8745,.F.);
#9173=ADVANCED_FACE('',(#491,#203),#8746,.F.);
#9174=ADVANCED_FACE('',(#492,#204),#8747,.F.);
#9175=ADVANCED_FACE('',(#493),#8748,.F.);
#9176=ADVANCED_FACE('',(#494),#301,.T.);
#9177=ADVANCED_FACE('',(#495),#302,.T.);
#9178=ADVANCED_FACE('',(#496),#8749,.F.);
#9179=ADVANCED_FACE('',(#497),#8750,.F.);
#9180=ADVANCED_FACE('',(#498),#8751,.F.);
#9181=ADVANCED_FACE('',(#499),#8752,.F.);
#9182=ADVANCED_FACE('',(#500),#8753,.F.);
#9183=ADVANCED_FACE('',(#501),#8754,.F.);
#9184=ADVANCED_FACE('',(#502,#205),#8755,.F.);
#9185=ADVANCED_FACE('',(#503),#8756,.F.);
#9186=ADVANCED_FACE('',(#504),#8757,.F.);
#9187=ADVANCED_FACE('',(#505),#8758,.F.);
#9188=ADVANCED_FACE('',(#506),#8759,.F.);
#9189=ADVANCED_FACE('',(#507),#8760,.F.);
#9190=ADVANCED_FACE('',(#508),#8761,.F.);
#9191=ADVANCED_FACE('',(#509),#8762,.F.);
#9192=ADVANCED_FACE('',(#510),#8763,.F.);
#9193=ADVANCED_FACE('',(#511),#8764,.F.);
#9194=ADVANCED_FACE('',(#512),#8765,.F.);
#9195=ADVANCED_FACE('',(#513),#8766,.F.);
#9196=ADVANCED_FACE('',(#514),#8767,.F.);
#9197=ADVANCED_FACE('',(#515),#8768,.F.);
#9198=ADVANCED_FACE('',(#516,#206),#8769,.F.);
#9199=ADVANCED_FACE('',(#517),#8770,.F.);
#9200=ADVANCED_FACE('',(#518),#8771,.F.);
#9201=ADVANCED_FACE('',(#519),#8772,.F.);
#9202=ADVANCED_FACE('',(#520),#8773,.F.);
#9203=ADVANCED_FACE('',(#521),#8774,.F.);
#9204=ADVANCED_FACE('',(#522),#8775,.F.);
#9205=ADVANCED_FACE('',(#523),#8776,.F.);
#9206=ADVANCED_FACE('',(#524),#8777,.F.);
#9207=ADVANCED_FACE('',(#525),#8778,.F.);
#9208=ADVANCED_FACE('',(#526),#8779,.T.);
#9209=ADVANCED_FACE('',(#527),#8780,.T.);
#9210=ADVANCED_FACE('',(#528),#8781,.T.);
#9211=ADVANCED_FACE('',(#529),#8782,.T.);
#9212=ADVANCED_FACE('',(#530),#8783,.F.);
#9213=ADVANCED_FACE('',(#531),#8784,.T.);
#9214=ADVANCED_FACE('',(#532),#8785,.T.);
#9215=ADVANCED_FACE('',(#533),#8786,.F.);
#9216=ADVANCED_FACE('',(#534),#8787,.T.);
#9217=ADVANCED_FACE('',(#535),#8788,.F.);
#9218=ADVANCED_FACE('',(#536),#8789,.F.);
#9219=ADVANCED_FACE('',(#537),#303,.T.);
#9220=ADVANCED_FACE('',(#538),#304,.T.);
#9221=ADVANCED_FACE('',(#539),#305,.F.);
#9222=ADVANCED_FACE('',(#540),#306,.F.);
#9223=ADVANCED_FACE('',(#541),#307,.F.);
#9224=ADVANCED_FACE('',(#542),#308,.F.);
#9225=ADVANCED_FACE('',(#543),#309,.T.);
#9226=ADVANCED_FACE('',(#544,#207),#8790,.T.);
#9227=ADVANCED_FACE('',(#545),#310,.T.);
#9228=ADVANCED_FACE('',(#546,#208),#8791,.T.);
#9229=ADVANCED_FACE('',(#547),#311,.T.);
#9230=ADVANCED_FACE('',(#548,#209),#8792,.T.);
#9231=ADVANCED_FACE('',(#549),#312,.T.);
#9232=ADVANCED_FACE('',(#550,#210),#8793,.T.);
#9233=ADVANCED_FACE('',(#551),#8794,.T.);
#9234=ADVANCED_FACE('',(#552),#8795,.F.);
#9235=ADVANCED_FACE('',(#553),#8796,.F.);
#9236=ADVANCED_FACE('',(#554),#8797,.F.);
#9237=ADVANCED_FACE('',(#555),#8798,.F.);
#9238=ADVANCED_FACE('',(#556,#211),#8799,.F.);
#9239=ADVANCED_FACE('',(#557),#8800,.F.);
#9240=ADVANCED_FACE('',(#558,#212),#8801,.F.);
#9241=ADVANCED_FACE('',(#559),#8802,.T.);
#9242=ADVANCED_FACE('',(#560),#313,.F.);
#9243=ADVANCED_FACE('',(#561),#314,.F.);
#9244=ADVANCED_FACE('',(#562,#213),#8803,.T.);
#9245=ADVANCED_FACE('',(#563),#315,.T.);
#9246=ADVANCED_FACE('',(#564,#214),#8804,.T.);
#9247=ADVANCED_FACE('',(#565),#316,.T.);
#9248=ADVANCED_FACE('',(#566,#215),#8805,.T.);
#9249=ADVANCED_FACE('',(#567),#317,.T.);
#9250=ADVANCED_FACE('',(#568,#216),#8806,.T.);
#9251=ADVANCED_FACE('',(#569),#318,.T.);
#9252=ADVANCED_FACE('',(#570),#8807,.T.);
#9253=ADVANCED_FACE('',(#571),#8808,.F.);
#9254=ADVANCED_FACE('',(#572),#8809,.F.);
#9255=ADVANCED_FACE('',(#573),#8810,.F.);
#9256=ADVANCED_FACE('',(#574,#217),#8811,.F.);
#9257=ADVANCED_FACE('',(#575,#218,#219),#8812,.T.);
#9258=ADVANCED_FACE('',(#576),#8813,.F.);
#9259=ADVANCED_FACE('',(#577),#8814,.F.);
#9260=ADVANCED_FACE('',(#578),#8815,.F.);
#9261=ADVANCED_FACE('',(#579),#8816,.F.);
#9262=ADVANCED_FACE('',(#580),#8817,.F.);
#9263=ADVANCED_FACE('',(#581,#220),#8818,.F.);
#9264=ADVANCED_FACE('',(#582),#8819,.F.);
#9265=ADVANCED_FACE('',(#583),#8820,.F.);
#9266=ADVANCED_FACE('',(#584),#8821,.F.);
#9267=ADVANCED_FACE('',(#585),#8822,.F.);
#9268=ADVANCED_FACE('',(#586),#8823,.F.);
#9269=ADVANCED_FACE('',(#587),#8824,.F.);
#9270=ADVANCED_FACE('',(#588),#8825,.F.);
#9271=ADVANCED_FACE('',(#589),#8826,.F.);
#9272=ADVANCED_FACE('',(#590),#8827,.F.);
#9273=ADVANCED_FACE('',(#591),#8828,.F.);
#9274=ADVANCED_FACE('',(#592),#8829,.F.);
#9275=ADVANCED_FACE('',(#593),#8830,.F.);
#9276=ADVANCED_FACE('',(#594),#8831,.F.);
#9277=ADVANCED_FACE('',(#595,#221),#8832,.F.);
#9278=ADVANCED_FACE('',(#596),#8833,.F.);
#9279=ADVANCED_FACE('',(#597),#8834,.F.);
#9280=ADVANCED_FACE('',(#598),#8835,.F.);
#9281=ADVANCED_FACE('',(#599),#8836,.F.);
#9282=ADVANCED_FACE('',(#600),#8837,.F.);
#9283=ADVANCED_FACE('',(#601),#8838,.F.);
#9284=ADVANCED_FACE('',(#602),#8839,.F.);
#9285=ADVANCED_FACE('',(#603),#8840,.F.);
#9286=ADVANCED_FACE('',(#604,#222),#8841,.T.);
#9287=ADVANCED_FACE('',(#605),#319,.T.);
#9288=ADVANCED_FACE('',(#606,#223,#224,#225),#8842,.T.);
#9289=ADVANCED_FACE('',(#607),#8843,.F.);
#9290=ADVANCED_FACE('',(#608),#8844,.F.);
#9291=ADVANCED_FACE('',(#609),#8845,.F.);
#9292=ADVANCED_FACE('',(#610),#8846,.F.);
#9293=ADVANCED_FACE('',(#611),#8847,.F.);
#9294=ADVANCED_FACE('',(#612),#8848,.F.);
#9295=ADVANCED_FACE('',(#613),#8849,.F.);
#9296=ADVANCED_FACE('',(#614),#8850,.F.);
#9297=ADVANCED_FACE('',(#615),#8851,.T.);
#9298=ADVANCED_FACE('',(#616),#8852,.F.);
#9299=ADVANCED_FACE('',(#617),#8853,.F.);
#9300=ADVANCED_FACE('',(#618),#8854,.F.);
#9301=ADVANCED_FACE('',(#619),#8855,.F.);
#9302=ADVANCED_FACE('',(#620),#8856,.T.);
#9303=ADVANCED_FACE('',(#621),#8857,.F.);
#9304=ADVANCED_FACE('',(#622),#8858,.T.);
#9305=ADVANCED_FACE('',(#623),#8859,.T.);
#9306=ADVANCED_FACE('',(#624),#8860,.T.);
#9307=ADVANCED_FACE('',(#625),#8861,.T.);
#9308=ADVANCED_FACE('',(#626),#8862,.F.);
#9309=ADVANCED_FACE('',(#627),#8863,.T.);
#9310=ADVANCED_FACE('',(#628),#8864,.T.);
#9311=ADVANCED_FACE('',(#629,#226),#8865,.F.);
#9312=ADVANCED_FACE('',(#630),#8866,.T.);
#9313=ADVANCED_FACE('',(#631,#227),#8867,.F.);
#9314=ADVANCED_FACE('',(#632),#8868,.F.);
#9315=ADVANCED_FACE('',(#633),#320,.F.);
#9316=ADVANCED_FACE('',(#634),#321,.F.);
#9317=ADVANCED_FACE('',(#635),#322,.F.);
#9318=ADVANCED_FACE('',(#636),#323,.F.);
#9319=ADVANCED_FACE('',(#637,#228,#229,#230),#8869,.F.);
#9320=ADVANCED_FACE('',(#638,#231,#232,#233),#8870,.T.);
#9321=ADVANCED_FACE('',(#639),#8871,.F.);
#9322=ADVANCED_FACE('',(#640),#8872,.F.);
#9323=ADVANCED_FACE('',(#641),#8873,.F.);
#9324=ADVANCED_FACE('',(#642),#8874,.F.);
#9325=ADVANCED_FACE('',(#643),#8875,.F.);
#9326=ADVANCED_FACE('',(#644),#8876,.F.);
#9327=ADVANCED_FACE('',(#645),#8877,.F.);
#9328=ADVANCED_FACE('',(#646),#8878,.F.);
#9329=ADVANCED_FACE('',(#647),#8879,.F.);
#9330=ADVANCED_FACE('',(#648),#8880,.F.);
#9331=ADVANCED_FACE('',(#649),#8881,.F.);
#9332=ADVANCED_FACE('',(#650),#8882,.F.);
#9333=ADVANCED_FACE('',(#651),#324,.F.);
#9334=ADVANCED_FACE('',(#652),#325,.F.);
#9335=ADVANCED_FACE('',(#653),#326,.F.);
#9336=ADVANCED_FACE('',(#654),#8883,.F.);
#9337=ADVANCED_FACE('',(#655),#8884,.F.);
#9338=ADVANCED_FACE('',(#656),#8885,.F.);
#9339=ADVANCED_FACE('',(#657),#8886,.F.);
#9340=ADVANCED_FACE('',(#658),#8887,.F.);
#9341=ADVANCED_FACE('',(#659),#8888,.F.);
#9342=ADVANCED_FACE('',(#660),#8889,.F.);
#9343=ADVANCED_FACE('',(#661),#8890,.F.);
#9344=ADVANCED_FACE('',(#662),#8891,.F.);
#9345=ADVANCED_FACE('',(#663),#8892,.F.);
#9346=ADVANCED_FACE('',(#664),#8893,.F.);
#9347=ADVANCED_FACE('',(#665),#8894,.F.);
#9348=ADVANCED_FACE('',(#666),#8895,.F.);
#9349=ADVANCED_FACE('',(#667),#8896,.F.);
#9350=ADVANCED_FACE('',(#668),#8897,.F.);
#9351=ADVANCED_FACE('',(#669),#8898,.F.);
#9352=ADVANCED_FACE('',(#670),#8899,.F.);
#9353=ADVANCED_FACE('',(#671),#8900,.F.);
#9354=ADVANCED_FACE('',(#672),#8901,.F.);
#9355=ADVANCED_FACE('',(#673),#8902,.F.);
#9356=ADVANCED_FACE('',(#674),#8903,.F.);
#9357=ADVANCED_FACE('',(#675),#8904,.F.);
#9358=ADVANCED_FACE('',(#676),#8905,.F.);
#9359=ADVANCED_FACE('',(#677),#8906,.F.);
#9360=ADVANCED_FACE('',(#678),#8907,.T.);
#9361=ADVANCED_FACE('',(#679),#8908,.F.);
#9362=ADVANCED_FACE('',(#680),#8909,.T.);
#9363=ADVANCED_FACE('',(#681),#8910,.T.);
#9364=ADVANCED_FACE('',(#682),#8911,.T.);
#9365=ADVANCED_FACE('',(#683),#8912,.T.);
#9366=ADVANCED_FACE('',(#684),#8913,.T.);
#9367=ADVANCED_FACE('',(#685),#8914,.T.);
#9368=ADVANCED_FACE('',(#686),#8915,.T.);
#9369=ADVANCED_FACE('',(#687),#8916,.T.);
#9370=ADVANCED_FACE('',(#688),#8917,.T.);
#9371=ADVANCED_FACE('',(#689),#8918,.T.);
#9372=ADVANCED_FACE('',(#690),#8919,.T.);
#9373=ADVANCED_FACE('',(#691),#8920,.T.);
#9374=ADVANCED_FACE('',(#692),#8921,.T.);
#9375=ADVANCED_FACE('',(#693),#327,.T.);
#9376=ADVANCED_FACE('',(#694),#8922,.T.);
#9377=ADVANCED_FACE('',(#695),#8923,.T.);
#9378=ADVANCED_FACE('',(#696),#8924,.T.);
#9379=ADVANCED_FACE('',(#697),#8925,.T.);
#9380=ADVANCED_FACE('',(#698),#8926,.T.);
#9381=ADVANCED_FACE('',(#699),#8927,.T.);
#9382=ADVANCED_FACE('',(#700),#8928,.T.);
#9383=ADVANCED_FACE('',(#701),#8929,.T.);
#9384=ADVANCED_FACE('',(#702),#8930,.T.);
#9385=ADVANCED_FACE('',(#703),#8931,.T.);
#9386=ADVANCED_FACE('',(#704),#8932,.T.);
#9387=ADVANCED_FACE('',(#705),#8933,.T.);
#9388=ADVANCED_FACE('',(#706),#8934,.T.);
#9389=ADVANCED_FACE('',(#707),#8935,.T.);
#9390=ADVANCED_FACE('',(#708),#8936,.T.);
#9391=ADVANCED_FACE('',(#709),#328,.T.);
#9392=ADVANCED_FACE('',(#710),#8937,.T.);
#9393=ADVANCED_FACE('',(#711),#8938,.T.);
#9394=ADVANCED_FACE('',(#712),#8939,.T.);
#9395=ADVANCED_FACE('',(#713),#8940,.T.);
#9396=ADVANCED_FACE('',(#714),#8941,.T.);
#9397=ADVANCED_FACE('',(#715),#8942,.T.);
#9398=ADVANCED_FACE('',(#716),#8943,.T.);
#9399=ADVANCED_FACE('',(#717),#8944,.T.);
#9400=ADVANCED_FACE('',(#718),#8945,.T.);
#9401=ADVANCED_FACE('',(#719),#8946,.T.);
#9402=ADVANCED_FACE('',(#720),#8947,.T.);
#9403=ADVANCED_FACE('',(#721),#8948,.T.);
#9404=ADVANCED_FACE('',(#722),#8949,.T.);
#9405=ADVANCED_FACE('',(#723),#8950,.T.);
#9406=ADVANCED_FACE('',(#724),#8951,.T.);
#9407=ADVANCED_FACE('',(#725),#329,.T.);
#9408=ADVANCED_FACE('',(#726),#8952,.T.);
#9409=ADVANCED_FACE('',(#727),#8953,.T.);
#9410=ADVANCED_FACE('',(#728),#8954,.T.);
#9411=ADVANCED_FACE('',(#729),#8955,.T.);
#9412=ADVANCED_FACE('',(#730),#8956,.T.);
#9413=ADVANCED_FACE('',(#731),#8957,.T.);
#9414=ADVANCED_FACE('',(#732),#8958,.T.);
#9415=ADVANCED_FACE('',(#733),#8959,.T.);
#9416=ADVANCED_FACE('',(#734),#8960,.T.);
#9417=ADVANCED_FACE('',(#735),#8961,.T.);
#9418=ADVANCED_FACE('',(#736),#8962,.T.);
#9419=ADVANCED_FACE('',(#737),#8963,.T.);
#9420=ADVANCED_FACE('',(#738),#8964,.T.);
#9421=ADVANCED_FACE('',(#739),#8965,.T.);
#9422=ADVANCED_FACE('',(#740),#8966,.T.);
#9423=ADVANCED_FACE('',(#741),#330,.T.);
#9424=ADVANCED_FACE('',(#742),#8967,.T.);
#9425=ADVANCED_FACE('',(#743),#8968,.T.);
#9426=ADVANCED_FACE('',(#744,#234,#235,#236,#237,#238),#8969,.F.);
#9427=ADVANCED_FACE('',(#745,#239,#240,#241,#242,#243),#8970,.T.);
#9428=ADVANCED_FACE('',(#746),#331,.F.);
#9429=ADVANCED_FACE('',(#747),#332,.F.);
#9430=ADVANCED_FACE('',(#748),#8971,.F.);
#9431=ADVANCED_FACE('',(#749),#8972,.F.);
#9432=ADVANCED_FACE('',(#750),#8973,.F.);
#9433=ADVANCED_FACE('',(#751),#8974,.F.);
#9434=ADVANCED_FACE('',(#752),#333,.F.);
#9435=ADVANCED_FACE('',(#753),#8975,.F.);
#9436=ADVANCED_FACE('',(#754),#8976,.F.);
#9437=ADVANCED_FACE('',(#755),#8977,.F.);
#9438=ADVANCED_FACE('',(#756),#8978,.F.);
#9439=ADVANCED_FACE('',(#757),#334,.F.);
#9440=ADVANCED_FACE('',(#758),#8979,.F.);
#9441=ADVANCED_FACE('',(#759),#8980,.F.);
#9442=ADVANCED_FACE('',(#760),#8981,.F.);
#9443=ADVANCED_FACE('',(#761),#8982,.F.);
#9444=ADVANCED_FACE('',(#762),#335,.F.);
#9445=ADVANCED_FACE('',(#763),#8983,.F.);
#9446=ADVANCED_FACE('',(#764),#8984,.F.);
#9447=ADVANCED_FACE('',(#765),#8985,.F.);
#9448=ADVANCED_FACE('',(#766),#8986,.F.);
#9449=ADVANCED_FACE('',(#767),#8987,.F.);
#9450=ADVANCED_FACE('',(#768),#8988,.F.);
#9451=ADVANCED_FACE('',(#769),#8989,.F.);
#9452=ADVANCED_FACE('',(#770),#8990,.F.);
#9453=ADVANCED_FACE('',(#771),#8991,.F.);
#9454=ADVANCED_FACE('',(#772),#8992,.F.);
#9455=ADVANCED_FACE('',(#773),#8993,.F.);
#9456=ADVANCED_FACE('',(#774),#8994,.F.);
#9457=ADVANCED_FACE('',(#775,#244,#245,#246,#247,#248),#8995,.F.);
#9458=ADVANCED_FACE('',(#776),#336,.F.);
#9459=ADVANCED_FACE('',(#777),#8996,.T.);
#9460=ADVANCED_FACE('',(#778),#337,.F.);
#9461=ADVANCED_FACE('',(#779),#8997,.T.);
#9462=ADVANCED_FACE('',(#780),#338,.F.);
#9463=ADVANCED_FACE('',(#781),#8998,.T.);
#9464=ADVANCED_FACE('',(#782),#339,.F.);
#9465=ADVANCED_FACE('',(#783),#8999,.T.);
#9466=ADVANCED_FACE('',(#784),#340,.T.);
#9467=ADVANCED_FACE('',(#785,#249),#9000,.T.);
#9468=ADVANCED_FACE('',(#786),#341,.T.);
#9469=ADVANCED_FACE('',(#787),#9001,.T.);
#9470=ADVANCED_FACE('',(#788),#9002,.T.);
#9471=ADVANCED_FACE('',(#789),#342,.F.);
#9472=ADVANCED_FACE('',(#790),#343,.F.);
#9473=ADVANCED_FACE('',(#791),#9003,.T.);
#9474=ADVANCED_FACE('',(#792),#9004,.F.);
#9475=ADVANCED_FACE('',(#793),#9005,.F.);
#9476=ADVANCED_FACE('',(#794,#250,#251,#252,#253,#254,#255,#256),#9006,
 .F.);
#9477=ADVANCED_FACE('',(#795),#9007,.F.);
#9478=ADVANCED_FACE('',(#796),#9008,.F.);
#9479=ADVANCED_FACE('',(#797),#9009,.F.);
#9480=ADVANCED_FACE('',(#798),#9010,.F.);
#9481=ADVANCED_FACE('',(#799),#9011,.F.);
#9482=ADVANCED_FACE('',(#800),#9012,.F.);
#9483=ADVANCED_FACE('',(#801,#257,#258),#9013,.F.);
#9484=ADVANCED_FACE('',(#802),#9014,.F.);
#9485=ADVANCED_FACE('',(#803),#9015,.F.);
#9486=ADVANCED_FACE('',(#804),#9016,.F.);
#9487=ADVANCED_FACE('',(#805),#9017,.F.);
#9488=ADVANCED_FACE('',(#806),#9018,.F.);
#9489=ADVANCED_FACE('',(#807),#9019,.F.);
#9490=ADVANCED_FACE('',(#808),#9020,.F.);
#9491=ADVANCED_FACE('',(#809,#259,#260,#261,#262,#263),#9021,.T.);
#9492=ADVANCED_FACE('',(#810),#9022,.F.);
#9493=ADVANCED_FACE('',(#811),#9023,.F.);
#9494=ADVANCED_FACE('',(#812),#9024,.F.);
#9495=ADVANCED_FACE('',(#813),#9025,.F.);
#9496=ADVANCED_FACE('',(#814),#9026,.F.);
#9497=ADVANCED_FACE('',(#815),#9027,.F.);
#9498=ADVANCED_FACE('',(#816),#9028,.F.);
#9499=ADVANCED_FACE('',(#817),#344,.F.);
#9500=ADVANCED_FACE('',(#818),#345,.F.);
#9501=ADVANCED_FACE('',(#819),#346,.F.);
#9502=ADVANCED_FACE('',(#820),#347,.F.);
#9503=ADVANCED_FACE('',(#821),#348,.F.);
#9504=ADVANCED_FACE('',(#822,#264),#9029,.T.);
#9505=ADVANCED_FACE('',(#823),#349,.F.);
#9506=ADVANCED_FACE('',(#824,#265),#9030,.T.);
#9507=ADVANCED_FACE('',(#825),#350,.F.);
#9508=ADVANCED_FACE('',(#826,#266),#9031,.T.);
#9509=ADVANCED_FACE('',(#827),#351,.F.);
#9510=ADVANCED_FACE('',(#828),#352,.T.);
#9511=ADVANCED_FACE('',(#829),#9032,.T.);
#9512=ADVANCED_FACE('',(#830),#353,.T.);
#9513=ADVANCED_FACE('',(#831,#267),#9033,.T.);
#9514=ADVANCED_FACE('',(#832,#268),#9034,.F.);
#9515=ADVANCED_FACE('',(#833),#354,.F.);
#9516=ADVANCED_FACE('',(#834),#9035,.F.);
#9517=ADVANCED_FACE('',(#835),#9036,.T.);
#9518=ADVANCED_FACE('',(#836,#269),#9037,.T.);
#9519=ADVANCED_FACE('',(#837,#270),#9038,.F.);
#9520=ADVANCED_FACE('',(#838),#355,.T.);
#9521=ADVANCED_FACE('',(#839),#356,.F.);
#9522=CLOSED_SHELL('',(#9039,#9040,#9041,#9042,#9043,#9044,#9045,#9046,
#9047,#9048,#9049,#9050,#9051,#9052,#9053,#9054,#9055,#9056,#9057,#9058,
#9059,#9060,#9061,#9062,#9063,#9064,#9065,#9066,#9067,#9068,#9069,#9070,
#9071,#9072,#9073,#9074,#9075,#9076,#9077,#9078,#9079,#9080,#9081,#9082,
#9083,#9084,#9085,#9086,#9087,#9088,#9089,#9090,#9091,#9092,#9093,#9094,
#9095,#9096,#9097,#9098,#9099,#9100,#9101,#9102,#9103,#9104,#9105,#9106,
#9107,#9108,#9109,#9110,#9111,#9112,#9113,#9114,#9115,#9116,#9117,#9118,
#9119,#9120,#9121,#9122,#9123,#9124,#9125,#9126,#9127,#9128,#9129,#9130));
#9523=CLOSED_SHELL('',(#9131,#9132,#9133,#9134,#9135,#9136,#9137,#9138,
#9139,#9140,#9141,#9142,#9143,#9144,#9145,#9146,#9147,#9148,#9149,#9150,
#9151,#9152,#9153,#9154,#9155,#9156,#9157,#9158,#9159));
#9524=CLOSED_SHELL('',(#9160,#9161,#9162,#9163,#9164,#9165));
#9525=CLOSED_SHELL('',(#9166,#9167,#9168,#9169,#9170,#9171));
#9526=CLOSED_SHELL('',(#9172,#9173,#9174,#9175,#9176,#9177,#9178,#9179,
#9180,#9181,#9182,#9183,#9184,#9185,#9186,#9187,#9188,#9189,#9190,#9191,
#9192,#9193,#9194,#9195,#9196,#9197,#9198,#9199,#9200,#9201,#9202,#9203,
#9204,#9205,#9206,#9207,#9208,#9209,#9210,#9211,#9212,#9213,#9214,#9215,
#9216,#9217,#9218,#9219,#9220,#9221,#9222,#9223,#9224,#9225,#9226,#9227,
#9228,#9229,#9230,#9231,#9232,#9233,#9234,#9235,#9236,#9237,#9238,#9239,
#9240,#9241,#9242,#9243,#9244,#9245,#9246,#9247,#9248,#9249,#9250,#9251));
#9527=CLOSED_SHELL('',(#9252,#9253,#9254,#9255,#9256,#9257,#9258,#9259,
#9260,#9261,#9262,#9263,#9264,#9265,#9266,#9267,#9268,#9269,#9270,#9271,
#9272,#9273,#9274,#9275,#9276,#9277,#9278,#9279,#9280,#9281,#9282,#9283,
#9284,#9285,#9286,#9287,#9288,#9289,#9290,#9291,#9292,#9293,#9294,#9295,
#9296,#9297,#9298,#9299,#9300,#9301,#9302,#9303,#9304,#9305,#9306,#9307,
#9308,#9309,#9310,#9311,#9312,#9313,#9314,#9315,#9316,#9317,#9318));
#9528=CLOSED_SHELL('',(#9319,#9320,#9321,#9322,#9323,#9324,#9325,#9326,
#9327,#9328,#9329,#9330,#9331,#9332,#9333,#9334,#9335));
#9529=CLOSED_SHELL('',(#9336,#9337,#9338,#9339,#9340,#9341,#9342,#9343,
#9344,#9345,#9346,#9347,#9348,#9349,#9350,#9351,#9352,#9353,#9354,#9355,
#9356,#9357,#9358,#9359,#9360,#9361));
#9530=CLOSED_SHELL('',(#9362,#9363,#9364,#9365,#9366,#9367,#9368,#9369,
#9370,#9371,#9372,#9373,#9374,#9375,#9376,#9377,#9378,#9379,#9380,#9381,
#9382,#9383,#9384,#9385,#9386,#9387,#9388,#9389,#9390,#9391,#9392,#9393,
#9394,#9395,#9396,#9397,#9398,#9399,#9400,#9401,#9402,#9403,#9404,#9405,
#9406,#9407,#9408,#9409,#9410,#9411,#9412,#9413,#9414,#9415,#9416,#9417,
#9418,#9419,#9420,#9421,#9422,#9423,#9424,#9425,#9426,#9427,#9428,#9429,
#9430,#9431,#9432,#9433,#9434,#9435,#9436,#9437,#9438,#9439,#9440,#9441,
#9442,#9443,#9444,#9445,#9446,#9447,#9448));
#9531=CLOSED_SHELL('',(#9449,#9450,#9451,#9452,#9453,#9454,#9455,#9456,
#9457,#9458,#9459,#9460,#9461,#9462,#9463,#9464,#9465,#9466,#9467,#9468,
#9469,#9470));
#9532=CLOSED_SHELL('',(#9471,#9472,#9473,#9474,#9475,#9476,#9477,#9478,
#9479,#9480,#9481,#9482,#9483,#9484,#9485,#9486,#9487,#9488,#9489,#9490,
#9491,#9492,#9493,#9494,#9495,#9496,#9497,#9498,#9499,#9500,#9501,#9502,
#9503,#9504,#9505,#9506,#9507,#9508,#9509));
#9533=CLOSED_SHELL('',(#9510,#9511,#9512,#9513,#9514,#9515,#9516,#9517));
#9534=CLOSED_SHELL('',(#9518,#9519,#9520,#9521));
#9535=DERIVED_UNIT_ELEMENT(#9561,1.);
#9536=DERIVED_UNIT_ELEMENT(#15622,-3.);
#9537=DERIVED_UNIT_ELEMENT(#9561,1.);
#9538=DERIVED_UNIT_ELEMENT(#15622,-3.);
#9539=DERIVED_UNIT_ELEMENT(#9561,1.);
#9540=DERIVED_UNIT_ELEMENT(#15622,-3.);
#9541=DERIVED_UNIT_ELEMENT(#9561,1.);
#9542=DERIVED_UNIT_ELEMENT(#15622,-3.);
#9543=DERIVED_UNIT_ELEMENT(#9561,1.);
#9544=DERIVED_UNIT_ELEMENT(#15622,-3.);
#9545=DERIVED_UNIT_ELEMENT(#9561,1.);
#9546=DERIVED_UNIT_ELEMENT(#15622,-3.);
#9547=DERIVED_UNIT_ELEMENT(#9561,1.);
#9548=DERIVED_UNIT_ELEMENT(#15622,-3.);
#9549=DERIVED_UNIT_ELEMENT(#9561,1.);
#9550=DERIVED_UNIT_ELEMENT(#15622,-3.);
#9551=DERIVED_UNIT_ELEMENT(#9561,1.);
#9552=DERIVED_UNIT_ELEMENT(#15622,-3.);
#9553=DERIVED_UNIT_ELEMENT(#9561,1.);
#9554=DERIVED_UNIT_ELEMENT(#15622,-3.);
#9555=DERIVED_UNIT_ELEMENT(#9561,1.);
#9556=DERIVED_UNIT_ELEMENT(#15622,-3.);
#9557=DERIVED_UNIT_ELEMENT(#9561,1.);
#9558=DERIVED_UNIT_ELEMENT(#15622,-3.);
#9559=DERIVED_UNIT_ELEMENT(#9561,1.);
#9560=DERIVED_UNIT_ELEMENT(#15622,-3.);
#9561=(
MASS_UNIT()
NAMED_UNIT(*)
SI_UNIT(.KILO.,.GRAM.)
);
#9562=DERIVED_UNIT((#9535,#9536));
#9563=DERIVED_UNIT((#9537,#9538));
#9564=DERIVED_UNIT((#9539,#9540));
#9565=DERIVED_UNIT((#9541,#9542));
#9566=DERIVED_UNIT((#9543,#9544));
#9567=DERIVED_UNIT((#9545,#9546));
#9568=DERIVED_UNIT((#9547,#9548));
#9569=DERIVED_UNIT((#9549,#9550));
#9570=DERIVED_UNIT((#9551,#9552));
#9571=DERIVED_UNIT((#9553,#9554));
#9572=DERIVED_UNIT((#9555,#9556));
#9573=DERIVED_UNIT((#9557,#9558));
#9574=DERIVED_UNIT((#9559,#9560));
#9575=MEASURE_REPRESENTATION_ITEM('density measure',
POSITIVE_RATIO_MEASURE(1020.),#9562);
#9576=MEASURE_REPRESENTATION_ITEM('density measure',
POSITIVE_RATIO_MEASURE(7850.),#9563);
#9577=MEASURE_REPRESENTATION_ITEM('density measure',
POSITIVE_RATIO_MEASURE(7850.),#9564);
#9578=MEASURE_REPRESENTATION_ITEM('density measure',
POSITIVE_RATIO_MEASURE(7850.),#9565);
#9579=MEASURE_REPRESENTATION_ITEM('density measure',
POSITIVE_RATIO_MEASURE(1020.),#9566);
#9580=MEASURE_REPRESENTATION_ITEM('density measure',
POSITIVE_RATIO_MEASURE(1020.),#9567);
#9581=MEASURE_REPRESENTATION_ITEM('density measure',
POSITIVE_RATIO_MEASURE(7850.),#9568);
#9582=MEASURE_REPRESENTATION_ITEM('density measure',
POSITIVE_RATIO_MEASURE(1020.),#9569);
#9583=MEASURE_REPRESENTATION_ITEM('density measure',
POSITIVE_RATIO_MEASURE(2700.),#9570);
#9584=MEASURE_REPRESENTATION_ITEM('density measure',
POSITIVE_RATIO_MEASURE(7800.),#9571);
#9585=MEASURE_REPRESENTATION_ITEM('density measure',
POSITIVE_RATIO_MEASURE(1020.),#9572);
#9586=MEASURE_REPRESENTATION_ITEM('density measure',
POSITIVE_RATIO_MEASURE(7850.),#9573);
#9587=MEASURE_REPRESENTATION_ITEM('density measure',
POSITIVE_RATIO_MEASURE(7850.),#9574);
#9588=PROPERTY_DEFINITION_REPRESENTATION(#9653,#9614);
#9589=PROPERTY_DEFINITION_REPRESENTATION(#9654,#9615);
#9590=PROPERTY_DEFINITION_REPRESENTATION(#9655,#9616);
#9591=PROPERTY_DEFINITION_REPRESENTATION(#9656,#9617);
#9592=PROPERTY_DEFINITION_REPRESENTATION(#9657,#9618);
#9593=PROPERTY_DEFINITION_REPRESENTATION(#9658,#9619);
#9594=PROPERTY_DEFINITION_REPRESENTATION(#9659,#9620);
#9595=PROPERTY_DEFINITION_REPRESENTATION(#9660,#9621);
#9596=PROPERTY_DEFINITION_REPRESENTATION(#9661,#9622);
#9597=PROPERTY_DEFINITION_REPRESENTATION(#9662,#9623);
#9598=PROPERTY_DEFINITION_REPRESENTATION(#9663,#9624);
#9599=PROPERTY_DEFINITION_REPRESENTATION(#9664,#9625);
#9600=PROPERTY_DEFINITION_REPRESENTATION(#9665,#9626);
#9601=PROPERTY_DEFINITION_REPRESENTATION(#9666,#9627);
#9602=PROPERTY_DEFINITION_REPRESENTATION(#9667,#9628);
#9603=PROPERTY_DEFINITION_REPRESENTATION(#9668,#9629);
#9604=PROPERTY_DEFINITION_REPRESENTATION(#9669,#9630);
#9605=PROPERTY_DEFINITION_REPRESENTATION(#9670,#9631);
#9606=PROPERTY_DEFINITION_REPRESENTATION(#9671,#9632);
#9607=PROPERTY_DEFINITION_REPRESENTATION(#9672,#9633);
#9608=PROPERTY_DEFINITION_REPRESENTATION(#9673,#9634);
#9609=PROPERTY_DEFINITION_REPRESENTATION(#9674,#9635);
#9610=PROPERTY_DEFINITION_REPRESENTATION(#9675,#9636);
#9611=PROPERTY_DEFINITION_REPRESENTATION(#9676,#9637);
#9612=PROPERTY_DEFINITION_REPRESENTATION(#9677,#9638);
#9613=PROPERTY_DEFINITION_REPRESENTATION(#9678,#9639);
#9614=REPRESENTATION('material name',(#9640),#15607);
#9615=REPRESENTATION('density',(#9575),#15607);
#9616=REPRESENTATION('material name',(#9641),#15608);
#9617=REPRESENTATION('density',(#9576),#15608);
#9618=REPRESENTATION('material name',(#9642),#15609);
#9619=REPRESENTATION('density',(#9577),#15609);
#9620=REPRESENTATION('material name',(#9643),#15610);
#9621=REPRESENTATION('density',(#9578),#15610);
#9622=REPRESENTATION('material name',(#9644),#15611);
#9623=REPRESENTATION('density',(#9579),#15611);
#9624=REPRESENTATION('material name',(#9645),#15612);
#9625=REPRESENTATION('density',(#9580),#15612);
#9626=REPRESENTATION('material name',(#9646),#15613);
#9627=REPRESENTATION('density',(#9581),#15613);
#9628=REPRESENTATION('material name',(#9647),#15614);
#9629=REPRESENTATION('density',(#9582),#15614);
#9630=REPRESENTATION('material name',(#9648),#15615);
#9631=REPRESENTATION('density',(#9583),#15615);
#9632=REPRESENTATION('material name',(#9649),#15616);
#9633=REPRESENTATION('density',(#9584),#15616);
#9634=REPRESENTATION('material name',(#9650),#15617);
#9635=REPRESENTATION('density',(#9585),#15617);
#9636=REPRESENTATION('material name',(#9651),#15618);
#9637=REPRESENTATION('density',(#9586),#15618);
#9638=REPRESENTATION('material name',(#9652),#15619);
#9639=REPRESENTATION('density',(#9587),#15619);
#9640=DESCRIPTIVE_REPRESENTATION_ITEM('ABS','ABS');
#9641=DESCRIPTIVE_REPRESENTATION_ITEM('Steel','Steel');
#9642=DESCRIPTIVE_REPRESENTATION_ITEM('Steel','Steel');
#9643=DESCRIPTIVE_REPRESENTATION_ITEM('Steel','Steel');
#9644=DESCRIPTIVE_REPRESENTATION_ITEM('ABS','ABS');
#9645=DESCRIPTIVE_REPRESENTATION_ITEM('ABS','ABS');
#9646=DESCRIPTIVE_REPRESENTATION_ITEM('Steel','Steel');
#9647=DESCRIPTIVE_REPRESENTATION_ITEM('ABS','ABS');
#9648=DESCRIPTIVE_REPRESENTATION_ITEM('1060 Alloy','1060 Alloy');
#9649=DESCRIPTIVE_REPRESENTATION_ITEM('Plain Carbon Steel',
'Plain Carbon Steel');
#9650=DESCRIPTIVE_REPRESENTATION_ITEM('ABS','ABS');
#9651=DESCRIPTIVE_REPRESENTATION_ITEM('Steel','Steel');
#9652=DESCRIPTIVE_REPRESENTATION_ITEM('Steel','Steel');
#9653=PROPERTY_DEFINITION('material property','material name',#15696);
#9654=PROPERTY_DEFINITION('material property','density of part',#15696);
#9655=PROPERTY_DEFINITION('material property','material name',#15697);
#9656=PROPERTY_DEFINITION('material property','density of part',#15697);
#9657=PROPERTY_DEFINITION('material property','material name',#15698);
#9658=PROPERTY_DEFINITION('material property','density of part',#15698);
#9659=PROPERTY_DEFINITION('material property','material name',#15699);
#9660=PROPERTY_DEFINITION('material property','density of part',#15699);
#9661=PROPERTY_DEFINITION('material property','material name',#15700);
#9662=PROPERTY_DEFINITION('material property','density of part',#15700);
#9663=PROPERTY_DEFINITION('material property','material name',#15701);
#9664=PROPERTY_DEFINITION('material property','density of part',#15701);
#9665=PROPERTY_DEFINITION('material property','material name',#15702);
#9666=PROPERTY_DEFINITION('material property','density of part',#15702);
#9667=PROPERTY_DEFINITION('material property','material name',#15703);
#9668=PROPERTY_DEFINITION('material property','density of part',#15703);
#9669=PROPERTY_DEFINITION('material property','material name',#15704);
#9670=PROPERTY_DEFINITION('material property','density of part',#15704);
#9671=PROPERTY_DEFINITION('material property','material name',#15705);
#9672=PROPERTY_DEFINITION('material property','density of part',#15705);
#9673=PROPERTY_DEFINITION('material property','material name',#15706);
#9674=PROPERTY_DEFINITION('material property','density of part',#15706);
#9675=PROPERTY_DEFINITION('material property','material name',#15707);
#9676=PROPERTY_DEFINITION('material property','density of part',#15707);
#9677=PROPERTY_DEFINITION('material property','material name',#15708);
#9678=PROPERTY_DEFINITION('material property','density of part',#15708);
#9679=AXIS2_PLACEMENT_3D('',#12858,#10357,#10358);
#9680=AXIS2_PLACEMENT_3D('',#12859,#10359,#10360);
#9681=AXIS2_PLACEMENT_3D('',#12860,#10361,#10362);
#9682=AXIS2_PLACEMENT_3D('',#12873,#10368,#10369);
#9683=AXIS2_PLACEMENT_3D('',#12881,#10373,#10374);
#9684=AXIS2_PLACEMENT_3D('',#12905,#10387,#10388);
#9685=AXIS2_PLACEMENT_3D('',#12914,#10393,#10394);
#9686=AXIS2_PLACEMENT_3D('',#12920,#10398,#10399);
#9687=AXIS2_PLACEMENT_3D('',#12923,#10400,#10401);
#9688=AXIS2_PLACEMENT_3D('',#12926,#10404,#10405);
#9689=AXIS2_PLACEMENT_3D('',#12929,#10406,#10407);
#9690=AXIS2_PLACEMENT_3D('',#12946,#10417,#10418);
#9691=AXIS2_PLACEMENT_3D('',#12947,#10419,#10420);
#9692=AXIS2_PLACEMENT_3D('',#12954,#10424,#10425);
#9693=AXIS2_PLACEMENT_3D('',#12955,#10426,#10427);
#9694=AXIS2_PLACEMENT_3D('',#12977,#10439,#10440);
#9695=AXIS2_PLACEMENT_3D('',#13036,#10471,#10472);
#9696=AXIS2_PLACEMENT_3D('',#13042,#10476,#10477);
#9697=AXIS2_PLACEMENT_3D('',#13046,#10480,#10481);
#9698=AXIS2_PLACEMENT_3D('',#13050,#10484,#10485);
#9699=AXIS2_PLACEMENT_3D('',#13054,#10488,#10489);
#9700=AXIS2_PLACEMENT_3D('',#13058,#10492,#10493);
#9701=AXIS2_PLACEMENT_3D('',#13062,#10496,#10497);
#9702=AXIS2_PLACEMENT_3D('',#13066,#10500,#10501);
#9703=AXIS2_PLACEMENT_3D('',#13070,#10504,#10505);
#9704=AXIS2_PLACEMENT_3D('',#13074,#10508,#10509);
#9705=AXIS2_PLACEMENT_3D('',#13078,#10512,#10513);
#9706=AXIS2_PLACEMENT_3D('',#13082,#10516,#10517);
#9707=AXIS2_PLACEMENT_3D('',#13086,#10520,#10521);
#9708=AXIS2_PLACEMENT_3D('',#13090,#10524,#10525);
#9709=AXIS2_PLACEMENT_3D('',#13094,#10528,#10529);
#9710=AXIS2_PLACEMENT_3D('',#13098,#10532,#10533);
#9711=AXIS2_PLACEMENT_3D('',#13102,#10536,#10537);
#9712=AXIS2_PLACEMENT_3D('',#13106,#10540,#10541);
#9713=AXIS2_PLACEMENT_3D('',#13110,#10544,#10545);
#9714=AXIS2_PLACEMENT_3D('',#13114,#10548,#10549);
#9715=AXIS2_PLACEMENT_3D('',#13118,#10552,#10553);
#9716=AXIS2_PLACEMENT_3D('',#13122,#10556,#10557);
#9717=AXIS2_PLACEMENT_3D('',#13126,#10560,#10561);
#9718=AXIS2_PLACEMENT_3D('',#13130,#10564,#10565);
#9719=AXIS2_PLACEMENT_3D('',#13151,#10577,#10578);
#9720=AXIS2_PLACEMENT_3D('',#13159,#10582,#10583);
#9721=AXIS2_PLACEMENT_3D('',#13163,#10586,#10587);
#9722=AXIS2_PLACEMENT_3D('',#13167,#10590,#10591);
#9723=AXIS2_PLACEMENT_3D('',#13169,#10593,#10594);
#9724=AXIS2_PLACEMENT_3D('',#13184,#10603,#10604);
#9725=AXIS2_PLACEMENT_3D('',#13188,#10607,#10608);
#9726=AXIS2_PLACEMENT_3D('',#13192,#10611,#10612);
#9727=AXIS2_PLACEMENT_3D('',#13194,#10614,#10615);
#9728=AXIS2_PLACEMENT_3D('',#13204,#10620,#10621);
#9729=AXIS2_PLACEMENT_3D('',#13220,#10631,#10632);
#9730=AXIS2_PLACEMENT_3D('',#13224,#10635,#10636);
#9731=AXIS2_PLACEMENT_3D('',#13228,#10639,#10640);
#9732=AXIS2_PLACEMENT_3D('',#13230,#10642,#10643);
#9733=AXIS2_PLACEMENT_3D('',#13246,#10651,#10652);
#9734=AXIS2_PLACEMENT_3D('',#13253,#10656,#10657);
#9735=AXIS2_PLACEMENT_3D('',#13259,#10661,#10662);
#9736=AXIS2_PLACEMENT_3D('',#13262,#10665,#10666);
#9737=AXIS2_PLACEMENT_3D('',#13264,#10668,#10669);
#9738=AXIS2_PLACEMENT_3D('',#13266,#10671,#10672);
#9739=AXIS2_PLACEMENT_3D('',#13268,#10674,#10675);
#9740=AXIS2_PLACEMENT_3D('',#13270,#10677,#10678);
#9741=AXIS2_PLACEMENT_3D('',#13272,#10680,#10681);
#9742=AXIS2_PLACEMENT_3D('',#13274,#10683,#10684);
#9743=AXIS2_PLACEMENT_3D('',#13275,#10685,#10686);
#9744=AXIS2_PLACEMENT_3D('',#13278,#10689,#10690);
#9745=AXIS2_PLACEMENT_3D('',#13280,#10692,#10693);
#9746=AXIS2_PLACEMENT_3D('',#13282,#10695,#10696);
#9747=AXIS2_PLACEMENT_3D('',#13283,#10697,#10698);
#9748=AXIS2_PLACEMENT_3D('',#13285,#10700,#10701);
#9749=AXIS2_PLACEMENT_3D('',#13287,#10703,#10704);
#9750=AXIS2_PLACEMENT_3D('',#13288,#10705,#10706);
#9751=AXIS2_PLACEMENT_3D('',#13292,#10709,#10710);
#9752=AXIS2_PLACEMENT_3D('',#13296,#10713,#10714);
#9753=AXIS2_PLACEMENT_3D('',#13301,#10716,#10717);
#9754=AXIS2_PLACEMENT_3D('',#13304,#10719,#10720);
#9755=AXIS2_PLACEMENT_3D('',#13305,#10721,#10722);
#9756=AXIS2_PLACEMENT_3D('',#13311,#10726,#10727);
#9757=AXIS2_PLACEMENT_3D('',#13313,#10728,#10729);
#9758=AXIS2_PLACEMENT_3D('',#13316,#10731,#10732);
#9759=AXIS2_PLACEMENT_3D('',#13317,#10733,#10734);
#9760=AXIS2_PLACEMENT_3D('',#13326,#10742,#10743);
#9761=AXIS2_PLACEMENT_3D('',#13328,#10744,#10745);
#9762=AXIS2_PLACEMENT_3D('',#13329,#10746,#10747);
#9763=AXIS2_PLACEMENT_3D('',#13331,#10748,#10749);
#9764=AXIS2_PLACEMENT_3D('',#13334,#10751,#10752);
#9765=AXIS2_PLACEMENT_3D('',#13335,#10753,#10754);
#9766=AXIS2_PLACEMENT_3D('',#13339,#10757,#10758);
#9767=AXIS2_PLACEMENT_3D('',#13341,#10759,#10760);
#9768=AXIS2_PLACEMENT_3D('',#13343,#10761,#10762);
#9769=AXIS2_PLACEMENT_3D('',#13346,#10765,#10766);
#9770=AXIS2_PLACEMENT_3D('',#13347,#10767,#10768);
#9771=AXIS2_PLACEMENT_3D('',#13348,#10769,#10770);
#9772=AXIS2_PLACEMENT_3D('',#13349,#10771,#10772);
#9773=AXIS2_PLACEMENT_3D('',#13350,#10773,#10774);
#9774=AXIS2_PLACEMENT_3D('',#13352,#10776,#10777);
#9775=AXIS2_PLACEMENT_3D('',#13354,#10778,#10779);
#9776=AXIS2_PLACEMENT_3D('',#13356,#10781,#10782);
#9777=AXIS2_PLACEMENT_3D('',#13358,#10783,#10784);
#9778=AXIS2_PLACEMENT_3D('',#13360,#10786,#10787);
#9779=AXIS2_PLACEMENT_3D('',#13361,#10788,#10789);
#9780=AXIS2_PLACEMENT_3D('',#13363,#10790,#10791);
#9781=AXIS2_PLACEMENT_3D('',#13365,#10793,#10794);
#9782=AXIS2_PLACEMENT_3D('',#13366,#10795,#10796);
#9783=AXIS2_PLACEMENT_3D('',#13368,#10797,#10798);
#9784=AXIS2_PLACEMENT_3D('',#13370,#10800,#10801);
#9785=AXIS2_PLACEMENT_3D('',#13371,#10802,#10803);
#9786=AXIS2_PLACEMENT_3D('',#13372,#10804,#10805);
#9787=AXIS2_PLACEMENT_3D('',#13373,#10806,#10807);
#9788=AXIS2_PLACEMENT_3D('',#13374,#10808,#10809);
#9789=AXIS2_PLACEMENT_3D('',#13375,#10810,#10811);
#9790=AXIS2_PLACEMENT_3D('',#13383,#10816,#10817);
#9791=AXIS2_PLACEMENT_3D('',#13385,#10819,#10820);
#9792=AXIS2_PLACEMENT_3D('',#13388,#10823,#10824);
#9793=AXIS2_PLACEMENT_3D('',#13389,#10825,#10826);
#9794=AXIS2_PLACEMENT_3D('',#13390,#10827,#10828);
#9795=AXIS2_PLACEMENT_3D('',#13394,#10831,#10832);
#9796=AXIS2_PLACEMENT_3D('',#13400,#10836,#10837);
#9797=AXIS2_PLACEMENT_3D('',#13402,#10839,#10840);
#9798=AXIS2_PLACEMENT_3D('',#13404,#10842,#10843);
#9799=AXIS2_PLACEMENT_3D('',#13405,#10844,#10845);
#9800=AXIS2_PLACEMENT_3D('',#13406,#10846,#10847);
#9801=AXIS2_PLACEMENT_3D('',#13409,#10848,#10849);
#9802=AXIS2_PLACEMENT_3D('',#13413,#10851,#10852);
#9803=AXIS2_PLACEMENT_3D('',#13417,#10854,#10855);
#9804=AXIS2_PLACEMENT_3D('',#13421,#10857,#10858);
#9805=AXIS2_PLACEMENT_3D('',#13448,#10872,#10873);
#9806=AXIS2_PLACEMENT_3D('',#13450,#10874,#10875);
#9807=AXIS2_PLACEMENT_3D('',#13452,#10876,#10877);
#9808=AXIS2_PLACEMENT_3D('',#13454,#10878,#10879);
#9809=AXIS2_PLACEMENT_3D('',#13455,#10880,#10881);
#9810=AXIS2_PLACEMENT_3D('',#13458,#10882,#10883);
#9811=AXIS2_PLACEMENT_3D('',#13462,#10885,#10886);
#9812=AXIS2_PLACEMENT_3D('',#13466,#10888,#10889);
#9813=AXIS2_PLACEMENT_3D('',#13470,#10891,#10892);
#9814=AXIS2_PLACEMENT_3D('',#13473,#10894,#10895);
#9815=AXIS2_PLACEMENT_3D('',#13475,#10896,#10897);
#9816=AXIS2_PLACEMENT_3D('',#13477,#10898,#10899);
#9817=AXIS2_PLACEMENT_3D('',#13479,#10900,#10901);
#9818=AXIS2_PLACEMENT_3D('',#13480,#10902,#10903);
#9819=AXIS2_PLACEMENT_3D('',#13483,#10906,#10907);
#9820=AXIS2_PLACEMENT_3D('',#13485,#10909,#10910);
#9821=AXIS2_PLACEMENT_3D('',#13487,#10912,#10913);
#9822=AXIS2_PLACEMENT_3D('',#13489,#10915,#10916);
#9823=AXIS2_PLACEMENT_3D('',#13491,#10918,#10919);
#9824=AXIS2_PLACEMENT_3D('',#13493,#10921,#10922);
#9825=AXIS2_PLACEMENT_3D('',#13495,#10924,#10925);
#9826=AXIS2_PLACEMENT_3D('',#13496,#10926,#10927);
#9827=AXIS2_PLACEMENT_3D('',#13498,#10929,#10930);
#9828=AXIS2_PLACEMENT_3D('',#13500,#10932,#10933);
#9829=AXIS2_PLACEMENT_3D('',#13502,#10935,#10936);
#9830=AXIS2_PLACEMENT_3D('',#13504,#10938,#10939);
#9831=AXIS2_PLACEMENT_3D('',#13510,#10943,#10944);
#9832=AXIS2_PLACEMENT_3D('',#13514,#10947,#10948);
#9833=AXIS2_PLACEMENT_3D('',#13518,#10951,#10952);
#9834=AXIS2_PLACEMENT_3D('',#13520,#10954,#10955);
#9835=AXIS2_PLACEMENT_3D('',#13521,#10956,#10957);
#9836=AXIS2_PLACEMENT_3D('',#13527,#10961,#10962);
#9837=AXIS2_PLACEMENT_3D('',#13531,#10965,#10966);
#9838=AXIS2_PLACEMENT_3D('',#13535,#10969,#10970);
#9839=AXIS2_PLACEMENT_3D('',#13537,#10972,#10973);
#9840=AXIS2_PLACEMENT_3D('',#13538,#10974,#10975);
#9841=AXIS2_PLACEMENT_3D('',#13544,#10979,#10980);
#9842=AXIS2_PLACEMENT_3D('',#13548,#10983,#10984);
#9843=AXIS2_PLACEMENT_3D('',#13552,#10987,#10988);
#9844=AXIS2_PLACEMENT_3D('',#13554,#10990,#10991);
#9845=AXIS2_PLACEMENT_3D('',#13555,#10992,#10993);
#9846=AXIS2_PLACEMENT_3D('',#13556,#10994,#10995);
#9847=AXIS2_PLACEMENT_3D('',#13565,#11000,#11001);
#9848=AXIS2_PLACEMENT_3D('',#13571,#11005,#11006);
#9849=AXIS2_PLACEMENT_3D('',#13577,#11010,#11011);
#9850=AXIS2_PLACEMENT_3D('',#13580,#11014,#11015);
#9851=AXIS2_PLACEMENT_3D('',#13581,#11016,#11017);
#9852=AXIS2_PLACEMENT_3D('',#13582,#11018,#11019);
#9853=AXIS2_PLACEMENT_3D('',#13583,#11020,#11021);
#9854=AXIS2_PLACEMENT_3D('',#13592,#11026,#11027);
#9855=AXIS2_PLACEMENT_3D('',#13598,#11031,#11032);
#9856=AXIS2_PLACEMENT_3D('',#13604,#11036,#11037);
#9857=AXIS2_PLACEMENT_3D('',#13607,#11040,#11041);
#9858=AXIS2_PLACEMENT_3D('',#13608,#11042,#11043);
#9859=AXIS2_PLACEMENT_3D('',#13609,#11044,#11045);
#9860=AXIS2_PLACEMENT_3D('',#13610,#11046,#11047);
#9861=AXIS2_PLACEMENT_3D('',#13613,#11048,#11049);
#9862=AXIS2_PLACEMENT_3D('',#13633,#11059,#11060);
#9863=AXIS2_PLACEMENT_3D('',#13644,#11066,#11067);
#9864=AXIS2_PLACEMENT_3D('',#13646,#11068,#11069);
#9865=AXIS2_PLACEMENT_3D('',#13647,#11070,#11071);
#9866=AXIS2_PLACEMENT_3D('',#13657,#11076,#11077);
#9867=AXIS2_PLACEMENT_3D('',#13658,#11078,#11079);
#9868=AXIS2_PLACEMENT_3D('',#13668,#11084,#11085);
#9869=AXIS2_PLACEMENT_3D('',#13669,#11086,#11087);
#9870=AXIS2_PLACEMENT_3D('',#13681,#11093,#11094);
#9871=AXIS2_PLACEMENT_3D('',#13682,#11095,#11096);
#9872=AXIS2_PLACEMENT_3D('',#13683,#11097,#11098);
#9873=AXIS2_PLACEMENT_3D('',#13684,#11099,#11100);
#9874=AXIS2_PLACEMENT_3D('',#13685,#11101,#11102);
#9875=AXIS2_PLACEMENT_3D('',#13699,#11103,#11104);
#9876=AXIS2_PLACEMENT_3D('',#13713,#11105,#11106);
#9877=AXIS2_PLACEMENT_3D('',#13714,#11107,#11108);
#9878=AXIS2_PLACEMENT_3D('',#13723,#11112,#11113);
#9879=AXIS2_PLACEMENT_3D('',#13727,#11116,#11117);
#9880=AXIS2_PLACEMENT_3D('',#13744,#11126,#11127);
#9881=AXIS2_PLACEMENT_3D('',#13806,#11159,#11160);
#9882=AXIS2_PLACEMENT_3D('',#13812,#11164,#11165);
#9883=AXIS2_PLACEMENT_3D('',#13816,#11168,#11169);
#9884=AXIS2_PLACEMENT_3D('',#13820,#11172,#11173);
#9885=AXIS2_PLACEMENT_3D('',#13825,#11176,#11177);
#9886=AXIS2_PLACEMENT_3D('',#13826,#11178,#11179);
#9887=AXIS2_PLACEMENT_3D('',#13830,#11182,#11183);
#9888=AXIS2_PLACEMENT_3D('',#13834,#11186,#11187);
#9889=AXIS2_PLACEMENT_3D('',#13838,#11190,#11191);
#9890=AXIS2_PLACEMENT_3D('',#13844,#11195,#11196);
#9891=AXIS2_PLACEMENT_3D('',#13848,#11199,#11200);
#9892=AXIS2_PLACEMENT_3D('',#13852,#11203,#11204);
#9893=AXIS2_PLACEMENT_3D('',#13856,#11207,#11208);
#9894=AXIS2_PLACEMENT_3D('',#13860,#11211,#11212);
#9895=AXIS2_PLACEMENT_3D('',#13864,#11215,#11216);
#9896=AXIS2_PLACEMENT_3D('',#13870,#11220,#11221);
#9897=AXIS2_PLACEMENT_3D('',#13874,#11224,#11225);
#9898=AXIS2_PLACEMENT_3D('',#13878,#11228,#11229);
#9899=AXIS2_PLACEMENT_3D('',#13882,#11232,#11233);
#9900=AXIS2_PLACEMENT_3D('',#13887,#11236,#11237);
#9901=AXIS2_PLACEMENT_3D('',#13888,#11238,#11239);
#9902=AXIS2_PLACEMENT_3D('',#13892,#11242,#11243);
#9903=AXIS2_PLACEMENT_3D('',#13896,#11246,#11247);
#9904=AXIS2_PLACEMENT_3D('',#13900,#11250,#11251);
#9905=AXIS2_PLACEMENT_3D('',#13906,#11255,#11256);
#9906=AXIS2_PLACEMENT_3D('',#13910,#11259,#11260);
#9907=AXIS2_PLACEMENT_3D('',#13921,#11267,#11268);
#9908=AXIS2_PLACEMENT_3D('',#13923,#11270,#11271);
#9909=AXIS2_PLACEMENT_3D('',#13924,#11272,#11273);
#9910=AXIS2_PLACEMENT_3D('',#13933,#11279,#11280);
#9911=AXIS2_PLACEMENT_3D('',#13937,#11283,#11284);
#9912=AXIS2_PLACEMENT_3D('',#13941,#11287,#11288);
#9913=AXIS2_PLACEMENT_3D('',#13944,#11291,#11292);
#9914=AXIS2_PLACEMENT_3D('',#13948,#11295,#11296);
#9915=AXIS2_PLACEMENT_3D('',#13952,#11299,#11300);
#9916=AXIS2_PLACEMENT_3D('',#13963,#11308,#11309);
#9917=AXIS2_PLACEMENT_3D('',#13967,#11312,#11313);
#9918=AXIS2_PLACEMENT_3D('',#13971,#11316,#11317);
#9919=AXIS2_PLACEMENT_3D('',#13973,#11319,#11320);
#9920=AXIS2_PLACEMENT_3D('',#13977,#11323,#11324);
#9921=AXIS2_PLACEMENT_3D('',#13982,#11329,#11330);
#9922=AXIS2_PLACEMENT_3D('',#13983,#11331,#11332);
#9923=AXIS2_PLACEMENT_3D('',#13985,#11334,#11335);
#9924=AXIS2_PLACEMENT_3D('',#13986,#11336,#11337);
#9925=AXIS2_PLACEMENT_3D('',#13987,#11338,#11339);
#9926=AXIS2_PLACEMENT_3D('',#14014,#11340,#11341);
#9927=AXIS2_PLACEMENT_3D('',#14015,#11342,#11343);
#9928=AXIS2_PLACEMENT_3D('',#14017,#11344,#11345);
#9929=AXIS2_PLACEMENT_3D('',#14020,#11347,#11348);
#9930=AXIS2_PLACEMENT_3D('',#14021,#11349,#11350);
#9931=AXIS2_PLACEMENT_3D('',#14023,#11351,#11352);
#9932=AXIS2_PLACEMENT_3D('',#14026,#11354,#11355);
#9933=AXIS2_PLACEMENT_3D('',#14027,#11356,#11357);
#9934=AXIS2_PLACEMENT_3D('',#14029,#11358,#11359);
#9935=AXIS2_PLACEMENT_3D('',#14032,#11361,#11362);
#9936=AXIS2_PLACEMENT_3D('',#14033,#11363,#11364);
#9937=AXIS2_PLACEMENT_3D('',#14035,#11365,#11366);
#9938=AXIS2_PLACEMENT_3D('',#14038,#11368,#11369);
#9939=AXIS2_PLACEMENT_3D('',#14039,#11370,#11371);
#9940=AXIS2_PLACEMENT_3D('',#14041,#11372,#11373);
#9941=AXIS2_PLACEMENT_3D('',#14043,#11375,#11376);
#9942=AXIS2_PLACEMENT_3D('',#14044,#11377,#11378);
#9943=AXIS2_PLACEMENT_3D('',#14046,#11379,#11380);
#9944=AXIS2_PLACEMENT_3D('',#14048,#11382,#11383);
#9945=AXIS2_PLACEMENT_3D('',#14049,#11384,#11385);
#9946=AXIS2_PLACEMENT_3D('',#14051,#11386,#11387);
#9947=AXIS2_PLACEMENT_3D('',#14053,#11389,#11390);
#9948=AXIS2_PLACEMENT_3D('',#14054,#11391,#11392);
#9949=AXIS2_PLACEMENT_3D('',#14056,#11393,#11394);
#9950=AXIS2_PLACEMENT_3D('',#14058,#11396,#11397);
#9951=AXIS2_PLACEMENT_3D('',#14059,#11398,#11399);
#9952=AXIS2_PLACEMENT_3D('',#14060,#11400,#11401);
#9953=AXIS2_PLACEMENT_3D('',#14061,#11402,#11403);
#9954=AXIS2_PLACEMENT_3D('',#14062,#11404,#11405);
#9955=AXIS2_PLACEMENT_3D('',#14063,#11406,#11407);
#9956=AXIS2_PLACEMENT_3D('',#14064,#11408,#11409);
#9957=AXIS2_PLACEMENT_3D('',#14067,#11411,#11412);
#9958=AXIS2_PLACEMENT_3D('',#14068,#11413,#11414);
#9959=AXIS2_PLACEMENT_3D('',#14069,#11415,#11416);
#9960=AXIS2_PLACEMENT_3D('',#14072,#11418,#11419);
#9961=AXIS2_PLACEMENT_3D('',#14073,#11420,#11421);
#9962=AXIS2_PLACEMENT_3D('',#14074,#11422,#11423);
#9963=AXIS2_PLACEMENT_3D('',#14076,#11425,#11426);
#9964=AXIS2_PLACEMENT_3D('',#14078,#11428,#11429);
#9965=AXIS2_PLACEMENT_3D('',#14080,#11430,#11431);
#9966=AXIS2_PLACEMENT_3D('',#14081,#11432,#11433);
#9967=AXIS2_PLACEMENT_3D('',#14083,#11435,#11436);
#9968=AXIS2_PLACEMENT_3D('',#14085,#11437,#11438);
#9969=AXIS2_PLACEMENT_3D('',#14086,#11439,#11440);
#9970=AXIS2_PLACEMENT_3D('',#14088,#11442,#11443);
#9971=AXIS2_PLACEMENT_3D('',#14090,#11444,#11445);
#9972=AXIS2_PLACEMENT_3D('',#14091,#11446,#11447);
#9973=AXIS2_PLACEMENT_3D('',#14093,#11449,#11450);
#9974=AXIS2_PLACEMENT_3D('',#14095,#11451,#11452);
#9975=AXIS2_PLACEMENT_3D('',#14096,#11453,#11454);
#9976=AXIS2_PLACEMENT_3D('',#14098,#11456,#11457);
#9977=AXIS2_PLACEMENT_3D('',#14099,#11458,#11459);
#9978=AXIS2_PLACEMENT_3D('',#14108,#11464,#11465);
#9979=AXIS2_PLACEMENT_3D('',#14117,#11470,#11471);
#9980=AXIS2_PLACEMENT_3D('',#14124,#11474,#11475);
#9981=AXIS2_PLACEMENT_3D('',#14126,#11477,#11478);
#9982=AXIS2_PLACEMENT_3D('',#14134,#11483,#11484);
#9983=AXIS2_PLACEMENT_3D('',#14182,#11510,#11511);
#9984=AXIS2_PLACEMENT_3D('',#14196,#11519,#11520);
#9985=AXIS2_PLACEMENT_3D('',#14198,#11521,#11522);
#9986=AXIS2_PLACEMENT_3D('',#14199,#11523,#11524);
#9987=AXIS2_PLACEMENT_3D('',#14205,#11528,#11529);
#9988=AXIS2_PLACEMENT_3D('',#14209,#11532,#11533);
#9989=AXIS2_PLACEMENT_3D('',#14218,#11538,#11539);
#9990=AXIS2_PLACEMENT_3D('',#14224,#11543,#11544);
#9991=AXIS2_PLACEMENT_3D('',#14230,#11548,#11549);
#9992=AXIS2_PLACEMENT_3D('',#14237,#11553,#11554);
#9993=AXIS2_PLACEMENT_3D('',#14238,#11555,#11556);
#9994=AXIS2_PLACEMENT_3D('',#14244,#11560,#11561);
#9995=AXIS2_PLACEMENT_3D('',#14250,#11565,#11566);
#9996=AXIS2_PLACEMENT_3D('',#14256,#11570,#11571);
#9997=AXIS2_PLACEMENT_3D('',#14265,#11577,#11578);
#9998=AXIS2_PLACEMENT_3D('',#14269,#11581,#11582);
#9999=AXIS2_PLACEMENT_3D('',#14273,#11585,#11586);
#10000=AXIS2_PLACEMENT_3D('',#14277,#11589,#11590);
#10001=AXIS2_PLACEMENT_3D('',#14281,#11593,#11594);
#10002=AXIS2_PLACEMENT_3D('',#14285,#11597,#11598);
#10003=AXIS2_PLACEMENT_3D('',#14295,#11604,#11605);
#10004=AXIS2_PLACEMENT_3D('',#14301,#11609,#11610);
#10005=AXIS2_PLACEMENT_3D('',#14307,#11614,#11615);
#10006=AXIS2_PLACEMENT_3D('',#14313,#11619,#11620);
#10007=AXIS2_PLACEMENT_3D('',#14320,#11624,#11625);
#10008=AXIS2_PLACEMENT_3D('',#14321,#11626,#11627);
#10009=AXIS2_PLACEMENT_3D('',#14327,#11631,#11632);
#10010=AXIS2_PLACEMENT_3D('',#14333,#11636,#11637);
#10011=AXIS2_PLACEMENT_3D('',#14339,#11641,#11642);
#10012=AXIS2_PLACEMENT_3D('',#14348,#11648,#11649);
#10013=AXIS2_PLACEMENT_3D('',#14350,#11651,#11652);
#10014=AXIS2_PLACEMENT_3D('',#14355,#11655,#11656);
#10015=AXIS2_PLACEMENT_3D('',#14356,#11657,#11658);
#10016=AXIS2_PLACEMENT_3D('',#14360,#11661,#11662);
#10017=AXIS2_PLACEMENT_3D('',#14367,#11667,#11668);
#10018=AXIS2_PLACEMENT_3D('',#14378,#11676,#11677);
#10019=AXIS2_PLACEMENT_3D('',#14380,#11679,#11680);
#10020=AXIS2_PLACEMENT_3D('',#14386,#11684,#11685);
#10021=AXIS2_PLACEMENT_3D('',#14388,#11686,#11687);
#10022=AXIS2_PLACEMENT_3D('',#14394,#11691,#11692);
#10023=AXIS2_PLACEMENT_3D('',#14396,#11694,#11695);
#10024=AXIS2_PLACEMENT_3D('',#14397,#11696,#11697);
#10025=AXIS2_PLACEMENT_3D('',#14400,#11700,#11701);
#10026=AXIS2_PLACEMENT_3D('',#14401,#11702,#11703);
#10027=AXIS2_PLACEMENT_3D('',#14402,#11704,#11705);
#10028=AXIS2_PLACEMENT_3D('',#14404,#11707,#11708);
#10029=AXIS2_PLACEMENT_3D('',#14405,#11709,#11710);
#10030=AXIS2_PLACEMENT_3D('',#14407,#11712,#11713);
#10031=AXIS2_PLACEMENT_3D('',#14408,#11714,#11715);
#10032=AXIS2_PLACEMENT_3D('',#14412,#11718,#11719);
#10033=AXIS2_PLACEMENT_3D('',#14422,#11725,#11726);
#10034=AXIS2_PLACEMENT_3D('',#14425,#11729,#11730);
#10035=AXIS2_PLACEMENT_3D('',#14426,#11731,#11732);
#10036=AXIS2_PLACEMENT_3D('',#14428,#11734,#11735);
#10037=AXIS2_PLACEMENT_3D('',#14430,#11737,#11738);
#10038=AXIS2_PLACEMENT_3D('',#14431,#11739,#11740);
#10039=AXIS2_PLACEMENT_3D('',#14441,#11746,#11747);
#10040=AXIS2_PLACEMENT_3D('',#14443,#11749,#11750);
#10041=AXIS2_PLACEMENT_3D('',#14446,#11753,#11754);
#10042=AXIS2_PLACEMENT_3D('',#14447,#11755,#11756);
#10043=AXIS2_PLACEMENT_3D('',#14449,#11758,#11759);
#10044=AXIS2_PLACEMENT_3D('',#14450,#11760,#11761);
#10045=AXIS2_PLACEMENT_3D('',#14453,#11763,#11764);
#10046=AXIS2_PLACEMENT_3D('',#14454,#11765,#11766);
#10047=AXIS2_PLACEMENT_3D('',#14455,#11767,#11768);
#10048=AXIS2_PLACEMENT_3D('',#14458,#11770,#11771);
#10049=AXIS2_PLACEMENT_3D('',#14459,#11772,#11773);
#10050=AXIS2_PLACEMENT_3D('',#14460,#11774,#11775);
#10051=AXIS2_PLACEMENT_3D('',#14462,#11777,#11778);
#10052=AXIS2_PLACEMENT_3D('',#14464,#11780,#11781);
#10053=AXIS2_PLACEMENT_3D('',#14466,#11783,#11784);
#10054=AXIS2_PLACEMENT_3D('',#14468,#11786,#11787);
#10055=AXIS2_PLACEMENT_3D('',#14469,#11788,#11789);
#10056=AXIS2_PLACEMENT_3D('',#14495,#11802,#11803);
#10057=AXIS2_PLACEMENT_3D('',#14497,#11804,#11805);
#10058=AXIS2_PLACEMENT_3D('',#14499,#11806,#11807);
#10059=AXIS2_PLACEMENT_3D('',#14500,#11808,#11809);
#10060=AXIS2_PLACEMENT_3D('',#14526,#11822,#11823);
#10061=AXIS2_PLACEMENT_3D('',#14528,#11824,#11825);
#10062=AXIS2_PLACEMENT_3D('',#14530,#11826,#11827);
#10063=AXIS2_PLACEMENT_3D('',#14531,#11828,#11829);
#10064=AXIS2_PLACEMENT_3D('',#14534,#11832,#11833);
#10065=AXIS2_PLACEMENT_3D('',#14536,#11835,#11836);
#10066=AXIS2_PLACEMENT_3D('',#14538,#11838,#11839);
#10067=AXIS2_PLACEMENT_3D('',#14540,#11841,#11842);
#10068=AXIS2_PLACEMENT_3D('',#14542,#11844,#11845);
#10069=AXIS2_PLACEMENT_3D('',#14544,#11847,#11848);
#10070=AXIS2_PLACEMENT_3D('',#14546,#11850,#11851);
#10071=AXIS2_PLACEMENT_3D('',#14548,#11853,#11854);
#10072=AXIS2_PLACEMENT_3D('',#14550,#11856,#11857);
#10073=AXIS2_PLACEMENT_3D('',#14552,#11859,#11860);
#10074=AXIS2_PLACEMENT_3D('',#14554,#11862,#11863);
#10075=AXIS2_PLACEMENT_3D('',#14555,#11864,#11865);
#10076=AXIS2_PLACEMENT_3D('',#14557,#11867,#11868);
#10077=AXIS2_PLACEMENT_3D('',#14559,#11870,#11871);
#10078=AXIS2_PLACEMENT_3D('',#14561,#11873,#11874);
#10079=AXIS2_PLACEMENT_3D('',#14562,#11875,#11876);
#10080=AXIS2_PLACEMENT_3D('',#14571,#11881,#11882);
#10081=AXIS2_PLACEMENT_3D('',#14577,#11886,#11887);
#10082=AXIS2_PLACEMENT_3D('',#14583,#11891,#11892);
#10083=AXIS2_PLACEMENT_3D('',#14589,#11896,#11897);
#10084=AXIS2_PLACEMENT_3D('',#14595,#11901,#11902);
#10085=AXIS2_PLACEMENT_3D('',#14601,#11906,#11907);
#10086=AXIS2_PLACEMENT_3D('',#14607,#11911,#11912);
#10087=AXIS2_PLACEMENT_3D('',#14613,#11916,#11917);
#10088=AXIS2_PLACEMENT_3D('',#14619,#11921,#11922);
#10089=AXIS2_PLACEMENT_3D('',#14625,#11926,#11927);
#10090=AXIS2_PLACEMENT_3D('',#14631,#11931,#11932);
#10091=AXIS2_PLACEMENT_3D('',#14637,#11936,#11937);
#10092=AXIS2_PLACEMENT_3D('',#14643,#11941,#11942);
#10093=AXIS2_PLACEMENT_3D('',#14649,#11946,#11947);
#10094=AXIS2_PLACEMENT_3D('',#14655,#11951,#11952);
#10095=AXIS2_PLACEMENT_3D('',#14661,#11956,#11957);
#10096=AXIS2_PLACEMENT_3D('',#14667,#11961,#11962);
#10097=AXIS2_PLACEMENT_3D('',#14673,#11966,#11967);
#10098=AXIS2_PLACEMENT_3D('',#14679,#11971,#11972);
#10099=AXIS2_PLACEMENT_3D('',#14685,#11976,#11977);
#10100=AXIS2_PLACEMENT_3D('',#14691,#11981,#11982);
#10101=AXIS2_PLACEMENT_3D('',#14697,#11986,#11987);
#10102=AXIS2_PLACEMENT_3D('',#14703,#11991,#11992);
#10103=AXIS2_PLACEMENT_3D('',#14706,#11995,#11996);
#10104=AXIS2_PLACEMENT_3D('',#14707,#11997,#11998);
#10105=AXIS2_PLACEMENT_3D('',#14708,#11999,#12000);
#10106=AXIS2_PLACEMENT_3D('',#14709,#12001,#12002);
#10107=AXIS2_PLACEMENT_3D('',#14718,#12007,#12008);
#10108=AXIS2_PLACEMENT_3D('',#14724,#12012,#12013);
#10109=AXIS2_PLACEMENT_3D('',#14730,#12017,#12018);
#10110=AXIS2_PLACEMENT_3D('',#14736,#12022,#12023);
#10111=AXIS2_PLACEMENT_3D('',#14742,#12027,#12028);
#10112=AXIS2_PLACEMENT_3D('',#14748,#12032,#12033);
#10113=AXIS2_PLACEMENT_3D('',#14754,#12037,#12038);
#10114=AXIS2_PLACEMENT_3D('',#14760,#12042,#12043);
#10115=AXIS2_PLACEMENT_3D('',#14766,#12047,#12048);
#10116=AXIS2_PLACEMENT_3D('',#14772,#12052,#12053);
#10117=AXIS2_PLACEMENT_3D('',#14778,#12057,#12058);
#10118=AXIS2_PLACEMENT_3D('',#14784,#12062,#12063);
#10119=AXIS2_PLACEMENT_3D('',#14790,#12067,#12068);
#10120=AXIS2_PLACEMENT_3D('',#14792,#12069,#12070);
#10121=AXIS2_PLACEMENT_3D('',#14795,#12072,#12073);
#10122=AXIS2_PLACEMENT_3D('',#14796,#12074,#12075);
#10123=AXIS2_PLACEMENT_3D('',#14802,#12079,#12080);
#10124=AXIS2_PLACEMENT_3D('',#14808,#12084,#12085);
#10125=AXIS2_PLACEMENT_3D('',#14814,#12089,#12090);
#10126=AXIS2_PLACEMENT_3D('',#14820,#12094,#12095);
#10127=AXIS2_PLACEMENT_3D('',#14826,#12099,#12100);
#10128=AXIS2_PLACEMENT_3D('',#14832,#12104,#12105);
#10129=AXIS2_PLACEMENT_3D('',#14838,#12109,#12110);
#10130=AXIS2_PLACEMENT_3D('',#14844,#12114,#12115);
#10131=AXIS2_PLACEMENT_3D('',#14850,#12119,#12120);
#10132=AXIS2_PLACEMENT_3D('',#14856,#12124,#12125);
#10133=AXIS2_PLACEMENT_3D('',#14862,#12129,#12130);
#10134=AXIS2_PLACEMENT_3D('',#14868,#12134,#12135);
#10135=AXIS2_PLACEMENT_3D('',#14874,#12139,#12140);
#10136=AXIS2_PLACEMENT_3D('',#14880,#12144,#12145);
#10137=AXIS2_PLACEMENT_3D('',#14886,#12149,#12150);
#10138=AXIS2_PLACEMENT_3D('',#14888,#12151,#12152);
#10139=AXIS2_PLACEMENT_3D('',#14891,#12154,#12155);
#10140=AXIS2_PLACEMENT_3D('',#14892,#12156,#12157);
#10141=AXIS2_PLACEMENT_3D('',#14898,#12161,#12162);
#10142=AXIS2_PLACEMENT_3D('',#14904,#12166,#12167);
#10143=AXIS2_PLACEMENT_3D('',#14910,#12171,#12172);
#10144=AXIS2_PLACEMENT_3D('',#14916,#12176,#12177);
#10145=AXIS2_PLACEMENT_3D('',#14922,#12181,#12182);
#10146=AXIS2_PLACEMENT_3D('',#14928,#12186,#12187);
#10147=AXIS2_PLACEMENT_3D('',#14934,#12191,#12192);
#10148=AXIS2_PLACEMENT_3D('',#14940,#12196,#12197);
#10149=AXIS2_PLACEMENT_3D('',#14946,#12201,#12202);
#10150=AXIS2_PLACEMENT_3D('',#14952,#12206,#12207);
#10151=AXIS2_PLACEMENT_3D('',#14958,#12211,#12212);
#10152=AXIS2_PLACEMENT_3D('',#14964,#12216,#12217);
#10153=AXIS2_PLACEMENT_3D('',#14970,#12221,#12222);
#10154=AXIS2_PLACEMENT_3D('',#14976,#12226,#12227);
#10155=AXIS2_PLACEMENT_3D('',#14982,#12231,#12232);
#10156=AXIS2_PLACEMENT_3D('',#14984,#12233,#12234);
#10157=AXIS2_PLACEMENT_3D('',#14987,#12236,#12237);
#10158=AXIS2_PLACEMENT_3D('',#14988,#12238,#12239);
#10159=AXIS2_PLACEMENT_3D('',#14994,#12243,#12244);
#10160=AXIS2_PLACEMENT_3D('',#15000,#12248,#12249);
#10161=AXIS2_PLACEMENT_3D('',#15006,#12253,#12254);
#10162=AXIS2_PLACEMENT_3D('',#15012,#12258,#12259);
#10163=AXIS2_PLACEMENT_3D('',#15018,#12263,#12264);
#10164=AXIS2_PLACEMENT_3D('',#15024,#12268,#12269);
#10165=AXIS2_PLACEMENT_3D('',#15030,#12273,#12274);
#10166=AXIS2_PLACEMENT_3D('',#15036,#12278,#12279);
#10167=AXIS2_PLACEMENT_3D('',#15042,#12283,#12284);
#10168=AXIS2_PLACEMENT_3D('',#15048,#12288,#12289);
#10169=AXIS2_PLACEMENT_3D('',#15054,#12293,#12294);
#10170=AXIS2_PLACEMENT_3D('',#15060,#12298,#12299);
#10171=AXIS2_PLACEMENT_3D('',#15066,#12303,#12304);
#10172=AXIS2_PLACEMENT_3D('',#15072,#12308,#12309);
#10173=AXIS2_PLACEMENT_3D('',#15078,#12313,#12314);
#10174=AXIS2_PLACEMENT_3D('',#15080,#12315,#12316);
#10175=AXIS2_PLACEMENT_3D('',#15083,#12318,#12319);
#10176=AXIS2_PLACEMENT_3D('',#15084,#12320,#12321);
#10177=AXIS2_PLACEMENT_3D('',#15090,#12325,#12326);
#10178=AXIS2_PLACEMENT_3D('',#15093,#12329,#12330);
#10179=AXIS2_PLACEMENT_3D('',#15098,#12332,#12333);
#10180=AXIS2_PLACEMENT_3D('',#15108,#12338,#12339);
#10181=AXIS2_PLACEMENT_3D('',#15118,#12344,#12345);
#10182=AXIS2_PLACEMENT_3D('',#15128,#12350,#12351);
#10183=AXIS2_PLACEMENT_3D('',#15135,#12355,#12356);
#10184=AXIS2_PLACEMENT_3D('',#15136,#12357,#12358);
#10185=AXIS2_PLACEMENT_3D('',#15139,#12359,#12360);
#10186=AXIS2_PLACEMENT_3D('',#15149,#12365,#12366);
#10187=AXIS2_PLACEMENT_3D('',#15159,#12371,#12372);
#10188=AXIS2_PLACEMENT_3D('',#15169,#12377,#12378);
#10189=AXIS2_PLACEMENT_3D('',#15178,#12383,#12384);
#10190=AXIS2_PLACEMENT_3D('',#15179,#12385,#12386);
#10191=AXIS2_PLACEMENT_3D('',#15181,#12388,#12389);
#10192=AXIS2_PLACEMENT_3D('',#15184,#12392,#12393);
#10193=AXIS2_PLACEMENT_3D('',#15186,#12395,#12396);
#10194=AXIS2_PLACEMENT_3D('',#15188,#12398,#12399);
#10195=AXIS2_PLACEMENT_3D('',#15190,#12401,#12402);
#10196=AXIS2_PLACEMENT_3D('',#15191,#12403,#12404);
#10197=AXIS2_PLACEMENT_3D('',#15194,#12407,#12408);
#10198=AXIS2_PLACEMENT_3D('',#15196,#12410,#12411);
#10199=AXIS2_PLACEMENT_3D('',#15198,#12413,#12414);
#10200=AXIS2_PLACEMENT_3D('',#15200,#12416,#12417);
#10201=AXIS2_PLACEMENT_3D('',#15201,#12418,#12419);
#10202=AXIS2_PLACEMENT_3D('',#15204,#12422,#12423);
#10203=AXIS2_PLACEMENT_3D('',#15206,#12425,#12426);
#10204=AXIS2_PLACEMENT_3D('',#15208,#12428,#12429);
#10205=AXIS2_PLACEMENT_3D('',#15210,#12431,#12432);
#10206=AXIS2_PLACEMENT_3D('',#15211,#12433,#12434);
#10207=AXIS2_PLACEMENT_3D('',#15214,#12437,#12438);
#10208=AXIS2_PLACEMENT_3D('',#15216,#12440,#12441);
#10209=AXIS2_PLACEMENT_3D('',#15218,#12443,#12444);
#10210=AXIS2_PLACEMENT_3D('',#15220,#12446,#12447);
#10211=AXIS2_PLACEMENT_3D('',#15221,#12448,#12449);
#10212=AXIS2_PLACEMENT_3D('',#15222,#12450,#12451);
#10213=AXIS2_PLACEMENT_3D('',#15231,#12456,#12457);
#10214=AXIS2_PLACEMENT_3D('',#15237,#12461,#12462);
#10215=AXIS2_PLACEMENT_3D('',#15243,#12466,#12467);
#10216=AXIS2_PLACEMENT_3D('',#15249,#12471,#12472);
#10217=AXIS2_PLACEMENT_3D('',#15255,#12476,#12477);
#10218=AXIS2_PLACEMENT_3D('',#15261,#12481,#12482);
#10219=AXIS2_PLACEMENT_3D('',#15267,#12486,#12487);
#10220=AXIS2_PLACEMENT_3D('',#15270,#12490,#12491);
#10221=AXIS2_PLACEMENT_3D('',#15272,#12492,#12493);
#10222=AXIS2_PLACEMENT_3D('',#15274,#12494,#12495);
#10223=AXIS2_PLACEMENT_3D('',#15276,#12496,#12497);
#10224=AXIS2_PLACEMENT_3D('',#15278,#12498,#12499);
#10225=AXIS2_PLACEMENT_3D('',#15280,#12500,#12501);
#10226=AXIS2_PLACEMENT_3D('',#15281,#12502,#12503);
#10227=AXIS2_PLACEMENT_3D('',#15283,#12504,#12505);
#10228=AXIS2_PLACEMENT_3D('',#15285,#12507,#12508);
#10229=AXIS2_PLACEMENT_3D('',#15286,#12509,#12510);
#10230=AXIS2_PLACEMENT_3D('',#15288,#12511,#12512);
#10231=AXIS2_PLACEMENT_3D('',#15290,#12514,#12515);
#10232=AXIS2_PLACEMENT_3D('',#15291,#12516,#12517);
#10233=AXIS2_PLACEMENT_3D('',#15293,#12518,#12519);
#10234=AXIS2_PLACEMENT_3D('',#15295,#12521,#12522);
#10235=AXIS2_PLACEMENT_3D('',#15296,#12523,#12524);
#10236=AXIS2_PLACEMENT_3D('',#15298,#12525,#12526);
#10237=AXIS2_PLACEMENT_3D('',#15300,#12528,#12529);
#10238=AXIS2_PLACEMENT_3D('',#15301,#12530,#12531);
#10239=AXIS2_PLACEMENT_3D('',#15304,#12533,#12534);
#10240=AXIS2_PLACEMENT_3D('',#15305,#12535,#12536);
#10241=AXIS2_PLACEMENT_3D('',#15307,#12537,#12538);
#10242=AXIS2_PLACEMENT_3D('',#15308,#12539,#12540);
#10243=AXIS2_PLACEMENT_3D('',#15311,#12542,#12543);
#10244=AXIS2_PLACEMENT_3D('',#15312,#12544,#12545);
#10245=AXIS2_PLACEMENT_3D('',#15313,#12546,#12547);
#10246=AXIS2_PLACEMENT_3D('',#15314,#12548,#12549);
#10247=AXIS2_PLACEMENT_3D('',#15315,#12550,#12551);
#10248=AXIS2_PLACEMENT_3D('',#15317,#12552,#12553);
#10249=AXIS2_PLACEMENT_3D('',#15320,#12555,#12556);
#10250=AXIS2_PLACEMENT_3D('',#15321,#12557,#12558);
#10251=AXIS2_PLACEMENT_3D('',#15323,#12559,#12560);
#10252=AXIS2_PLACEMENT_3D('',#15326,#12562,#12563);
#10253=AXIS2_PLACEMENT_3D('',#15327,#12564,#12565);
#10254=AXIS2_PLACEMENT_3D('',#15356,#12580,#12581);
#10255=AXIS2_PLACEMENT_3D('',#15362,#12585,#12586);
#10256=AXIS2_PLACEMENT_3D('',#15368,#12590,#12591);
#10257=AXIS2_PLACEMENT_3D('',#15391,#12603,#12604);
#10258=AXIS2_PLACEMENT_3D('',#15393,#12605,#12606);
#10259=AXIS2_PLACEMENT_3D('',#15395,#12607,#12608);
#10260=AXIS2_PLACEMENT_3D('',#15397,#12609,#12610);
#10261=AXIS2_PLACEMENT_3D('',#15399,#12611,#12612);
#10262=AXIS2_PLACEMENT_3D('',#15401,#12613,#12614);
#10263=AXIS2_PLACEMENT_3D('',#15403,#12615,#12616);
#10264=AXIS2_PLACEMENT_3D('',#15404,#12617,#12618);
#10265=AXIS2_PLACEMENT_3D('',#15409,#12622,#12623);
#10266=AXIS2_PLACEMENT_3D('',#15413,#12626,#12627);
#10267=AXIS2_PLACEMENT_3D('',#15417,#12630,#12631);
#10268=AXIS2_PLACEMENT_3D('',#15421,#12634,#12635);
#10269=AXIS2_PLACEMENT_3D('',#15425,#12638,#12639);
#10270=AXIS2_PLACEMENT_3D('',#15429,#12642,#12643);
#10271=AXIS2_PLACEMENT_3D('',#15433,#12646,#12647);
#10272=AXIS2_PLACEMENT_3D('',#15437,#12650,#12651);
#10273=AXIS2_PLACEMENT_3D('',#15441,#12654,#12655);
#10274=AXIS2_PLACEMENT_3D('',#15445,#12658,#12659);
#10275=AXIS2_PLACEMENT_3D('',#15447,#12661,#12662);
#10276=AXIS2_PLACEMENT_3D('',#15448,#12663,#12664);
#10277=AXIS2_PLACEMENT_3D('',#15452,#12667,#12668);
#10278=AXIS2_PLACEMENT_3D('',#15456,#12671,#12672);
#10279=AXIS2_PLACEMENT_3D('',#15471,#12680,#12681);
#10280=AXIS2_PLACEMENT_3D('',#15473,#12682,#12683);
#10281=AXIS2_PLACEMENT_3D('',#15475,#12684,#12685);
#10282=AXIS2_PLACEMENT_3D('',#15477,#12686,#12687);
#10283=AXIS2_PLACEMENT_3D('',#15479,#12688,#12689);
#10284=AXIS2_PLACEMENT_3D('',#15480,#12690,#12691);
#10285=AXIS2_PLACEMENT_3D('',#15482,#12693,#12694);
#10286=AXIS2_PLACEMENT_3D('',#15484,#12696,#12697);
#10287=AXIS2_PLACEMENT_3D('',#15486,#12699,#12700);
#10288=AXIS2_PLACEMENT_3D('',#15488,#12702,#12703);
#10289=AXIS2_PLACEMENT_3D('',#15490,#12705,#12706);
#10290=AXIS2_PLACEMENT_3D('',#15492,#12708,#12709);
#10291=AXIS2_PLACEMENT_3D('',#15493,#12710,#12711);
#10292=AXIS2_PLACEMENT_3D('',#15495,#12713,#12714);
#10293=AXIS2_PLACEMENT_3D('',#15497,#12716,#12717);
#10294=AXIS2_PLACEMENT_3D('',#15499,#12719,#12720);
#10295=AXIS2_PLACEMENT_3D('',#15501,#12722,#12723);
#10296=AXIS2_PLACEMENT_3D('',#15503,#12724,#12725);
#10297=AXIS2_PLACEMENT_3D('',#15505,#12727,#12728);
#10298=AXIS2_PLACEMENT_3D('',#15507,#12729,#12730);
#10299=AXIS2_PLACEMENT_3D('',#15508,#12731,#12732);
#10300=AXIS2_PLACEMENT_3D('',#15510,#12734,#12735);
#10301=AXIS2_PLACEMENT_3D('',#15512,#12736,#12737);
#10302=AXIS2_PLACEMENT_3D('',#15513,#12738,#12739);
#10303=AXIS2_PLACEMENT_3D('',#15515,#12741,#12742);
#10304=AXIS2_PLACEMENT_3D('',#15517,#12743,#12744);
#10305=AXIS2_PLACEMENT_3D('',#15518,#12745,#12746);
#10306=AXIS2_PLACEMENT_3D('',#15520,#12748,#12749);
#10307=AXIS2_PLACEMENT_3D('',#15521,#12750,#12751);
#10308=AXIS2_PLACEMENT_3D('',#15523,#12752,#12753);
#10309=AXIS2_PLACEMENT_3D('',#15526,#12755,#12756);
#10310=AXIS2_PLACEMENT_3D('',#15527,#12757,#12758);
#10311=AXIS2_PLACEMENT_3D('',#15528,#12759,#12760);
#10312=AXIS2_PLACEMENT_3D('',#15530,#12761,#12762);
#10313=AXIS2_PLACEMENT_3D('',#15533,#12764,#12765);
#10314=AXIS2_PLACEMENT_3D('',#15534,#12766,#12767);
#10315=AXIS2_PLACEMENT_3D('',#15537,#12768,#12769);
#10316=AXIS2_PLACEMENT_3D('',#15539,#12771,#12772);
#10317=AXIS2_PLACEMENT_3D('',#15540,#12773,#12774);
#10318=AXIS2_PLACEMENT_3D('',#15544,#12776,#12777);
#10319=AXIS2_PLACEMENT_3D('',#15546,#12779,#12780);
#10320=AXIS2_PLACEMENT_3D('',#15548,#12782,#12783);
#10321=AXIS2_PLACEMENT_3D('',#15549,#12784,#12785);
#10322=AXIS2_PLACEMENT_3D('',#15550,#12786,#12787);
#10323=AXIS2_PLACEMENT_3D('',#15552,#12788,#12789);
#10324=AXIS2_PLACEMENT_3D('',#15554,#12790,#12791);
#10325=AXIS2_PLACEMENT_3D('',#15555,#12792,#12793);
#10326=AXIS2_PLACEMENT_3D('',#15557,#12794,#12795);
#10327=AXIS2_PLACEMENT_3D('',#15559,#12796,#12797);
#10328=AXIS2_PLACEMENT_3D('',#15560,#12798,#12799);
#10329=AXIS2_PLACEMENT_3D('',#15562,#12801,#12802);
#10330=AXIS2_PLACEMENT_3D('',#15564,#12804,#12805);
#10331=AXIS2_PLACEMENT_3D('',#15565,#12806,#12807);
#10332=AXIS2_PLACEMENT_3D('',#15566,#12808,#12809);
#10333=AXIS2_PLACEMENT_3D('',#15567,#12810,#12811);
#10334=AXIS2_PLACEMENT_3D('',#15568,#12812,#12813);
#10335=AXIS2_PLACEMENT_3D('',#15569,#12814,#12815);
#10336=AXIS2_PLACEMENT_3D('',#15570,#12816,#12817);
#10337=AXIS2_PLACEMENT_3D('',#15571,#12818,#12819);
#10338=AXIS2_PLACEMENT_3D('',#15572,#12820,#12821);
#10339=AXIS2_PLACEMENT_3D('',#15573,#12822,#12823);
#10340=AXIS2_PLACEMENT_3D('',#15574,#12824,#12825);
#10341=AXIS2_PLACEMENT_3D('',#15575,#12826,#12827);
#10342=AXIS2_PLACEMENT_3D('',#15576,#12828,#12829);
#10343=AXIS2_PLACEMENT_3D('',#15577,#12830,#12831);
#10344=AXIS2_PLACEMENT_3D('',#15578,#12832,#12833);
#10345=AXIS2_PLACEMENT_3D('',#15579,#12834,#12835);
#10346=AXIS2_PLACEMENT_3D('',#15580,#12836,#12837);
#10347=AXIS2_PLACEMENT_3D('',#15581,#12838,#12839);
#10348=AXIS2_PLACEMENT_3D('',#15582,#12840,#12841);
#10349=AXIS2_PLACEMENT_3D('',#15583,#12842,#12843);
#10350=AXIS2_PLACEMENT_3D('',#15584,#12844,#12845);
#10351=AXIS2_PLACEMENT_3D('',#15585,#12846,#12847);
#10352=AXIS2_PLACEMENT_3D('',#15586,#12848,#12849);
#10353=AXIS2_PLACEMENT_3D('',#15587,#12850,#12851);
#10354=AXIS2_PLACEMENT_3D('',#15588,#12852,#12853);
#10355=AXIS2_PLACEMENT_3D('',#15589,#12854,#12855);
#10356=AXIS2_PLACEMENT_3D('',#15590,#12856,#12857);
#10357=DIRECTION('axis',(0.,0.,1.));
#10358=DIRECTION('refdir',(1.,0.,0.));
#10359=DIRECTION('axis',(0.,0.,1.));
#10360=DIRECTION('refdir',(1.,0.,0.));
#10361=DIRECTION('center_axis',(1.,0.,0.));
#10362=DIRECTION('ref_axis',(0.,0.,-1.));
#10363=DIRECTION('',(0.,2.22044604925031E-16,1.));
#10364=DIRECTION('',(0.,-1.,0.));
#10365=DIRECTION('',(0.,0.,-1.));
#10366=DIRECTION('',(0.,1.,0.));
#10367=DIRECTION('',(0.,0.368357839297002,0.929684087326681));
#10368=DIRECTION('center_axis',(-1.,0.,0.));
#10369=DIRECTION('ref_axis',(0.,0.,1.));
#10370=DIRECTION('',(0.,0.,-1.));
#10371=DIRECTION('',(0.,1.,0.));
#10372=DIRECTION('',(0.,0.,1.));
#10373=DIRECTION('center_axis',(-1.,0.,0.));
#10374=DIRECTION('ref_axis',(0.,0.,1.));
#10375=DIRECTION('',(0.,-1.,0.));
#10376=DIRECTION('',(0.,0.30181741143334,0.953365748365064));
#10377=DIRECTION('',(0.,-1.,0.));
#10378=DIRECTION('',(0.,0.368357839297002,-0.929684087326681));
#10379=DIRECTION('',(0.,1.,0.));
#10380=DIRECTION('',(0.,0.,-1.));
#10381=DIRECTION('',(0.,-1.,0.));
#10382=DIRECTION('',(0.,0.,1.));
#10383=DIRECTION('',(0.,-0.707106781186547,0.707106781186547));
#10384=DIRECTION('',(0.,-1.,0.));
#10385=DIRECTION('',(0.,0.,-1.));
#10386=DIRECTION('',(0.,-1.,0.));
#10387=DIRECTION('center_axis',(0.,0.929684087326681,0.368357839297003));
#10388=DIRECTION('ref_axis',(0.,-0.368357839297003,0.929684087326681));
#10389=DIRECTION('',(0.,0.368357839297002,-0.929684087326681));
#10390=DIRECTION('',(1.,0.,0.));
#10391=DIRECTION('',(0.,-0.368357839297002,0.929684087326681));
#10392=DIRECTION('',(1.,0.,0.));
#10393=DIRECTION('center_axis',(0.,0.929684087326681,0.368357839297002));
#10394=DIRECTION('ref_axis',(0.,-0.368357839297002,0.929684087326681));
#10395=DIRECTION('',(1.,0.,0.));
#10396=DIRECTION('',(0.,-0.368357839297002,0.929684087326681));
#10397=DIRECTION('',(-1.,0.,0.));
#10398=DIRECTION('center_axis',(-1.,0.,0.));
#10399=DIRECTION('ref_axis',(0.,0.,1.));
#10400=DIRECTION('center_axis',(-1.,0.,0.));
#10401=DIRECTION('ref_axis',(0.,0.,1.));
#10402=DIRECTION('',(-1.,0.,0.));
#10403=DIRECTION('',(-1.,0.,0.));
#10404=DIRECTION('center_axis',(0.,0.317649722808369,0.948208127786177));
#10405=DIRECTION('ref_axis',(1.,0.,0.));
#10406=DIRECTION('center_axis',(0.,0.317649722808369,0.948208127786177));
#10407=DIRECTION('ref_axis',(0.,-0.948208127786177,0.317649722808369));
#10408=DIRECTION('',(-1.,0.,0.));
#10409=DIRECTION('',(-1.,0.,0.));
#10410=DIRECTION('',(-1.,0.,0.));
#10411=DIRECTION('',(0.,0.948208127786177,-0.317649722808369));
#10412=DIRECTION('',(-1.,0.,0.));
#10413=DIRECTION('',(0.,0.948208127786177,-0.317649722808369));
#10414=DIRECTION('',(-1.,0.,0.));
#10415=DIRECTION('',(1.,0.,0.));
#10416=DIRECTION('',(-1.,0.,0.));
#10417=DIRECTION('center_axis',(0.,-1.,0.));
#10418=DIRECTION('ref_axis',(0.,0.,-1.));
#10419=DIRECTION('center_axis',(0.,-1.,0.));
#10420=DIRECTION('ref_axis',(0.,0.,-1.));
#10421=DIRECTION('',(0.,0.,-1.));
#10422=DIRECTION('',(-1.,0.,0.));
#10423=DIRECTION('',(0.,0.,1.));
#10424=DIRECTION('center_axis',(0.,-1.,0.));
#10425=DIRECTION('ref_axis',(0.,0.,-1.));
#10426=DIRECTION('center_axis',(0.,-1.,0.));
#10427=DIRECTION('ref_axis',(0.,0.,-1.));
#10428=DIRECTION('',(0.,0.,1.));
#10429=DIRECTION('',(-1.,0.,0.));
#10430=DIRECTION('',(1.,0.,0.));
#10431=DIRECTION('',(0.,0.,-1.));
#10432=DIRECTION('',(-1.,0.,0.));
#10433=DIRECTION('',(0.,0.,-1.));
#10434=DIRECTION('',(-1.,0.,0.));
#10435=DIRECTION('',(0.,0.,-1.));
#10436=DIRECTION('',(1.,0.,0.));
#10437=DIRECTION('',(0.,0.,-1.));
#10438=DIRECTION('',(-1.,0.,0.));
#10439=DIRECTION('center_axis',(0.,0.,1.));
#10440=DIRECTION('ref_axis',(1.,0.,0.));
#10441=DIRECTION('',(0.,1.,0.));
#10442=DIRECTION('',(1.,0.,0.));
#10443=DIRECTION('',(0.,1.,0.));
#10444=DIRECTION('',(1.,0.,0.));
#10445=DIRECTION('',(0.,1.,0.));
#10446=DIRECTION('',(-1.,0.,0.));
#10447=DIRECTION('',(0.,1.,0.));
#10448=DIRECTION('',(0.707106781186547,0.707106781186548,0.));
#10449=DIRECTION('',(1.,0.,0.));
#10450=DIRECTION('',(0.707106781186547,-0.707106781186548,0.));
#10451=DIRECTION('',(0.,-1.,0.));
#10452=DIRECTION('',(-1.,0.,0.));
#10453=DIRECTION('',(0.,-1.,0.));
#10454=DIRECTION('',(1.,1.22124532708767E-14,0.));
#10455=DIRECTION('',(0.,-1.,0.));
#10456=DIRECTION('',(1.,0.,0.));
#10457=DIRECTION('',(0.,1.,0.));
#10458=DIRECTION('',(1.,0.,0.));
#10459=DIRECTION('',(0.,1.,0.));
#10460=DIRECTION('',(-1.,0.,0.));
#10461=DIRECTION('',(0.,1.,0.));
#10462=DIRECTION('',(0.707106781186548,0.707106781186548,0.));
#10463=DIRECTION('',(1.,0.,0.));
#10464=DIRECTION('',(0.707106781186547,-0.707106781186548,0.));
#10465=DIRECTION('',(0.,-1.,0.));
#10466=DIRECTION('',(-1.,0.,0.));
#10467=DIRECTION('',(0.,-1.,0.));
#10468=DIRECTION('',(1.,0.,0.));
#10469=DIRECTION('',(-1.,0.,0.));
#10470=DIRECTION('',(0.,-1.,0.));
#10471=DIRECTION('center_axis',(0.,-1.,0.));
#10472=DIRECTION('ref_axis',(0.,0.,-1.));
#10473=DIRECTION('',(0.,0.,-1.));
#10474=DIRECTION('',(-1.,0.,0.));
#10475=DIRECTION('',(0.,0.,-1.));
#10476=DIRECTION('center_axis',(1.,0.,0.));
#10477=DIRECTION('ref_axis',(0.,0.,-1.));
#10478=DIRECTION('',(0.,0.,-1.));
#10479=DIRECTION('',(0.,-1.,0.));
#10480=DIRECTION('center_axis',(0.707106781186548,0.707106781186547,0.));
#10481=DIRECTION('ref_axis',(0.,0.,-1.));
#10482=DIRECTION('',(0.,0.,-1.));
#10483=DIRECTION('',(0.707106781186547,-0.707106781186548,0.));
#10484=DIRECTION('center_axis',(0.,1.,0.));
#10485=DIRECTION('ref_axis',(0.,0.,1.));
#10486=DIRECTION('',(0.,0.,-1.));
#10487=DIRECTION('',(1.,0.,0.));
#10488=DIRECTION('center_axis',(-0.707106781186548,0.707106781186548,0.));
#10489=DIRECTION('ref_axis',(0.,0.,1.));
#10490=DIRECTION('',(0.,0.,-1.));
#10491=DIRECTION('',(0.707106781186548,0.707106781186548,0.));
#10492=DIRECTION('center_axis',(-1.,0.,0.));
#10493=DIRECTION('ref_axis',(0.,0.,1.));
#10494=DIRECTION('',(0.,0.,-1.));
#10495=DIRECTION('',(0.,1.,0.));
#10496=DIRECTION('center_axis',(0.,-1.,0.));
#10497=DIRECTION('ref_axis',(0.,0.,-1.));
#10498=DIRECTION('',(0.,0.,-1.));
#10499=DIRECTION('',(-1.,0.,0.));
#10500=DIRECTION('center_axis',(-1.,0.,0.));
#10501=DIRECTION('ref_axis',(0.,0.,1.));
#10502=DIRECTION('',(0.,0.,-1.));
#10503=DIRECTION('',(0.,1.,0.));
#10504=DIRECTION('center_axis',(0.,1.,0.));
#10505=DIRECTION('ref_axis',(0.,0.,1.));
#10506=DIRECTION('',(0.,0.,-1.));
#10507=DIRECTION('',(1.,0.,0.));
#10508=DIRECTION('center_axis',(-1.,0.,0.));
#10509=DIRECTION('ref_axis',(0.,0.,1.));
#10510=DIRECTION('',(0.,0.,-1.));
#10511=DIRECTION('',(0.,1.,0.));
#10512=DIRECTION('center_axis',(0.,1.,0.));
#10513=DIRECTION('ref_axis',(0.,0.,1.));
#10514=DIRECTION('',(0.,0.,-1.));
#10515=DIRECTION('',(1.,0.,0.));
#10516=DIRECTION('center_axis',(1.,0.,0.));
#10517=DIRECTION('ref_axis',(0.,0.,-1.));
#10518=DIRECTION('',(0.,0.,-1.));
#10519=DIRECTION('',(0.,-1.,0.));
#10520=DIRECTION('center_axis',(-1.21430643318376E-14,1.,0.));
#10521=DIRECTION('ref_axis',(0.,0.,1.));
#10522=DIRECTION('',(0.,0.,-1.));
#10523=DIRECTION('',(1.,1.22124532708767E-14,0.));
#10524=DIRECTION('center_axis',(1.,0.,0.));
#10525=DIRECTION('ref_axis',(0.,0.,-1.));
#10526=DIRECTION('',(0.,0.,-1.));
#10527=DIRECTION('',(0.,-1.,0.));
#10528=DIRECTION('center_axis',(0.,-1.,0.));
#10529=DIRECTION('ref_axis',(0.,0.,-1.));
#10530=DIRECTION('',(0.,0.,-1.));
#10531=DIRECTION('',(-1.,0.,0.));
#10532=DIRECTION('center_axis',(1.,0.,0.));
#10533=DIRECTION('ref_axis',(0.,0.,-1.));
#10534=DIRECTION('',(0.,0.,-1.));
#10535=DIRECTION('',(0.,-1.,0.));
#10536=DIRECTION('center_axis',(0.707106781186548,0.707106781186547,0.));
#10537=DIRECTION('ref_axis',(0.,0.,-1.));
#10538=DIRECTION('',(0.,0.,-1.));
#10539=DIRECTION('',(0.707106781186547,-0.707106781186548,0.));
#10540=DIRECTION('center_axis',(0.,1.,0.));
#10541=DIRECTION('ref_axis',(0.,0.,1.));
#10542=DIRECTION('',(0.,0.,-1.));
#10543=DIRECTION('',(1.,0.,0.));
#10544=DIRECTION('center_axis',(-0.707106781186548,0.707106781186547,0.));
#10545=DIRECTION('ref_axis',(0.,0.,1.));
#10546=DIRECTION('',(0.,0.,-1.));
#10547=DIRECTION('',(0.707106781186547,0.707106781186548,0.));
#10548=DIRECTION('center_axis',(-1.,0.,0.));
#10549=DIRECTION('ref_axis',(0.,0.,1.));
#10550=DIRECTION('',(0.,0.,-1.));
#10551=DIRECTION('',(0.,1.,0.));
#10552=DIRECTION('center_axis',(0.,-1.,0.));
#10553=DIRECTION('ref_axis',(0.,0.,-1.));
#10554=DIRECTION('',(0.,0.,-1.));
#10555=DIRECTION('',(-1.,0.,0.));
#10556=DIRECTION('center_axis',(-1.,0.,0.));
#10557=DIRECTION('ref_axis',(0.,0.,1.));
#10558=DIRECTION('',(0.,0.,-1.));
#10559=DIRECTION('',(0.,1.,0.));
#10560=DIRECTION('center_axis',(0.,1.,0.));
#10561=DIRECTION('ref_axis',(0.,0.,1.));
#10562=DIRECTION('',(0.,0.,-1.));
#10563=DIRECTION('',(1.,0.,0.));
#10564=DIRECTION('center_axis',(-1.,0.,0.));
#10565=DIRECTION('ref_axis',(0.,0.,1.));
#10566=DIRECTION('',(0.,-1.,0.));
#10567=DIRECTION('',(0.,2.22044604925031E-16,1.));
#10568=DIRECTION('',(0.,1.,0.));
#10569=DIRECTION('',(0.,0.707106781186547,-0.707106781186548));
#10570=DIRECTION('',(0.,0.,-1.));
#10571=DIRECTION('',(0.,1.,0.));
#10572=DIRECTION('',(0.,0.,1.));
#10573=DIRECTION('',(0.,-1.,0.));
#10574=DIRECTION('',(0.,-1.,0.));
#10575=DIRECTION('',(0.,-0.30181741143334,-0.953365748365064));
#10576=DIRECTION('',(0.,-1.,0.));
#10577=DIRECTION('center_axis',(1.,0.,0.));
#10578=DIRECTION('ref_axis',(0.,0.,-1.));
#10579=DIRECTION('',(0.,0.,-1.));
#10580=DIRECTION('',(0.,-1.,0.));
#10581=DIRECTION('',(0.,0.,1.));
#10582=DIRECTION('center_axis',(1.,0.,0.));
#10583=DIRECTION('ref_axis',(0.,0.,-1.));
#10584=DIRECTION('',(0.,-0.368357839297002,-0.929684087326681));
#10585=DIRECTION('',(0.,-1.,0.));
#10586=DIRECTION('center_axis',(0.,1.,0.));
#10587=DIRECTION('ref_axis',(0.,0.,1.));
#10588=DIRECTION('',(0.,0.,-1.));
#10589=DIRECTION('',(1.,0.,0.));
#10590=DIRECTION('center_axis',(1.,0.,0.));
#10591=DIRECTION('ref_axis',(0.,0.,-1.));
#10592=DIRECTION('',(0.,-1.,0.));
#10593=DIRECTION('center_axis',(0.,0.,1.));
#10594=DIRECTION('ref_axis',(1.,0.,0.));
#10595=DIRECTION('',(-1.,0.,0.));
#10596=DIRECTION('',(0.,1.,0.));
#10597=DIRECTION('',(-1.,0.,0.));
#10598=DIRECTION('',(0.,1.,0.));
#10599=DIRECTION('',(0.,1.,0.));
#10600=DIRECTION('',(1.,0.,0.));
#10601=DIRECTION('',(0.,1.,0.));
#10602=DIRECTION('',(1.,0.,0.));
#10603=DIRECTION('center_axis',(0.,-0.707106781186548,-0.707106781186548));
#10604=DIRECTION('ref_axis',(-1.,0.,0.));
#10605=DIRECTION('',(0.,0.707106781186548,-0.707106781186547));
#10606=DIRECTION('',(-1.,0.,0.));
#10607=DIRECTION('center_axis',(0.,-1.,0.));
#10608=DIRECTION('ref_axis',(0.,0.,-1.));
#10609=DIRECTION('',(0.,0.,-1.));
#10610=DIRECTION('',(-1.,0.,0.));
#10611=DIRECTION('center_axis',(0.,0.,-1.));
#10612=DIRECTION('ref_axis',(-1.,0.,0.));
#10613=DIRECTION('',(0.,1.,0.));
#10614=DIRECTION('center_axis',(-1.,0.,0.));
#10615=DIRECTION('ref_axis',(0.,0.,1.));
#10616=DIRECTION('',(0.,-1.,0.));
#10617=DIRECTION('',(0.,0.,-1.));
#10618=DIRECTION('',(0.,-1.,0.));
#10619=DIRECTION('',(0.,0.,1.));
#10620=DIRECTION('center_axis',(-1.,0.,0.));
#10621=DIRECTION('ref_axis',(0.,0.,1.));
#10622=DIRECTION('',(0.,-0.368357839297002,-0.929684087326681));
#10623=DIRECTION('',(0.,-1.,0.));
#10624=DIRECTION('',(0.,1.,0.));
#10625=DIRECTION('',(0.,0.,1.));
#10626=DIRECTION('',(0.,1.,0.));
#10627=DIRECTION('',(0.,0.301817411433341,0.953365748365063));
#10628=DIRECTION('',(0.,-1.,0.));
#10629=DIRECTION('',(0.,0.301817411433341,0.953365748365063));
#10630=DIRECTION('',(0.,-1.,0.));
#10631=DIRECTION('center_axis',(0.,0.,-1.));
#10632=DIRECTION('ref_axis',(-1.,0.,0.));
#10633=DIRECTION('',(0.,-1.,0.));
#10634=DIRECTION('',(1.,0.,0.));
#10635=DIRECTION('center_axis',(0.,-1.,0.));
#10636=DIRECTION('ref_axis',(0.,0.,-1.));
#10637=DIRECTION('',(0.,0.,1.));
#10638=DIRECTION('',(1.,0.,0.));
#10639=DIRECTION('center_axis',(0.,-0.707106781186548,-0.707106781186548));
#10640=DIRECTION('ref_axis',(-1.,0.,0.));
#10641=DIRECTION('',(0.,-0.707106781186547,0.707106781186548));
#10642=DIRECTION('center_axis',(1.,0.,0.));
#10643=DIRECTION('ref_axis',(0.,0.,-1.));
#10644=DIRECTION('',(0.,-1.,0.));
#10645=DIRECTION('',(0.,-0.30181741143334,-0.953365748365064));
#10646=DIRECTION('',(0.,1.,0.));
#10647=DIRECTION('',(0.,0.,-1.));
#10648=DIRECTION('',(0.,1.,0.));
#10649=DIRECTION('',(0.,1.,0.));
#10650=DIRECTION('',(0.,0.368357839297002,0.929684087326681));
#10651=DIRECTION('center_axis',(1.,0.,0.));
#10652=DIRECTION('ref_axis',(0.,0.,-1.));
#10653=DIRECTION('',(0.,0.,-1.));
#10654=DIRECTION('',(0.,1.,0.));
#10655=DIRECTION('',(0.,0.,1.));
#10656=DIRECTION('center_axis',(1.,0.,0.));
#10657=DIRECTION('ref_axis',(0.,0.,-1.));
#10658=DIRECTION('',(0.,-0.301817411433341,-0.953365748365063));
#10659=DIRECTION('',(0.,-1.,0.));
#10660=DIRECTION('',(0.,1.,0.));
#10661=DIRECTION('center_axis',(0.,1.,0.));
#10662=DIRECTION('ref_axis',(0.,0.,1.));
#10663=DIRECTION('',(1.,0.,0.));
#10664=DIRECTION('',(1.,0.,0.));
#10665=DIRECTION('center_axis',(0.,0.,1.));
#10666=DIRECTION('ref_axis',(1.,0.,0.));
#10667=DIRECTION('',(1.,0.,0.));
#10668=DIRECTION('center_axis',(0.,-1.,0.));
#10669=DIRECTION('ref_axis',(0.,0.,-1.));
#10670=DIRECTION('',(1.,0.,0.));
#10671=DIRECTION('center_axis',(1.,0.,0.));
#10672=DIRECTION('ref_axis',(0.,0.,-1.));
#10673=DIRECTION('',(1.,0.,0.));
#10674=DIRECTION('center_axis',(0.,0.,1.));
#10675=DIRECTION('ref_axis',(1.,0.,0.));
#10676=DIRECTION('',(1.,0.,0.));
#10677=DIRECTION('center_axis',(0.,0.,1.));
#10678=DIRECTION('ref_axis',(1.,0.,0.));
#10679=DIRECTION('',(1.,0.,0.));
#10680=DIRECTION('center_axis',(0.,-0.929684087326681,0.368357839297002));
#10681=DIRECTION('ref_axis',(0.,-0.368357839297002,-0.929684087326681));
#10682=DIRECTION('',(1.,0.,0.));
#10683=DIRECTION('center_axis',(1.,0.,0.));
#10684=DIRECTION('ref_axis',(0.,0.187504550175888,0.982263734270658));
#10685=DIRECTION('center_axis',(0.,1.,0.));
#10686=DIRECTION('ref_axis',(0.,0.,1.));
#10687=DIRECTION('',(-1.,0.,0.));
#10688=DIRECTION('',(-1.,0.,0.));
#10689=DIRECTION('center_axis',(-1.,0.,0.));
#10690=DIRECTION('ref_axis',(0.,0.,1.));
#10691=DIRECTION('',(-1.,0.,0.));
#10692=DIRECTION('center_axis',(0.,-0.929684087326681,0.368357839297002));
#10693=DIRECTION('ref_axis',(0.,-0.368357839297002,-0.929684087326681));
#10694=DIRECTION('',(-1.,0.,0.));
#10695=DIRECTION('center_axis',(0.,0.,1.));
#10696=DIRECTION('ref_axis',(1.,0.,0.));
#10697=DIRECTION('center_axis',(0.,0.,1.));
#10698=DIRECTION('ref_axis',(1.,0.,0.));
#10699=DIRECTION('',(-1.,0.,0.));
#10700=DIRECTION('center_axis',(0.,-1.,0.));
#10701=DIRECTION('ref_axis',(0.,0.,-1.));
#10702=DIRECTION('',(-1.,0.,0.));
#10703=DIRECTION('center_axis',(0.,0.,1.));
#10704=DIRECTION('ref_axis',(1.,0.,0.));
#10705=DIRECTION('center_axis',(0.,-1.,0.));
#10706=DIRECTION('ref_axis',(0.,0.,-1.));
#10707=DIRECTION('',(0.,0.,1.));
#10708=DIRECTION('',(-1.,0.,0.));
#10709=DIRECTION('center_axis',(0.,-1.,0.));
#10710=DIRECTION('ref_axis',(0.,0.,-1.));
#10711=DIRECTION('',(-1.,0.,0.));
#10712=DIRECTION('',(0.,0.,1.));
#10713=DIRECTION('center_axis',(-1.,0.,0.));
#10714=DIRECTION('ref_axis',(0.,0.,1.));
#10715=DIRECTION('',(-1.,0.,0.));
#10716=DIRECTION('center_axis',(1.,0.,0.));
#10717=DIRECTION('ref_axis',(0.,0.,-1.));
#10718=DIRECTION('',(-1.,0.,0.));
#10719=DIRECTION('center_axis',(1.,0.,0.));
#10720=DIRECTION('ref_axis',(0.,0.,-1.));
#10721=DIRECTION('center_axis',(0.,3.82491034020901E-16,-1.));
#10722=DIRECTION('ref_axis',(-1.,0.,0.));
#10723=DIRECTION('',(0.,-1.,-2.44794261773378E-16));
#10724=DIRECTION('',(-1.,0.,0.));
#10725=DIRECTION('',(0.,-1.,-2.44794261773378E-16));
#10726=DIRECTION('center_axis',(-1.,0.,0.));
#10727=DIRECTION('ref_axis',(0.,0.,1.));
#10728=DIRECTION('center_axis',(1.,0.,0.));
#10729=DIRECTION('ref_axis',(0.,0.,-1.));
#10730=DIRECTION('',(-1.,0.,0.));
#10731=DIRECTION('center_axis',(1.,0.,0.));
#10732=DIRECTION('ref_axis',(0.,0.,-1.));
#10733=DIRECTION('center_axis',(0.,0.953365748365063,-0.301817411433341));
#10734=DIRECTION('ref_axis',(0.,0.301817411433341,0.953365748365064));
#10735=DIRECTION('',(-1.,0.,0.));
#10736=DIRECTION('',(0.,-0.301817411433341,-0.953365748365063));
#10737=DIRECTION('',(0.,-0.301817411433341,-0.953365748365063));
#10738=DIRECTION('',(-1.,0.,0.));
#10739=DIRECTION('',(1.,0.,0.));
#10740=DIRECTION('',(1.,0.,0.));
#10741=DIRECTION('',(1.,0.,0.));
#10742=DIRECTION('center_axis',(0.,0.953365748365063,-0.301817411433341));
#10743=DIRECTION('ref_axis',(0.,-0.301817411433341,-0.953365748365063));
#10744=DIRECTION('center_axis',(0.,0.953365748365063,-0.301817411433341));
#10745=DIRECTION('ref_axis',(0.,-0.301817411433341,-0.953365748365063));
#10746=DIRECTION('center_axis',(-1.,0.,0.));
#10747=DIRECTION('ref_axis',(0.,0.58410199331608,-0.8116802704293));
#10748=DIRECTION('center_axis',(1.,0.,0.));
#10749=DIRECTION('ref_axis',(0.,0.,-1.));
#10750=DIRECTION('',(-1.,0.,0.));
#10751=DIRECTION('center_axis',(1.,0.,0.));
#10752=DIRECTION('ref_axis',(0.,0.,-1.));
#10753=DIRECTION('center_axis',(0.,-1.,0.));
#10754=DIRECTION('ref_axis',(0.,0.,-1.));
#10755=DIRECTION('',(0.,-1.09167669515236E-14,1.));
#10756=DIRECTION('',(0.,-1.09167669515236E-14,1.));
#10757=DIRECTION('center_axis',(0.,1.,0.));
#10758=DIRECTION('ref_axis',(0.,0.,1.));
#10759=DIRECTION('center_axis',(0.,1.,0.));
#10760=DIRECTION('ref_axis',(0.,0.,1.));
#10761=DIRECTION('center_axis',(0.,1.,0.));
#10762=DIRECTION('ref_axis',(0.,0.,1.));
#10763=DIRECTION('',(1.,0.,0.));
#10764=DIRECTION('',(-1.,0.,0.));
#10765=DIRECTION('center_axis',(1.,0.,0.));
#10766=DIRECTION('ref_axis',(0.,0.,-1.));
#10767=DIRECTION('center_axis',(1.,0.,0.));
#10768=DIRECTION('ref_axis',(0.,0.,-1.));
#10769=DIRECTION('center_axis',(0.,0.,1.));
#10770=DIRECTION('ref_axis',(1.,0.,0.));
#10771=DIRECTION('center_axis',(0.,0.,-1.));
#10772=DIRECTION('ref_axis',(-1.,0.,0.));
#10773=DIRECTION('center_axis',(0.,1.,0.));
#10774=DIRECTION('ref_axis',(0.,0.,1.));
#10775=DIRECTION('',(0.,1.,0.));
#10776=DIRECTION('center_axis',(0.,1.,0.));
#10777=DIRECTION('ref_axis',(0.,0.,1.));
#10778=DIRECTION('center_axis',(0.,-1.,0.));
#10779=DIRECTION('ref_axis',(0.,0.,-1.));
#10780=DIRECTION('',(0.,1.,0.));
#10781=DIRECTION('center_axis',(0.,1.,0.));
#10782=DIRECTION('ref_axis',(0.,0.,1.));
#10783=DIRECTION('center_axis',(0.,-1.,0.));
#10784=DIRECTION('ref_axis',(0.,0.,-1.));
#10785=DIRECTION('',(0.,1.,0.));
#10786=DIRECTION('center_axis',(0.,-1.,0.));
#10787=DIRECTION('ref_axis',(0.,0.,-1.));
#10788=DIRECTION('center_axis',(0.,-1.,0.));
#10789=DIRECTION('ref_axis',(0.,0.,-1.));
#10790=DIRECTION('center_axis',(0.,-1.,0.));
#10791=DIRECTION('ref_axis',(0.,0.,-1.));
#10792=DIRECTION('',(0.,1.,0.));
#10793=DIRECTION('center_axis',(0.,-1.,0.));
#10794=DIRECTION('ref_axis',(0.,0.,-1.));
#10795=DIRECTION('center_axis',(0.,-1.,0.));
#10796=DIRECTION('ref_axis',(0.,0.,-1.));
#10797=DIRECTION('center_axis',(0.,-1.,0.));
#10798=DIRECTION('ref_axis',(0.,0.,-1.));
#10799=DIRECTION('',(0.,1.,0.));
#10800=DIRECTION('center_axis',(0.,-1.,0.));
#10801=DIRECTION('ref_axis',(0.,0.,-1.));
#10802=DIRECTION('center_axis',(0.,0.,-1.));
#10803=DIRECTION('ref_axis',(-1.,0.,0.));
#10804=DIRECTION('center_axis',(0.,0.,1.));
#10805=DIRECTION('ref_axis',(1.,0.,0.));
#10806=DIRECTION('center_axis',(0.,0.,-1.));
#10807=DIRECTION('ref_axis',(-1.,0.,0.));
#10808=DIRECTION('center_axis',(0.,0.,1.));
#10809=DIRECTION('ref_axis',(1.,0.,0.));
#10810=DIRECTION('center_axis',(0.,0.,1.));
#10811=DIRECTION('ref_axis',(1.,0.,0.));
#10812=DIRECTION('',(1.,0.,0.));
#10813=DIRECTION('',(0.,-1.,0.));
#10814=DIRECTION('',(1.,0.,0.));
#10815=DIRECTION('',(0.,-1.,0.));
#10816=DIRECTION('center_axis',(0.,1.,-3.46944695195361E-16));
#10817=DIRECTION('ref_axis',(0.,3.46944695195361E-16,1.));
#10818=DIRECTION('',(0.,0.,1.));
#10819=DIRECTION('center_axis',(0.,-1.,0.));
#10820=DIRECTION('ref_axis',(0.,0.,-1.));
#10821=DIRECTION('',(0.,0.,-1.));
#10822=DIRECTION('',(0.,0.,-1.));
#10823=DIRECTION('center_axis',(1.,0.,0.));
#10824=DIRECTION('ref_axis',(0.,0.,-1.));
#10825=DIRECTION('center_axis',(1.,0.,0.));
#10826=DIRECTION('ref_axis',(0.,0.,-1.));
#10827=DIRECTION('center_axis',(0.,-1.,3.46944695195361E-16));
#10828=DIRECTION('ref_axis',(0.,-3.46944695195361E-16,-1.));
#10829=DIRECTION('',(-1.,0.,0.));
#10830=DIRECTION('',(0.,0.,1.));
#10831=DIRECTION('center_axis',(0.,0.,-1.));
#10832=DIRECTION('ref_axis',(-1.,0.,0.));
#10833=DIRECTION('',(0.,-1.,0.));
#10834=DIRECTION('',(-1.,0.,0.));
#10835=DIRECTION('',(0.,-1.,0.));
#10836=DIRECTION('center_axis',(-1.,0.,0.));
#10837=DIRECTION('ref_axis',(0.,0.,1.));
#10838=DIRECTION('',(0.,0.,-1.));
#10839=DIRECTION('center_axis',(0.,1.,0.));
#10840=DIRECTION('ref_axis',(0.,0.,1.));
#10841=DIRECTION('',(0.,0.,-1.));
#10842=DIRECTION('center_axis',(-1.,0.,0.));
#10843=DIRECTION('ref_axis',(0.,0.,1.));
#10844=DIRECTION('axis',(0.,0.,1.));
#10845=DIRECTION('refdir',(1.,0.,0.));
#10846=DIRECTION('center_axis',(0.,-1.,0.));
#10847=DIRECTION('ref_axis',(0.,0.,-1.));
#10848=DIRECTION('center_axis',(0.,1.,0.));
#10849=DIRECTION('ref_axis',(0.,0.,-1.));
#10850=DIRECTION('',(1.,0.,0.));
#10851=DIRECTION('center_axis',(0.,1.,0.));
#10852=DIRECTION('ref_axis',(0.,0.,1.));
#10853=DIRECTION('',(0.,0.,-1.));
#10854=DIRECTION('center_axis',(0.,1.,0.));
#10855=DIRECTION('ref_axis',(0.,0.,-1.));
#10856=DIRECTION('',(-1.,0.,0.));
#10857=DIRECTION('center_axis',(0.,1.,0.));
#10858=DIRECTION('ref_axis',(0.,0.,-1.));
#10859=DIRECTION('',(0.,0.,1.));
#10860=DIRECTION('',(0.,0.,1.));
#10861=DIRECTION('',(-1.,0.,0.));
#10862=DIRECTION('',(0.,0.,-1.));
#10863=DIRECTION('',(1.,0.,0.));
#10864=DIRECTION('',(0.,0.,1.));
#10865=DIRECTION('',(-1.,0.,0.));
#10866=DIRECTION('',(0.,0.,-1.));
#10867=DIRECTION('',(1.,0.,0.));
#10868=DIRECTION('',(0.,0.,1.));
#10869=DIRECTION('',(-1.,0.,0.));
#10870=DIRECTION('',(0.,0.,-1.));
#10871=DIRECTION('',(1.,0.,0.));
#10872=DIRECTION('center_axis',(0.,1.,0.));
#10873=DIRECTION('ref_axis',(0.,0.,1.));
#10874=DIRECTION('center_axis',(0.,1.,0.));
#10875=DIRECTION('ref_axis',(0.,0.,1.));
#10876=DIRECTION('center_axis',(0.,1.,0.));
#10877=DIRECTION('ref_axis',(0.,0.,1.));
#10878=DIRECTION('center_axis',(0.,1.,0.));
#10879=DIRECTION('ref_axis',(0.,0.,1.));
#10880=DIRECTION('center_axis',(0.,-1.,0.));
#10881=DIRECTION('ref_axis',(0.,0.,-1.));
#10882=DIRECTION('center_axis',(0.,1.,0.));
#10883=DIRECTION('ref_axis',(0.,0.,-1.));
#10884=DIRECTION('',(0.,0.,1.));
#10885=DIRECTION('center_axis',(0.,1.,0.));
#10886=DIRECTION('ref_axis',(0.,0.,-1.));
#10887=DIRECTION('',(-1.,0.,0.));
#10888=DIRECTION('center_axis',(0.,1.,0.));
#10889=DIRECTION('ref_axis',(0.,0.,-1.));
#10890=DIRECTION('',(0.,0.,-1.));
#10891=DIRECTION('center_axis',(0.,1.,0.));
#10892=DIRECTION('ref_axis',(0.,0.,1.));
#10893=DIRECTION('',(1.,0.,0.));
#10894=DIRECTION('center_axis',(0.,1.,0.));
#10895=DIRECTION('ref_axis',(0.,0.,1.));
#10896=DIRECTION('center_axis',(0.,1.,0.));
#10897=DIRECTION('ref_axis',(0.,0.,1.));
#10898=DIRECTION('center_axis',(0.,1.,0.));
#10899=DIRECTION('ref_axis',(0.,0.,1.));
#10900=DIRECTION('center_axis',(0.,1.,0.));
#10901=DIRECTION('ref_axis',(0.,0.,1.));
#10902=DIRECTION('center_axis',(0.,-1.,0.));
#10903=DIRECTION('ref_axis',(0.,0.,-1.));
#10904=DIRECTION('',(0.,-1.,0.));
#10905=DIRECTION('',(0.,-1.,0.));
#10906=DIRECTION('center_axis',(0.,0.,-1.));
#10907=DIRECTION('ref_axis',(-1.,0.,0.));
#10908=DIRECTION('',(0.,-1.,0.));
#10909=DIRECTION('center_axis',(0.,-1.,0.));
#10910=DIRECTION('ref_axis',(0.,0.,-1.));
#10911=DIRECTION('',(0.,-1.,0.));
#10912=DIRECTION('center_axis',(-1.,0.,0.));
#10913=DIRECTION('ref_axis',(0.,0.,1.));
#10914=DIRECTION('',(0.,-1.,0.));
#10915=DIRECTION('center_axis',(0.,-1.,0.));
#10916=DIRECTION('ref_axis',(0.,0.,-1.));
#10917=DIRECTION('',(0.,-1.,0.));
#10918=DIRECTION('center_axis',(0.,0.,1.));
#10919=DIRECTION('ref_axis',(1.,0.,0.));
#10920=DIRECTION('',(0.,-1.,0.));
#10921=DIRECTION('center_axis',(0.,-1.,0.));
#10922=DIRECTION('ref_axis',(0.,0.,-1.));
#10923=DIRECTION('',(0.,-1.,0.));
#10924=DIRECTION('center_axis',(1.,0.,0.));
#10925=DIRECTION('ref_axis',(0.,0.,-1.));
#10926=DIRECTION('center_axis',(0.,-1.,0.));
#10927=DIRECTION('ref_axis',(0.,0.,-1.));
#10928=DIRECTION('',(0.,-1.,0.));
#10929=DIRECTION('center_axis',(0.,-1.,0.));
#10930=DIRECTION('ref_axis',(0.,0.,-1.));
#10931=DIRECTION('',(0.,-1.,0.));
#10932=DIRECTION('center_axis',(0.,-1.,0.));
#10933=DIRECTION('ref_axis',(0.,0.,-1.));
#10934=DIRECTION('',(0.,-1.,0.));
#10935=DIRECTION('center_axis',(0.,-1.,0.));
#10936=DIRECTION('ref_axis',(0.,0.,-1.));
#10937=DIRECTION('',(0.,-1.,0.));
#10938=DIRECTION('center_axis',(1.,0.,0.));
#10939=DIRECTION('ref_axis',(0.,0.,-1.));
#10940=DIRECTION('',(0.,-1.,0.));
#10941=DIRECTION('',(0.,0.,1.));
#10942=DIRECTION('',(0.,-1.,0.));
#10943=DIRECTION('center_axis',(0.,0.,-1.));
#10944=DIRECTION('ref_axis',(-1.,0.,0.));
#10945=DIRECTION('',(0.,-1.,0.));
#10946=DIRECTION('',(1.,0.,0.));
#10947=DIRECTION('center_axis',(-1.,0.,0.));
#10948=DIRECTION('ref_axis',(0.,0.,1.));
#10949=DIRECTION('',(0.,-1.,0.));
#10950=DIRECTION('',(0.,0.,-1.));
#10951=DIRECTION('center_axis',(0.,0.,1.));
#10952=DIRECTION('ref_axis',(1.,0.,0.));
#10953=DIRECTION('',(-1.,0.,0.));
#10954=DIRECTION('center_axis',(0.,1.,0.));
#10955=DIRECTION('ref_axis',(0.,0.,1.));
#10956=DIRECTION('center_axis',(1.,0.,0.));
#10957=DIRECTION('ref_axis',(0.,0.,-1.));
#10958=DIRECTION('',(0.,-1.,0.));
#10959=DIRECTION('',(0.,0.,1.));
#10960=DIRECTION('',(0.,-1.,0.));
#10961=DIRECTION('center_axis',(0.,0.,-1.));
#10962=DIRECTION('ref_axis',(-1.,0.,0.));
#10963=DIRECTION('',(0.,-1.,0.));
#10964=DIRECTION('',(1.,0.,0.));
#10965=DIRECTION('center_axis',(-1.,0.,0.));
#10966=DIRECTION('ref_axis',(0.,0.,1.));
#10967=DIRECTION('',(0.,-1.,0.));
#10968=DIRECTION('',(0.,0.,-1.));
#10969=DIRECTION('center_axis',(0.,0.,1.));
#10970=DIRECTION('ref_axis',(1.,0.,0.));
#10971=DIRECTION('',(-1.,0.,0.));
#10972=DIRECTION('center_axis',(0.,1.,0.));
#10973=DIRECTION('ref_axis',(0.,0.,1.));
#10974=DIRECTION('center_axis',(1.,0.,0.));
#10975=DIRECTION('ref_axis',(0.,0.,-1.));
#10976=DIRECTION('',(0.,-1.,0.));
#10977=DIRECTION('',(0.,0.,1.));
#10978=DIRECTION('',(0.,-1.,0.));
#10979=DIRECTION('center_axis',(0.,0.,-1.));
#10980=DIRECTION('ref_axis',(-1.,0.,0.));
#10981=DIRECTION('',(0.,-1.,0.));
#10982=DIRECTION('',(1.,0.,0.));
#10983=DIRECTION('center_axis',(-1.,0.,0.));
#10984=DIRECTION('ref_axis',(0.,0.,1.));
#10985=DIRECTION('',(0.,-1.,0.));
#10986=DIRECTION('',(0.,0.,-1.));
#10987=DIRECTION('center_axis',(0.,0.,1.));
#10988=DIRECTION('ref_axis',(1.,0.,0.));
#10989=DIRECTION('',(-1.,0.,0.));
#10990=DIRECTION('center_axis',(0.,1.,0.));
#10991=DIRECTION('ref_axis',(0.,0.,1.));
#10992=DIRECTION('axis',(0.,0.,1.));
#10993=DIRECTION('refdir',(1.,0.,0.));
#10994=DIRECTION('center_axis',(1.,0.,0.));
#10995=DIRECTION('ref_axis',(0.,0.,-1.));
#10996=DIRECTION('',(0.,0.,1.));
#10997=DIRECTION('',(0.,-1.,0.));
#10998=DIRECTION('',(0.,0.,1.));
#10999=DIRECTION('',(0.,-1.,0.));
#11000=DIRECTION('center_axis',(0.,0.,-1.));
#11001=DIRECTION('ref_axis',(-1.,0.,0.));
#11002=DIRECTION('',(1.,0.,0.));
#11003=DIRECTION('',(0.,-1.,0.));
#11004=DIRECTION('',(1.,0.,0.));
#11005=DIRECTION('center_axis',(-1.,0.,0.));
#11006=DIRECTION('ref_axis',(0.,0.,1.));
#11007=DIRECTION('',(0.,0.,-1.));
#11008=DIRECTION('',(0.,-1.,0.));
#11009=DIRECTION('',(0.,0.,-1.));
#11010=DIRECTION('center_axis',(0.,0.,1.));
#11011=DIRECTION('ref_axis',(1.,0.,0.));
#11012=DIRECTION('',(-1.,0.,0.));
#11013=DIRECTION('',(-1.,0.,0.));
#11014=DIRECTION('center_axis',(0.,-1.,0.));
#11015=DIRECTION('ref_axis',(0.,0.,-1.));
#11016=DIRECTION('center_axis',(0.,-1.,0.));
#11017=DIRECTION('ref_axis',(0.,0.,-1.));
#11018=DIRECTION('axis',(0.,0.,1.));
#11019=DIRECTION('refdir',(1.,0.,0.));
#11020=DIRECTION('center_axis',(1.,0.,0.));
#11021=DIRECTION('ref_axis',(0.,0.,-1.));
#11022=DIRECTION('',(0.,0.,1.));
#11023=DIRECTION('',(0.,-1.,0.));
#11024=DIRECTION('',(0.,0.,1.));
#11025=DIRECTION('',(0.,-1.,0.));
#11026=DIRECTION('center_axis',(0.,0.,-1.));
#11027=DIRECTION('ref_axis',(-1.,0.,0.));
#11028=DIRECTION('',(1.,0.,0.));
#11029=DIRECTION('',(0.,-1.,0.));
#11030=DIRECTION('',(1.,0.,0.));
#11031=DIRECTION('center_axis',(-1.,0.,0.));
#11032=DIRECTION('ref_axis',(0.,0.,1.));
#11033=DIRECTION('',(0.,0.,-1.));
#11034=DIRECTION('',(0.,-1.,0.));
#11035=DIRECTION('',(0.,0.,-1.));
#11036=DIRECTION('center_axis',(0.,0.,1.));
#11037=DIRECTION('ref_axis',(1.,0.,0.));
#11038=DIRECTION('',(-1.,0.,0.));
#11039=DIRECTION('',(-1.,0.,0.));
#11040=DIRECTION('center_axis',(0.,-1.,0.));
#11041=DIRECTION('ref_axis',(0.,0.,-1.));
#11042=DIRECTION('center_axis',(0.,-1.,0.));
#11043=DIRECTION('ref_axis',(0.,0.,-1.));
#11044=DIRECTION('axis',(0.,0.,1.));
#11045=DIRECTION('refdir',(1.,0.,0.));
#11046=DIRECTION('center_axis',(0.,-1.,-4.35355704505748E-16));
#11047=DIRECTION('ref_axis',(0.,4.35355704505749E-16,-1.));
#11048=DIRECTION('center_axis',(0.,1.,4.35355704505748E-16));
#11049=DIRECTION('ref_axis',(0.,-4.35355704505748E-16,1.));
#11050=DIRECTION('',(1.,0.,0.));
#11051=DIRECTION('',(0.,-4.91158573106061E-16,1.));
#11052=DIRECTION('',(1.,0.,0.));
#11053=DIRECTION('',(0.,1.11451060353471E-15,-1.));
#11054=DIRECTION('',(1.,0.,0.));
#11055=DIRECTION('',(0.,-5.57255301767354E-16,1.));
#11056=DIRECTION('',(1.,0.,0.));
#11057=DIRECTION('',(0.,-3.27439048737374E-16,1.));
#11058=DIRECTION('',(1.,0.,0.));
#11059=DIRECTION('center_axis',(0.,1.,4.35355704505748E-16));
#11060=DIRECTION('ref_axis',(0.,-4.35355704505748E-16,1.));
#11061=DIRECTION('',(1.,0.,0.));
#11062=DIRECTION('',(6.27431794767747E-16,0.,1.));
#11063=DIRECTION('',(-1.,0.,0.));
#11064=DIRECTION('',(0.,3.13715897383873E-16,-1.));
#11065=DIRECTION('',(1.,0.,0.));
#11066=DIRECTION('center_axis',(0.,1.,4.35355704505748E-16));
#11067=DIRECTION('ref_axis',(0.,-4.35355704505749E-16,1.));
#11068=DIRECTION('center_axis',(0.,-1.,-4.35355704505748E-16));
#11069=DIRECTION('ref_axis',(0.,4.35355704505748E-16,-1.));
#11070=DIRECTION('center_axis',(0.,0.970142500145332,0.242535625036333));
#11071=DIRECTION('ref_axis',(0.,-0.242535625036333,0.970142500145332));
#11072=DIRECTION('',(0.,-0.242535625036333,0.970142500145332));
#11073=DIRECTION('',(1.,0.,0.));
#11074=DIRECTION('',(0.,0.242535625036333,-0.970142500145332));
#11075=DIRECTION('',(1.,0.,0.));
#11076=DIRECTION('center_axis',(0.,0.970142500145332,0.242535625036333));
#11077=DIRECTION('ref_axis',(0.,-0.242535625036333,0.970142500145332));
#11078=DIRECTION('center_axis',(0.,0.970142500145332,0.242535625036333));
#11079=DIRECTION('ref_axis',(0.,-0.242535625036333,0.970142500145332));
#11080=DIRECTION('',(0.,0.242535625036333,-0.970142500145332));
#11081=DIRECTION('',(-1.,0.,0.));
#11082=DIRECTION('',(0.,0.242535625036333,-0.970142500145332));
#11083=DIRECTION('',(1.,0.,0.));
#11084=DIRECTION('center_axis',(0.,0.970142500145332,0.242535625036333));
#11085=DIRECTION('ref_axis',(0.,-0.242535625036333,0.970142500145332));
#11086=DIRECTION('center_axis',(0.,0.990190226420885,-0.139725858381892));
#11087=DIRECTION('ref_axis',(0.,0.139725858381892,0.990190226420885));
#11088=DIRECTION('',(1.,0.,0.));
#11089=DIRECTION('',(0.,-0.139725858381892,-0.990190226420885));
#11090=DIRECTION('',(1.,0.,0.));
#11091=DIRECTION('',(0.,-0.139725858381883,-0.990190226420886));
#11092=DIRECTION('',(1.,0.,0.));
#11093=DIRECTION('center_axis',(0.,0.990190226420885,-0.139725858381892));
#11094=DIRECTION('ref_axis',(0.,-0.139725858381892,-0.990190226420885));
#11095=DIRECTION('center_axis',(1.,0.,0.));
#11096=DIRECTION('ref_axis',(0.,0.,-1.));
#11097=DIRECTION('center_axis',(1.,0.,0.));
#11098=DIRECTION('ref_axis',(0.,0.,-1.));
#11099=DIRECTION('center_axis',(1.,0.,0.));
#11100=DIRECTION('ref_axis',(0.,0.,-1.));
#11101=DIRECTION('center_axis',(1.,0.,0.));
#11102=DIRECTION('ref_axis',(0.,0.0700348969411454,0.997544541968149));
#11103=DIRECTION('center_axis',(1.,0.,0.));
#11104=DIRECTION('ref_axis',(0.,0.,-1.));
#11105=DIRECTION('center_axis',(1.,0.,0.));
#11106=DIRECTION('ref_axis',(0.,0.,-1.));
#11107=DIRECTION('center_axis',(0.,0.990190226420885,-0.139725858381892));
#11108=DIRECTION('ref_axis',(0.,0.139725858381892,0.990190226420885));
#11109=DIRECTION('',(-1.,0.,0.));
#11110=DIRECTION('',(5.42279073522822E-16,0.139725858381892,0.990190226420885));
#11111=DIRECTION('',(1.,0.,0.));
#11112=DIRECTION('center_axis',(0.,0.990190226420885,-0.139725858381892));
#11113=DIRECTION('ref_axis',(0.,-0.139725858381892,-0.990190226420885));
#11114=DIRECTION('',(1.,0.,0.));
#11115=DIRECTION('',(0.,-0.139725858381892,-0.990190226420885));
#11116=DIRECTION('center_axis',(0.,-1.,0.));
#11117=DIRECTION('ref_axis',(0.,0.,-1.));
#11118=DIRECTION('',(0.,0.,1.));
#11119=DIRECTION('',(-1.,0.,0.));
#11120=DIRECTION('',(0.,0.,-1.));
#11121=DIRECTION('',(-1.,0.,0.));
#11122=DIRECTION('',(0.,0.,-1.));
#11123=DIRECTION('',(1.,0.,0.));
#11124=DIRECTION('',(0.,0.,-1.));
#11125=DIRECTION('',(-1.,0.,0.));
#11126=DIRECTION('center_axis',(0.,0.,1.));
#11127=DIRECTION('ref_axis',(1.,0.,0.));
#11128=DIRECTION('',(0.,1.,0.));
#11129=DIRECTION('',(1.,0.,0.));
#11130=DIRECTION('',(0.,1.,0.));
#11131=DIRECTION('',(1.,0.,0.));
#11132=DIRECTION('',(0.,1.,0.));
#11133=DIRECTION('',(-1.,0.,0.));
#11134=DIRECTION('',(0.,1.,0.));
#11135=DIRECTION('',(0.707106781186547,0.707106781186548,0.));
#11136=DIRECTION('',(1.,0.,0.));
#11137=DIRECTION('',(0.707106781186547,-0.707106781186548,0.));
#11138=DIRECTION('',(0.,-1.,0.));
#11139=DIRECTION('',(-1.,0.,0.));
#11140=DIRECTION('',(0.,-1.,0.));
#11141=DIRECTION('',(1.,1.22124532708767E-14,0.));
#11142=DIRECTION('',(0.,-1.,0.));
#11143=DIRECTION('',(1.,0.,0.));
#11144=DIRECTION('',(0.,1.,0.));
#11145=DIRECTION('',(1.,0.,0.));
#11146=DIRECTION('',(0.,1.,0.));
#11147=DIRECTION('',(-1.,0.,0.));
#11148=DIRECTION('',(0.,1.,0.));
#11149=DIRECTION('',(0.707106781186548,0.707106781186548,0.));
#11150=DIRECTION('',(1.,0.,0.));
#11151=DIRECTION('',(0.707106781186547,-0.707106781186548,0.));
#11152=DIRECTION('',(0.,-1.,0.));
#11153=DIRECTION('',(-1.,0.,0.));
#11154=DIRECTION('',(0.,-1.,0.));
#11155=DIRECTION('',(1.,0.,0.));
#11156=DIRECTION('',(0.,-1.,0.));
#11157=DIRECTION('',(-1.,0.,0.));
#11158=DIRECTION('',(0.,-1.,0.));
#11159=DIRECTION('center_axis',(0.,-1.,0.));
#11160=DIRECTION('ref_axis',(0.,0.,-1.));
#11161=DIRECTION('',(0.,0.,-1.));
#11162=DIRECTION('',(-1.,0.,0.));
#11163=DIRECTION('',(0.,0.,-1.));
#11164=DIRECTION('center_axis',(1.,0.,0.));
#11165=DIRECTION('ref_axis',(0.,0.,-1.));
#11166=DIRECTION('',(0.,0.,-1.));
#11167=DIRECTION('',(0.,-1.,0.));
#11168=DIRECTION('center_axis',(0.707106781186548,0.707106781186547,0.));
#11169=DIRECTION('ref_axis',(0.,0.,-1.));
#11170=DIRECTION('',(0.,0.,-1.));
#11171=DIRECTION('',(0.707106781186547,-0.707106781186548,0.));
#11172=DIRECTION('center_axis',(0.,1.,0.));
#11173=DIRECTION('ref_axis',(0.,0.,1.));
#11174=DIRECTION('',(0.,0.,-1.));
#11175=DIRECTION('',(1.,0.,0.));
#11176=DIRECTION('center_axis',(0.,1.,0.));
#11177=DIRECTION('ref_axis',(0.,0.,1.));
#11178=DIRECTION('center_axis',(-0.707106781186548,0.707106781186548,0.));
#11179=DIRECTION('ref_axis',(0.,0.,1.));
#11180=DIRECTION('',(0.,0.,-1.));
#11181=DIRECTION('',(0.707106781186548,0.707106781186548,0.));
#11182=DIRECTION('center_axis',(-1.,0.,0.));
#11183=DIRECTION('ref_axis',(0.,0.,1.));
#11184=DIRECTION('',(0.,0.,-1.));
#11185=DIRECTION('',(0.,1.,0.));
#11186=DIRECTION('center_axis',(0.,-1.,0.));
#11187=DIRECTION('ref_axis',(0.,0.,-1.));
#11188=DIRECTION('',(0.,0.,-1.));
#11189=DIRECTION('',(-1.,0.,0.));
#11190=DIRECTION('center_axis',(-1.,0.,0.));
#11191=DIRECTION('ref_axis',(0.,0.,1.));
#11192=DIRECTION('',(0.,0.,-1.));
#11193=DIRECTION('',(0.,0.,-1.));
#11194=DIRECTION('',(0.,1.,0.));
#11195=DIRECTION('center_axis',(0.,1.,0.));
#11196=DIRECTION('ref_axis',(0.,0.,1.));
#11197=DIRECTION('',(0.,0.,-1.));
#11198=DIRECTION('',(1.,0.,0.));
#11199=DIRECTION('center_axis',(-1.,0.,0.));
#11200=DIRECTION('ref_axis',(0.,0.,1.));
#11201=DIRECTION('',(0.,0.,-1.));
#11202=DIRECTION('',(0.,1.,0.));
#11203=DIRECTION('center_axis',(0.,1.,0.));
#11204=DIRECTION('ref_axis',(0.,0.,1.));
#11205=DIRECTION('',(0.,0.,-1.));
#11206=DIRECTION('',(1.,0.,0.));
#11207=DIRECTION('center_axis',(1.,0.,0.));
#11208=DIRECTION('ref_axis',(0.,0.,-1.));
#11209=DIRECTION('',(0.,0.,-1.));
#11210=DIRECTION('',(0.,-1.,0.));
#11211=DIRECTION('center_axis',(-1.21430643318376E-14,1.,0.));
#11212=DIRECTION('ref_axis',(0.,0.,1.));
#11213=DIRECTION('',(0.,0.,-1.));
#11214=DIRECTION('',(1.,1.22124532708767E-14,0.));
#11215=DIRECTION('center_axis',(1.,0.,0.));
#11216=DIRECTION('ref_axis',(0.,0.,-1.));
#11217=DIRECTION('',(0.,0.,-1.));
#11218=DIRECTION('',(0.,-1.,0.));
#11219=DIRECTION('',(0.,0.,-1.));
#11220=DIRECTION('center_axis',(0.,-1.,0.));
#11221=DIRECTION('ref_axis',(0.,0.,-1.));
#11222=DIRECTION('',(0.,0.,-1.));
#11223=DIRECTION('',(-1.,0.,0.));
#11224=DIRECTION('center_axis',(1.,0.,0.));
#11225=DIRECTION('ref_axis',(0.,0.,-1.));
#11226=DIRECTION('',(0.,0.,-1.));
#11227=DIRECTION('',(0.,-1.,0.));
#11228=DIRECTION('center_axis',(0.707106781186548,0.707106781186547,0.));
#11229=DIRECTION('ref_axis',(0.,0.,-1.));
#11230=DIRECTION('',(0.,0.,-1.));
#11231=DIRECTION('',(0.707106781186547,-0.707106781186548,0.));
#11232=DIRECTION('center_axis',(0.,1.,0.));
#11233=DIRECTION('ref_axis',(0.,0.,1.));
#11234=DIRECTION('',(0.,0.,-1.));
#11235=DIRECTION('',(1.,0.,0.));
#11236=DIRECTION('center_axis',(0.,1.,0.));
#11237=DIRECTION('ref_axis',(0.,0.,1.));
#11238=DIRECTION('center_axis',(-0.707106781186548,0.707106781186547,0.));
#11239=DIRECTION('ref_axis',(0.,0.,1.));
#11240=DIRECTION('',(0.,0.,-1.));
#11241=DIRECTION('',(0.707106781186547,0.707106781186548,0.));
#11242=DIRECTION('center_axis',(-1.,0.,0.));
#11243=DIRECTION('ref_axis',(0.,0.,1.));
#11244=DIRECTION('',(0.,0.,-1.));
#11245=DIRECTION('',(0.,1.,0.));
#11246=DIRECTION('center_axis',(0.,-1.,0.));
#11247=DIRECTION('ref_axis',(0.,0.,-1.));
#11248=DIRECTION('',(0.,0.,-1.));
#11249=DIRECTION('',(-1.,0.,0.));
#11250=DIRECTION('center_axis',(-1.,0.,0.));
#11251=DIRECTION('ref_axis',(0.,0.,1.));
#11252=DIRECTION('',(0.,0.,-1.));
#11253=DIRECTION('',(0.,0.,-1.));
#11254=DIRECTION('',(0.,1.,0.));
#11255=DIRECTION('center_axis',(0.,1.,0.));
#11256=DIRECTION('ref_axis',(0.,0.,1.));
#11257=DIRECTION('',(0.,0.,-1.));
#11258=DIRECTION('',(1.,0.,0.));
#11259=DIRECTION('center_axis',(-1.,0.,0.));
#11260=DIRECTION('ref_axis',(0.,0.,1.));
#11261=DIRECTION('',(0.,0.707106781186547,-0.707106781186548));
#11262=DIRECTION('',(0.,0.,-1.));
#11263=DIRECTION('',(0.,1.,0.));
#11264=DIRECTION('',(0.,0.,1.));
#11265=DIRECTION('',(0.,-1.,0.));
#11266=DIRECTION('',(0.,1.,0.));
#11267=DIRECTION('center_axis',(1.,0.,0.));
#11268=DIRECTION('ref_axis',(0.,0.,-1.));
#11269=DIRECTION('',(0.,1.,0.));
#11270=DIRECTION('center_axis',(1.,0.,0.));
#11271=DIRECTION('ref_axis',(0.,0.,-1.));
#11272=DIRECTION('center_axis',(1.,0.,0.));
#11273=DIRECTION('ref_axis',(0.,0.,-1.));
#11274=DIRECTION('',(0.,-1.,0.));
#11275=DIRECTION('',(0.,0.,1.));
#11276=DIRECTION('',(0.,-0.707106781186547,0.707106781186547));
#11277=DIRECTION('',(0.,0.,-1.));
#11278=DIRECTION('',(0.,-1.,0.));
#11279=DIRECTION('center_axis',(0.,1.,0.));
#11280=DIRECTION('ref_axis',(0.,0.,1.));
#11281=DIRECTION('',(0.,0.,-1.));
#11282=DIRECTION('',(1.,0.,0.));
#11283=DIRECTION('center_axis',(1.,0.,0.));
#11284=DIRECTION('ref_axis',(0.,0.,-1.));
#11285=DIRECTION('',(0.,-1.,0.));
#11286=DIRECTION('',(0.,0.,-1.));
#11287=DIRECTION('center_axis',(0.,0.,1.));
#11288=DIRECTION('ref_axis',(1.,0.,0.));
#11289=DIRECTION('',(-1.,0.,0.));
#11290=DIRECTION('',(-1.,0.,0.));
#11291=DIRECTION('center_axis',(0.,-0.707106781186548,-0.707106781186548));
#11292=DIRECTION('ref_axis',(-1.,0.,0.));
#11293=DIRECTION('',(0.,0.707106781186548,-0.707106781186547));
#11294=DIRECTION('',(-1.,0.,0.));
#11295=DIRECTION('center_axis',(0.,-1.,0.));
#11296=DIRECTION('ref_axis',(0.,0.,-1.));
#11297=DIRECTION('',(0.,0.,-1.));
#11298=DIRECTION('',(-1.,0.,0.));
#11299=DIRECTION('center_axis',(0.,0.,-1.));
#11300=DIRECTION('ref_axis',(-1.,0.,0.));
#11301=DIRECTION('',(0.,1.,0.));
#11302=DIRECTION('',(0.,1.,0.));
#11303=DIRECTION('',(0.,1.,0.));
#11304=DIRECTION('',(1.,0.,0.));
#11305=DIRECTION('',(1.,0.,0.));
#11306=DIRECTION('',(0.,-1.,0.));
#11307=DIRECTION('',(1.,0.,0.));
#11308=DIRECTION('center_axis',(-1.,0.,0.));
#11309=DIRECTION('ref_axis',(0.,0.,1.));
#11310=DIRECTION('',(0.,0.,1.));
#11311=DIRECTION('',(0.,-1.,0.));
#11312=DIRECTION('center_axis',(0.,-1.,0.));
#11313=DIRECTION('ref_axis',(0.,0.,-1.));
#11314=DIRECTION('',(0.,0.,1.));
#11315=DIRECTION('',(1.,0.,0.));
#11316=DIRECTION('center_axis',(0.,-0.707106781186548,-0.707106781186548));
#11317=DIRECTION('ref_axis',(-1.,0.,0.));
#11318=DIRECTION('',(0.,-0.707106781186547,0.707106781186548));
#11319=DIRECTION('center_axis',(1.,0.,0.));
#11320=DIRECTION('ref_axis',(0.,0.,-1.));
#11321=DIRECTION('',(0.,1.,0.));
#11322=DIRECTION('',(0.,0.,-1.));
#11323=DIRECTION('center_axis',(0.,0.,1.));
#11324=DIRECTION('ref_axis',(1.,0.,0.));
#11325=DIRECTION('',(1.,0.,0.));
#11326=DIRECTION('',(0.,1.,0.));
#11327=DIRECTION('',(0.,1.,0.));
#11328=DIRECTION('',(1.,0.,0.));
#11329=DIRECTION('center_axis',(0.,1.,0.));
#11330=DIRECTION('ref_axis',(0.,0.,1.));
#11331=DIRECTION('center_axis',(0.,1.,0.));
#11332=DIRECTION('ref_axis',(0.,0.,1.));
#11333=DIRECTION('',(0.,0.,-1.));
#11334=DIRECTION('center_axis',(1.,0.,0.));
#11335=DIRECTION('ref_axis',(0.,0.,-1.));
#11336=DIRECTION('center_axis',(-1.,0.,0.));
#11337=DIRECTION('ref_axis',(0.,0.,1.));
#11338=DIRECTION('center_axis',(1.,0.,0.));
#11339=DIRECTION('ref_axis',(0.,0.0700348969411485,0.997544541968148));
#11340=DIRECTION('center_axis',(-1.,-2.52658119364953E-31,5.8034870509344E-16));
#11341=DIRECTION('ref_axis',(5.8034870509344E-16,0.,1.));
#11342=DIRECTION('center_axis',(0.,1.,4.35355704505749E-16));
#11343=DIRECTION('ref_axis',(0.,-4.35355704505749E-16,1.));
#11344=DIRECTION('center_axis',(0.,-1.,-4.35355704505748E-16));
#11345=DIRECTION('ref_axis',(0.,4.35355704505748E-16,-1.));
#11346=DIRECTION('',(0.,1.,4.35355704505749E-16));
#11347=DIRECTION('center_axis',(0.,1.,4.35355704505748E-16));
#11348=DIRECTION('ref_axis',(0.,-4.35355704505748E-16,1.));
#11349=DIRECTION('center_axis',(0.,1.,4.35355704505749E-16));
#11350=DIRECTION('ref_axis',(0.,-4.35355704505749E-16,1.));
#11351=DIRECTION('center_axis',(0.,-1.,-4.35355704505748E-16));
#11352=DIRECTION('ref_axis',(0.,4.35355704505749E-16,-1.));
#11353=DIRECTION('',(0.,1.,4.35355704505749E-16));
#11354=DIRECTION('center_axis',(0.,1.,4.35355704505748E-16));
#11355=DIRECTION('ref_axis',(0.,-4.35355704505749E-16,1.));
#11356=DIRECTION('center_axis',(0.,1.,4.35355704505749E-16));
#11357=DIRECTION('ref_axis',(0.,-4.35355704505749E-16,1.));
#11358=DIRECTION('center_axis',(0.,-1.,-4.35355704505748E-16));
#11359=DIRECTION('ref_axis',(0.,4.35355704505749E-16,-1.));
#11360=DIRECTION('',(0.,1.,4.35355704505749E-16));
#11361=DIRECTION('center_axis',(0.,1.,4.35355704505748E-16));
#11362=DIRECTION('ref_axis',(0.,-4.35355704505748E-16,1.));
#11363=DIRECTION('center_axis',(0.,1.,4.35355704505749E-16));
#11364=DIRECTION('ref_axis',(0.,-4.35355704505749E-16,1.));
#11365=DIRECTION('center_axis',(0.,-1.,-4.35355704505748E-16));
#11366=DIRECTION('ref_axis',(0.,4.35355704505748E-16,-1.));
#11367=DIRECTION('',(0.,1.,4.35355704505749E-16));
#11368=DIRECTION('center_axis',(0.,1.,4.35355704505748E-16));
#11369=DIRECTION('ref_axis',(0.,-4.35355704505749E-16,1.));
#11370=DIRECTION('center_axis',(0.,-1.,-4.35355704505748E-16));
#11371=DIRECTION('ref_axis',(0.,4.35355704505748E-16,-1.));
#11372=DIRECTION('center_axis',(0.,-1.,-4.35355704505748E-16));
#11373=DIRECTION('ref_axis',(0.,4.35355704505748E-16,-1.));
#11374=DIRECTION('',(0.,1.,4.35355704505748E-16));
#11375=DIRECTION('center_axis',(0.,-1.,-4.35355704505748E-16));
#11376=DIRECTION('ref_axis',(0.,4.35355704505749E-16,-1.));
#11377=DIRECTION('center_axis',(0.,-1.,-4.35355704505748E-16));
#11378=DIRECTION('ref_axis',(0.,4.35355704505748E-16,-1.));
#11379=DIRECTION('center_axis',(0.,-1.,-4.35355704505748E-16));
#11380=DIRECTION('ref_axis',(0.,4.35355704505748E-16,-1.));
#11381=DIRECTION('',(0.,1.,4.35355704505748E-16));
#11382=DIRECTION('center_axis',(0.,-1.,-4.35355704505748E-16));
#11383=DIRECTION('ref_axis',(0.,4.35355704505749E-16,-1.));
#11384=DIRECTION('center_axis',(0.,-1.,-4.35355704505748E-16));
#11385=DIRECTION('ref_axis',(0.,4.35355704505749E-16,-1.));
#11386=DIRECTION('center_axis',(0.,-1.,-4.35355704505748E-16));
#11387=DIRECTION('ref_axis',(0.,4.35355704505749E-16,-1.));
#11388=DIRECTION('',(0.,1.,4.35355704505749E-16));
#11389=DIRECTION('center_axis',(0.,-1.,-4.35355704505748E-16));
#11390=DIRECTION('ref_axis',(0.,4.35355704505749E-16,-1.));
#11391=DIRECTION('center_axis',(0.,-1.,-4.35355704505748E-16));
#11392=DIRECTION('ref_axis',(0.,4.35355704505748E-16,-1.));
#11393=DIRECTION('center_axis',(0.,-1.,-4.35355704505748E-16));
#11394=DIRECTION('ref_axis',(0.,4.35355704505748E-16,-1.));
#11395=DIRECTION('',(0.,1.,4.35355704505749E-16));
#11396=DIRECTION('center_axis',(0.,-1.,-4.35355704505748E-16));
#11397=DIRECTION('ref_axis',(0.,4.35355704505749E-16,-1.));
#11398=DIRECTION('center_axis',(1.,0.,0.));
#11399=DIRECTION('ref_axis',(0.,0.,-1.));
#11400=DIRECTION('center_axis',(1.,0.,0.));
#11401=DIRECTION('ref_axis',(0.,0.,-1.));
#11402=DIRECTION('center_axis',(-1.,-2.52658119364953E-31,5.8034870509344E-16));
#11403=DIRECTION('ref_axis',(5.8034870509344E-16,0.,1.));
#11404=DIRECTION('center_axis',(1.,0.,0.));
#11405=DIRECTION('ref_axis',(0.,0.,-1.));
#11406=DIRECTION('center_axis',(-1.,0.,0.));
#11407=DIRECTION('ref_axis',(0.,0.,1.));
#11408=DIRECTION('center_axis',(0.,-1.,0.));
#11409=DIRECTION('ref_axis',(0.,0.,-1.));
#11410=DIRECTION('',(-1.,0.,0.));
#11411=DIRECTION('center_axis',(0.,1.,0.));
#11412=DIRECTION('ref_axis',(0.,0.,1.));
#11413=DIRECTION('center_axis',(0.,0.,-1.));
#11414=DIRECTION('ref_axis',(-1.,0.,0.));
#11415=DIRECTION('center_axis',(0.,-1.,0.));
#11416=DIRECTION('ref_axis',(0.,0.,-1.));
#11417=DIRECTION('',(-1.,0.,0.));
#11418=DIRECTION('center_axis',(0.,1.,0.));
#11419=DIRECTION('ref_axis',(0.,0.,1.));
#11420=DIRECTION('center_axis',(0.,0.,1.));
#11421=DIRECTION('ref_axis',(1.,0.,0.));
#11422=DIRECTION('center_axis',(0.,1.,0.));
#11423=DIRECTION('ref_axis',(0.,0.,1.));
#11424=DIRECTION('',(0.,1.,0.));
#11425=DIRECTION('center_axis',(0.,1.,0.));
#11426=DIRECTION('ref_axis',(0.,0.,1.));
#11427=DIRECTION('',(0.,1.,0.));
#11428=DIRECTION('center_axis',(0.,1.,4.35355704505748E-16));
#11429=DIRECTION('ref_axis',(0.,-4.35355704505749E-16,1.));
#11430=DIRECTION('center_axis',(0.,1.,4.35355704505748E-16));
#11431=DIRECTION('ref_axis',(0.,-4.35355704505748E-16,1.));
#11432=DIRECTION('center_axis',(0.,-1.,-4.35355704505749E-16));
#11433=DIRECTION('ref_axis',(0.,4.35355704505749E-16,-1.));
#11434=DIRECTION('',(0.,1.,4.35355704505749E-16));
#11435=DIRECTION('center_axis',(0.,1.,4.35355704505748E-16));
#11436=DIRECTION('ref_axis',(0.,-4.35355704505749E-16,1.));
#11437=DIRECTION('center_axis',(0.,1.,4.35355704505748E-16));
#11438=DIRECTION('ref_axis',(0.,-4.35355704505748E-16,1.));
#11439=DIRECTION('center_axis',(0.,-1.,-4.35355704505749E-16));
#11440=DIRECTION('ref_axis',(0.,4.35355704505748E-16,-1.));
#11441=DIRECTION('',(0.,1.,4.35355704505749E-16));
#11442=DIRECTION('center_axis',(0.,1.,4.35355704505748E-16));
#11443=DIRECTION('ref_axis',(0.,-4.35355704505749E-16,1.));
#11444=DIRECTION('center_axis',(0.,1.,4.35355704505748E-16));
#11445=DIRECTION('ref_axis',(0.,-4.35355704505749E-16,1.));
#11446=DIRECTION('center_axis',(0.,-1.,-4.35355704505749E-16));
#11447=DIRECTION('ref_axis',(0.,4.35355704505749E-16,-1.));
#11448=DIRECTION('',(0.,1.,4.35355704505749E-16));
#11449=DIRECTION('center_axis',(0.,1.,4.35355704505748E-16));
#11450=DIRECTION('ref_axis',(0.,-4.35355704505749E-16,1.));
#11451=DIRECTION('center_axis',(0.,1.,4.35355704505748E-16));
#11452=DIRECTION('ref_axis',(0.,-4.35355704505748E-16,1.));
#11453=DIRECTION('center_axis',(0.,-1.,-4.35355704505749E-16));
#11454=DIRECTION('ref_axis',(0.,4.35355704505749E-16,-1.));
#11455=DIRECTION('',(0.,1.,4.35355704505749E-16));
#11456=DIRECTION('axis',(0.,0.,1.));
#11457=DIRECTION('refdir',(1.,0.,0.));
#11458=DIRECTION('center_axis',(-1.,0.,0.));
#11459=DIRECTION('ref_axis',(0.,0.,1.));
#11460=DIRECTION('',(0.,1.,0.));
#11461=DIRECTION('',(0.,0.,-1.));
#11462=DIRECTION('',(0.,-1.,0.));
#11463=DIRECTION('',(0.,0.,-1.));
#11464=DIRECTION('center_axis',(-1.,0.,0.));
#11465=DIRECTION('ref_axis',(0.,0.,1.));
#11466=DIRECTION('',(0.,1.,0.));
#11467=DIRECTION('',(0.,0.,1.));
#11468=DIRECTION('',(0.,1.,0.));
#11469=DIRECTION('',(0.,0.,-1.));
#11470=DIRECTION('center_axis',(1.,0.,0.));
#11471=DIRECTION('ref_axis',(0.,0.,-1.));
#11472=DIRECTION('',(0.,1.,0.));
#11473=DIRECTION('',(0.,0.226817644450828,0.97393724446998));
#11474=DIRECTION('center_axis',(-1.,0.,0.));
#11475=DIRECTION('ref_axis',(0.,0.,1.));
#11476=DIRECTION('',(0.,0.,-1.));
#11477=DIRECTION('center_axis',(1.,0.,0.));
#11478=DIRECTION('ref_axis',(0.,0.,-1.));
#11479=DIRECTION('',(0.,0.,1.));
#11480=DIRECTION('',(0.,-1.,0.));
#11481=DIRECTION('',(0.,0.,-1.));
#11482=DIRECTION('',(0.,-1.,0.));
#11483=DIRECTION('center_axis',(0.,0.,1.));
#11484=DIRECTION('ref_axis',(1.,0.,0.));
#11485=DIRECTION('',(1.,0.,0.));
#11486=DIRECTION('',(1.,0.,0.));
#11487=DIRECTION('',(1.,0.,0.));
#11488=DIRECTION('',(0.,-1.,0.));
#11489=DIRECTION('',(1.,0.,0.));
#11490=DIRECTION('',(0.,-1.,0.));
#11491=DIRECTION('',(-1.,0.,0.));
#11492=DIRECTION('',(0.,-1.,0.));
#11493=DIRECTION('',(1.,0.,0.));
#11494=DIRECTION('',(1.,0.,0.));
#11495=DIRECTION('',(0.,-1.,0.));
#11496=DIRECTION('',(-1.,0.,0.));
#11497=DIRECTION('',(0.,-1.,0.));
#11498=DIRECTION('',(-1.,0.,0.));
#11499=DIRECTION('',(1.,0.,0.));
#11500=DIRECTION('',(1.,0.,0.));
#11501=DIRECTION('',(1.,1.22124532708767E-14,0.));
#11502=DIRECTION('',(0.,-1.,0.));
#11503=DIRECTION('',(1.,0.,0.));
#11504=DIRECTION('',(0.,1.,0.));
#11505=DIRECTION('',(1.,0.,0.));
#11506=DIRECTION('',(-1.,0.,0.));
#11507=DIRECTION('',(0.,1.,0.));
#11508=DIRECTION('',(-1.,0.,0.));
#11509=DIRECTION('',(0.,-1.,0.));
#11510=DIRECTION('center_axis',(0.,-0.97393724446998,0.226817644450828));
#11511=DIRECTION('ref_axis',(0.,-0.226817644450828,-0.97393724446998));
#11512=DIRECTION('',(-1.,0.,0.));
#11513=DIRECTION('',(1.6961373385891E-16,0.226817644450828,0.97393724446998));
#11514=DIRECTION('',(1.,0.,0.));
#11515=DIRECTION('',(-2.54420600788365E-16,-0.226817644450828,-0.97393724446998));
#11516=DIRECTION('',(1.,0.,0.));
#11517=DIRECTION('',(0.,-0.226817644450828,-0.97393724446998));
#11518=DIRECTION('',(1.,0.,0.));
#11519=DIRECTION('center_axis',(0.,-0.97393724446998,0.226817644450828));
#11520=DIRECTION('ref_axis',(0.,0.226817644450828,0.97393724446998));
#11521=DIRECTION('center_axis',(0.,-0.97393724446998,0.226817644450828));
#11522=DIRECTION('ref_axis',(0.,0.226817644450828,0.97393724446998));
#11523=DIRECTION('center_axis',(1.,0.,0.));
#11524=DIRECTION('ref_axis',(0.,0.,-1.));
#11525=DIRECTION('',(0.,1.,0.));
#11526=DIRECTION('',(0.,0.,-1.));
#11527=DIRECTION('',(0.,0.,1.));
#11528=DIRECTION('center_axis',(0.,-1.,0.));
#11529=DIRECTION('ref_axis',(0.,0.,-1.));
#11530=DIRECTION('',(0.,0.,-1.));
#11531=DIRECTION('',(-1.,0.,0.));
#11532=DIRECTION('center_axis',(0.,-1.,0.));
#11533=DIRECTION('ref_axis',(0.,0.,-1.));
#11534=DIRECTION('',(0.,0.,-1.));
#11535=DIRECTION('',(1.,0.,0.));
#11536=DIRECTION('',(0.,0.,-1.));
#11537=DIRECTION('',(-1.,0.,0.));
#11538=DIRECTION('center_axis',(1.,0.,0.));
#11539=DIRECTION('ref_axis',(0.,0.,-1.));
#11540=DIRECTION('',(0.,1.,0.));
#11541=DIRECTION('',(0.,0.,-1.));
#11542=DIRECTION('',(0.,-1.,0.));
#11543=DIRECTION('center_axis',(0.707106781186548,0.707106781186547,0.));
#11544=DIRECTION('ref_axis',(0.,0.,-1.));
#11545=DIRECTION('',(-0.707106781186547,0.707106781186548,0.));
#11546=DIRECTION('',(0.,0.,-1.));
#11547=DIRECTION('',(0.707106781186547,-0.707106781186548,0.));
#11548=DIRECTION('center_axis',(0.,1.,0.));
#11549=DIRECTION('ref_axis',(0.,0.,1.));
#11550=DIRECTION('',(-1.,0.,0.));
#11551=DIRECTION('',(0.,0.,-1.));
#11552=DIRECTION('',(1.,0.,0.));
#11553=DIRECTION('center_axis',(0.,1.,0.));
#11554=DIRECTION('ref_axis',(0.,0.,1.));
#11555=DIRECTION('center_axis',(-0.707106781186548,0.707106781186548,0.));
#11556=DIRECTION('ref_axis',(0.,0.,1.));
#11557=DIRECTION('',(-0.707106781186548,-0.707106781186548,0.));
#11558=DIRECTION('',(0.,0.,-1.));
#11559=DIRECTION('',(0.707106781186548,0.707106781186548,0.));
#11560=DIRECTION('center_axis',(-1.,0.,0.));
#11561=DIRECTION('ref_axis',(0.,0.,1.));
#11562=DIRECTION('',(0.,-1.,0.));
#11563=DIRECTION('',(0.,0.,-1.));
#11564=DIRECTION('',(0.,1.,0.));
#11565=DIRECTION('center_axis',(0.,-1.,0.));
#11566=DIRECTION('ref_axis',(0.,0.,-1.));
#11567=DIRECTION('',(1.,0.,0.));
#11568=DIRECTION('',(0.,0.,-1.));
#11569=DIRECTION('',(-1.,0.,0.));
#11570=DIRECTION('center_axis',(-1.,0.,0.));
#11571=DIRECTION('ref_axis',(0.,0.,1.));
#11572=DIRECTION('',(0.,-1.,0.));
#11573=DIRECTION('',(0.,0.,1.));
#11574=DIRECTION('',(0.,0.,-1.));
#11575=DIRECTION('',(0.,0.,-1.));
#11576=DIRECTION('',(0.,1.,0.));
#11577=DIRECTION('center_axis',(0.,1.,0.));
#11578=DIRECTION('ref_axis',(0.,0.,1.));
#11579=DIRECTION('',(0.,0.,-1.));
#11580=DIRECTION('',(1.,0.,0.));
#11581=DIRECTION('center_axis',(-1.,0.,0.));
#11582=DIRECTION('ref_axis',(0.,0.,1.));
#11583=DIRECTION('',(0.,0.,-1.));
#11584=DIRECTION('',(0.,1.,0.));
#11585=DIRECTION('center_axis',(0.,1.,0.));
#11586=DIRECTION('ref_axis',(0.,0.,1.));
#11587=DIRECTION('',(0.,0.,-1.));
#11588=DIRECTION('',(1.,0.,0.));
#11589=DIRECTION('center_axis',(1.,0.,0.));
#11590=DIRECTION('ref_axis',(0.,0.,-1.));
#11591=DIRECTION('',(0.,0.,-1.));
#11592=DIRECTION('',(0.,-1.,0.));
#11593=DIRECTION('center_axis',(-1.21430643318376E-14,1.,0.));
#11594=DIRECTION('ref_axis',(0.,0.,1.));
#11595=DIRECTION('',(0.,0.,-1.));
#11596=DIRECTION('',(1.,1.22124532708767E-14,0.));
#11597=DIRECTION('center_axis',(1.,0.,0.));
#11598=DIRECTION('ref_axis',(0.,0.,-1.));
#11599=DIRECTION('',(0.,0.,1.));
#11600=DIRECTION('',(0.,1.,0.));
#11601=DIRECTION('',(0.,0.,-1.));
#11602=DIRECTION('',(0.,-1.,0.));
#11603=DIRECTION('',(0.,0.,-1.));
#11604=DIRECTION('center_axis',(0.,-1.,0.));
#11605=DIRECTION('ref_axis',(0.,0.,-1.));
#11606=DIRECTION('',(1.,0.,0.));
#11607=DIRECTION('',(0.,0.,-1.));
#11608=DIRECTION('',(-1.,0.,0.));
#11609=DIRECTION('center_axis',(1.,0.,0.));
#11610=DIRECTION('ref_axis',(0.,0.,-1.));
#11611=DIRECTION('',(0.,1.,0.));
#11612=DIRECTION('',(0.,0.,-1.));
#11613=DIRECTION('',(0.,-1.,0.));
#11614=DIRECTION('center_axis',(0.707106781186548,0.707106781186547,0.));
#11615=DIRECTION('ref_axis',(0.,0.,-1.));
#11616=DIRECTION('',(-0.707106781186547,0.707106781186548,0.));
#11617=DIRECTION('',(0.,0.,-1.));
#11618=DIRECTION('',(0.707106781186547,-0.707106781186548,0.));
#11619=DIRECTION('center_axis',(0.,1.,0.));
#11620=DIRECTION('ref_axis',(0.,0.,1.));
#11621=DIRECTION('',(-1.,0.,0.));
#11622=DIRECTION('',(0.,0.,-1.));
#11623=DIRECTION('',(1.,0.,0.));
#11624=DIRECTION('center_axis',(0.,1.,0.));
#11625=DIRECTION('ref_axis',(0.,0.,1.));
#11626=DIRECTION('center_axis',(-0.707106781186548,0.707106781186547,0.));
#11627=DIRECTION('ref_axis',(0.,0.,1.));
#11628=DIRECTION('',(-0.707106781186547,-0.707106781186548,0.));
#11629=DIRECTION('',(0.,0.,-1.));
#11630=DIRECTION('',(0.707106781186547,0.707106781186548,0.));
#11631=DIRECTION('center_axis',(-1.,0.,0.));
#11632=DIRECTION('ref_axis',(0.,0.,1.));
#11633=DIRECTION('',(0.,-1.,0.));
#11634=DIRECTION('',(0.,0.,-1.));
#11635=DIRECTION('',(0.,1.,0.));
#11636=DIRECTION('center_axis',(0.,-1.,0.));
#11637=DIRECTION('ref_axis',(0.,0.,-1.));
#11638=DIRECTION('',(1.,0.,0.));
#11639=DIRECTION('',(0.,0.,-1.));
#11640=DIRECTION('',(-1.,0.,0.));
#11641=DIRECTION('center_axis',(-1.,0.,0.));
#11642=DIRECTION('ref_axis',(0.,0.,1.));
#11643=DIRECTION('',(0.,-1.,0.));
#11644=DIRECTION('',(0.,0.,1.));
#11645=DIRECTION('',(0.,0.,-1.));
#11646=DIRECTION('',(0.,0.,-1.));
#11647=DIRECTION('',(0.,1.,0.));
#11648=DIRECTION('center_axis',(0.,1.,0.));
#11649=DIRECTION('ref_axis',(0.,0.,1.));
#11650=DIRECTION('',(1.,0.,0.));
#11651=DIRECTION('center_axis',(-1.,0.,0.));
#11652=DIRECTION('ref_axis',(0.,0.,1.));
#11653=DIRECTION('',(0.,1.,0.));
#11654=DIRECTION('',(0.,0.,1.));
#11655=DIRECTION('center_axis',(1.,0.,0.));
#11656=DIRECTION('ref_axis',(0.,0.,-1.));
#11657=DIRECTION('center_axis',(0.,1.,0.));
#11658=DIRECTION('ref_axis',(0.,0.,1.));
#11659=DIRECTION('',(0.,0.,-1.));
#11660=DIRECTION('',(1.,0.,0.));
#11661=DIRECTION('center_axis',(1.,0.,0.));
#11662=DIRECTION('ref_axis',(0.,0.,-1.));
#11663=DIRECTION('',(0.,0.,1.));
#11664=DIRECTION('',(0.,1.,0.));
#11665=DIRECTION('',(0.,-1.,0.));
#11666=DIRECTION('',(0.,0.,-1.));
#11667=DIRECTION('center_axis',(0.,0.,1.));
#11668=DIRECTION('ref_axis',(1.,0.,0.));
#11669=DIRECTION('',(-1.,0.,0.));
#11670=DIRECTION('',(-1.,0.,0.));
#11671=DIRECTION('',(0.,1.,0.));
#11672=DIRECTION('',(-1.,0.,0.));
#11673=DIRECTION('',(0.,1.,0.));
#11674=DIRECTION('',(-1.,0.,0.));
#11675=DIRECTION('',(0.,-1.,0.));
#11676=DIRECTION('center_axis',(1.,0.,0.));
#11677=DIRECTION('ref_axis',(0.,0.114155060181364,0.993462944570651));
#11678=DIRECTION('',(1.,0.,0.));
#11679=DIRECTION('center_axis',(0.,1.,0.));
#11680=DIRECTION('ref_axis',(0.,0.,1.));
#11681=DIRECTION('',(0.,0.,-1.));
#11682=DIRECTION('',(1.,0.,0.));
#11683=DIRECTION('',(-1.,0.,0.));
#11684=DIRECTION('center_axis',(0.,1.,0.));
#11685=DIRECTION('ref_axis',(0.,0.,1.));
#11686=DIRECTION('center_axis',(0.,1.,0.));
#11687=DIRECTION('ref_axis',(0.,0.,1.));
#11688=DIRECTION('',(1.,0.,0.));
#11689=DIRECTION('',(1.7415263131375E-16,0.,1.));
#11690=DIRECTION('',(-2.61228946970625E-16,0.,-1.));
#11691=DIRECTION('center_axis',(-1.,0.,0.));
#11692=DIRECTION('ref_axis',(0.,0.,1.));
#11693=DIRECTION('',(0.,0.,-1.));
#11694=DIRECTION('center_axis',(0.,1.,0.));
#11695=DIRECTION('ref_axis',(0.,0.,1.));
#11696=DIRECTION('center_axis',(0.,0.,1.));
#11697=DIRECTION('ref_axis',(1.,0.,0.));
#11698=DIRECTION('',(0.,1.,0.));
#11699=DIRECTION('',(0.,1.,0.));
#11700=DIRECTION('center_axis',(1.,0.,-2.72113486427734E-16));
#11701=DIRECTION('ref_axis',(-2.72113486427734E-16,0.,-1.));
#11702=DIRECTION('center_axis',(-1.,0.,1.36056743213867E-16));
#11703=DIRECTION('ref_axis',(1.36056743213867E-16,0.,1.));
#11704=DIRECTION('center_axis',(0.,-1.,0.));
#11705=DIRECTION('ref_axis',(0.,0.,-1.));
#11706=DIRECTION('',(1.,0.,0.));
#11707=DIRECTION('center_axis',(0.,0.,1.));
#11708=DIRECTION('ref_axis',(1.,0.,0.));
#11709=DIRECTION('center_axis',(0.,-1.,0.));
#11710=DIRECTION('ref_axis',(0.,0.,-1.));
#11711=DIRECTION('',(1.,0.,0.));
#11712=DIRECTION('center_axis',(0.,0.,-1.));
#11713=DIRECTION('ref_axis',(-1.,0.,0.));
#11714=DIRECTION('center_axis',(0.,1.,0.));
#11715=DIRECTION('ref_axis',(0.,0.,1.));
#11716=DIRECTION('',(1.,0.,0.));
#11717=DIRECTION('',(0.,0.,1.));
#11718=DIRECTION('center_axis',(0.,0.,-1.));
#11719=DIRECTION('ref_axis',(-1.,0.,0.));
#11720=DIRECTION('',(0.,1.,0.));
#11721=DIRECTION('',(-1.,0.,0.));
#11722=DIRECTION('',(0.,-1.,0.));
#11723=DIRECTION('',(1.,0.,0.));
#11724=DIRECTION('',(0.,1.,0.));
#11725=DIRECTION('center_axis',(0.,-1.,0.));
#11726=DIRECTION('ref_axis',(0.,0.,-1.));
#11727=DIRECTION('',(0.,0.,-1.));
#11728=DIRECTION('',(0.,0.,-1.));
#11729=DIRECTION('center_axis',(1.,0.,0.));
#11730=DIRECTION('ref_axis',(0.,0.,-1.));
#11731=DIRECTION('center_axis',(1.,0.,0.));
#11732=DIRECTION('ref_axis',(0.,0.,-1.));
#11733=DIRECTION('',(0.,0.,-1.));
#11734=DIRECTION('center_axis',(0.,1.,0.));
#11735=DIRECTION('ref_axis',(0.,0.,1.));
#11736=DIRECTION('',(0.,0.,-1.));
#11737=DIRECTION('center_axis',(1.,0.,0.));
#11738=DIRECTION('ref_axis',(0.,0.,-1.));
#11739=DIRECTION('center_axis',(0.,0.,1.));
#11740=DIRECTION('ref_axis',(1.,0.,0.));
#11741=DIRECTION('',(-1.,0.,0.));
#11742=DIRECTION('',(0.,1.,0.));
#11743=DIRECTION('',(-1.,0.,0.));
#11744=DIRECTION('',(0.,-1.,0.));
#11745=DIRECTION('',(1.,0.,0.));
#11746=DIRECTION('center_axis',(0.,-1.,0.));
#11747=DIRECTION('ref_axis',(0.,0.,-1.));
#11748=DIRECTION('',(0.,0.,1.));
#11749=DIRECTION('center_axis',(0.,1.,0.));
#11750=DIRECTION('ref_axis',(0.,0.,1.));
#11751=DIRECTION('',(0.,0.,-1.));
#11752=DIRECTION('',(0.,0.,-1.));
#11753=DIRECTION('center_axis',(-1.,0.,0.));
#11754=DIRECTION('ref_axis',(0.,0.,1.));
#11755=DIRECTION('center_axis',(0.,-1.,0.));
#11756=DIRECTION('ref_axis',(0.,0.,-1.));
#11757=DIRECTION('',(0.,0.,-1.));
#11758=DIRECTION('center_axis',(-1.,0.,0.));
#11759=DIRECTION('ref_axis',(0.,0.,1.));
#11760=DIRECTION('center_axis',(0.,-1.,0.));
#11761=DIRECTION('ref_axis',(0.,0.,-1.));
#11762=DIRECTION('',(-1.,0.,0.));
#11763=DIRECTION('center_axis',(0.,1.,0.));
#11764=DIRECTION('ref_axis',(0.,0.,1.));
#11765=DIRECTION('center_axis',(0.,0.,1.));
#11766=DIRECTION('ref_axis',(1.,0.,0.));
#11767=DIRECTION('center_axis',(0.,-1.,0.));
#11768=DIRECTION('ref_axis',(0.,0.,-1.));
#11769=DIRECTION('',(-1.,0.,0.));
#11770=DIRECTION('center_axis',(0.,1.,0.));
#11771=DIRECTION('ref_axis',(0.,0.,1.));
#11772=DIRECTION('center_axis',(0.,0.,-1.));
#11773=DIRECTION('ref_axis',(-1.,0.,0.));
#11774=DIRECTION('center_axis',(0.,1.,0.));
#11775=DIRECTION('ref_axis',(0.,0.,1.));
#11776=DIRECTION('',(0.,1.,0.));
#11777=DIRECTION('center_axis',(0.,1.,0.));
#11778=DIRECTION('ref_axis',(0.,0.,1.));
#11779=DIRECTION('',(0.,1.,0.));
#11780=DIRECTION('center_axis',(0.,1.,0.));
#11781=DIRECTION('ref_axis',(0.,0.,1.));
#11782=DIRECTION('',(0.,1.,0.));
#11783=DIRECTION('center_axis',(0.,1.,0.));
#11784=DIRECTION('ref_axis',(0.,0.,1.));
#11785=DIRECTION('',(0.,1.,0.));
#11786=DIRECTION('axis',(0.,0.,1.));
#11787=DIRECTION('refdir',(1.,0.,0.));
#11788=DIRECTION('center_axis',(0.,-1.,0.));
#11789=DIRECTION('ref_axis',(0.,0.,-1.));
#11790=DIRECTION('',(1.,0.,0.));
#11791=DIRECTION('',(0.,0.,1.));
#11792=DIRECTION('',(1.,0.,0.));
#11793=DIRECTION('',(0.,0.,-1.));
#11794=DIRECTION('',(1.,0.,0.));
#11795=DIRECTION('',(0.,0.,-1.));
#11796=DIRECTION('',(-1.,0.,0.));
#11797=DIRECTION('',(0.,0.,-1.));
#11798=DIRECTION('',(-1.,0.,0.));
#11799=DIRECTION('',(0.,0.,1.));
#11800=DIRECTION('',(-1.,0.,0.));
#11801=DIRECTION('',(0.,0.,1.));
#11802=DIRECTION('center_axis',(0.,1.,0.));
#11803=DIRECTION('ref_axis',(0.,0.,1.));
#11804=DIRECTION('center_axis',(0.,1.,0.));
#11805=DIRECTION('ref_axis',(0.,0.,1.));
#11806=DIRECTION('center_axis',(0.,1.,0.));
#11807=DIRECTION('ref_axis',(0.,0.,1.));
#11808=DIRECTION('center_axis',(0.,-1.,0.));
#11809=DIRECTION('ref_axis',(0.,0.,-1.));
#11810=DIRECTION('',(1.,0.,0.));
#11811=DIRECTION('',(0.,0.,1.));
#11812=DIRECTION('',(-1.,0.,0.));
#11813=DIRECTION('',(0.,0.,1.));
#11814=DIRECTION('',(-1.,0.,0.));
#11815=DIRECTION('',(0.,0.,-1.));
#11816=DIRECTION('',(-1.,0.,0.));
#11817=DIRECTION('',(0.,0.,-1.));
#11818=DIRECTION('',(1.,0.,0.));
#11819=DIRECTION('',(0.,0.,-1.));
#11820=DIRECTION('',(1.,0.,0.));
#11821=DIRECTION('',(0.,0.,1.));
#11822=DIRECTION('center_axis',(0.,1.,0.));
#11823=DIRECTION('ref_axis',(0.,0.,1.));
#11824=DIRECTION('center_axis',(0.,1.,0.));
#11825=DIRECTION('ref_axis',(0.,0.,1.));
#11826=DIRECTION('center_axis',(0.,1.,0.));
#11827=DIRECTION('ref_axis',(0.,0.,1.));
#11828=DIRECTION('center_axis',(0.,0.,-1.));
#11829=DIRECTION('ref_axis',(-1.,0.,0.));
#11830=DIRECTION('',(0.,-1.,0.));
#11831=DIRECTION('',(0.,-1.,0.));
#11832=DIRECTION('center_axis',(1.,0.,0.));
#11833=DIRECTION('ref_axis',(0.,0.,-1.));
#11834=DIRECTION('',(0.,-1.,0.));
#11835=DIRECTION('center_axis',(0.,0.,-1.));
#11836=DIRECTION('ref_axis',(-1.,0.,0.));
#11837=DIRECTION('',(0.,-1.,0.));
#11838=DIRECTION('center_axis',(-1.,0.,0.));
#11839=DIRECTION('ref_axis',(0.,0.,1.));
#11840=DIRECTION('',(0.,-1.,0.));
#11841=DIRECTION('center_axis',(0.,0.,-1.));
#11842=DIRECTION('ref_axis',(-1.,0.,0.));
#11843=DIRECTION('',(0.,-1.,0.));
#11844=DIRECTION('center_axis',(-1.,0.,0.));
#11845=DIRECTION('ref_axis',(0.,0.,1.));
#11846=DIRECTION('',(0.,-1.,0.));
#11847=DIRECTION('center_axis',(0.,0.,1.));
#11848=DIRECTION('ref_axis',(1.,0.,0.));
#11849=DIRECTION('',(0.,-1.,0.));
#11850=DIRECTION('center_axis',(-1.,0.,0.));
#11851=DIRECTION('ref_axis',(0.,0.,1.));
#11852=DIRECTION('',(0.,-1.,0.));
#11853=DIRECTION('center_axis',(0.,0.,1.));
#11854=DIRECTION('ref_axis',(1.,0.,0.));
#11855=DIRECTION('',(0.,-1.,0.));
#11856=DIRECTION('center_axis',(1.,0.,0.));
#11857=DIRECTION('ref_axis',(0.,0.,-1.));
#11858=DIRECTION('',(0.,-1.,0.));
#11859=DIRECTION('center_axis',(0.,0.,1.));
#11860=DIRECTION('ref_axis',(1.,0.,0.));
#11861=DIRECTION('',(0.,-1.,0.));
#11862=DIRECTION('center_axis',(1.,0.,0.));
#11863=DIRECTION('ref_axis',(0.,0.,-1.));
#11864=DIRECTION('center_axis',(0.,-1.,0.));
#11865=DIRECTION('ref_axis',(0.,0.,-1.));
#11866=DIRECTION('',(0.,-1.,0.));
#11867=DIRECTION('center_axis',(0.,-1.,0.));
#11868=DIRECTION('ref_axis',(0.,0.,-1.));
#11869=DIRECTION('',(0.,-1.,0.));
#11870=DIRECTION('center_axis',(0.,-1.,0.));
#11871=DIRECTION('ref_axis',(0.,0.,-1.));
#11872=DIRECTION('',(0.,-1.,0.));
#11873=DIRECTION('axis',(0.,0.,1.));
#11874=DIRECTION('refdir',(1.,0.,0.));
#11875=DIRECTION('center_axis',(0.707106781186548,-0.707106781186548,0.));
#11876=DIRECTION('ref_axis',(0.,0.,-1.));
#11877=DIRECTION('',(-0.707106781186548,-0.707106781186548,0.));
#11878=DIRECTION('',(0.,0.,-1.));
#11879=DIRECTION('',(-0.707106781186548,-0.707106781186548,0.));
#11880=DIRECTION('',(0.,0.,-1.));
#11881=DIRECTION('center_axis',(1.,0.,0.));
#11882=DIRECTION('ref_axis',(0.,0.,-1.));
#11883=DIRECTION('',(0.,-1.,0.));
#11884=DIRECTION('',(0.,0.,-1.));
#11885=DIRECTION('',(0.,-1.,0.));
#11886=DIRECTION('center_axis',(0.707106781186548,0.707106781186548,0.));
#11887=DIRECTION('ref_axis',(0.,0.,-1.));
#11888=DIRECTION('',(0.707106781186548,-0.707106781186548,0.));
#11889=DIRECTION('',(0.,0.,-1.));
#11890=DIRECTION('',(0.707106781186548,-0.707106781186548,0.));
#11891=DIRECTION('center_axis',(0.,1.,0.));
#11892=DIRECTION('ref_axis',(0.,0.,1.));
#11893=DIRECTION('',(1.,0.,0.));
#11894=DIRECTION('',(0.,0.,-1.));
#11895=DIRECTION('',(1.,0.,0.));
#11896=DIRECTION('center_axis',(-1.,0.,0.));
#11897=DIRECTION('ref_axis',(0.,0.,1.));
#11898=DIRECTION('',(0.,1.,0.));
#11899=DIRECTION('',(0.,0.,-1.));
#11900=DIRECTION('',(0.,1.,0.));
#11901=DIRECTION('center_axis',(0.,1.,0.));
#11902=DIRECTION('ref_axis',(0.,0.,1.));
#11903=DIRECTION('',(1.,0.,0.));
#11904=DIRECTION('',(0.,0.,-1.));
#11905=DIRECTION('',(1.,0.,0.));
#11906=DIRECTION('center_axis',(1.,0.,0.));
#11907=DIRECTION('ref_axis',(0.,0.,-1.));
#11908=DIRECTION('',(0.,-1.,0.));
#11909=DIRECTION('',(0.,0.,-1.));
#11910=DIRECTION('',(0.,-1.,0.));
#11911=DIRECTION('center_axis',(0.,1.,0.));
#11912=DIRECTION('ref_axis',(0.,0.,1.));
#11913=DIRECTION('',(1.,0.,0.));
#11914=DIRECTION('',(0.,0.,-1.));
#11915=DIRECTION('',(1.,0.,0.));
#11916=DIRECTION('center_axis',(-1.,0.,0.));
#11917=DIRECTION('ref_axis',(0.,0.,1.));
#11918=DIRECTION('',(0.,1.,0.));
#11919=DIRECTION('',(0.,0.,-1.));
#11920=DIRECTION('',(0.,1.,0.));
#11921=DIRECTION('center_axis',(0.,1.,0.));
#11922=DIRECTION('ref_axis',(0.,0.,1.));
#11923=DIRECTION('',(1.,0.,0.));
#11924=DIRECTION('',(0.,0.,-1.));
#11925=DIRECTION('',(1.,0.,0.));
#11926=DIRECTION('center_axis',(1.,0.,0.));
#11927=DIRECTION('ref_axis',(0.,0.,-1.));
#11928=DIRECTION('',(0.,-1.,0.));
#11929=DIRECTION('',(0.,0.,-1.));
#11930=DIRECTION('',(0.,-1.,0.));
#11931=DIRECTION('center_axis',(0.,1.,0.));
#11932=DIRECTION('ref_axis',(0.,0.,1.));
#11933=DIRECTION('',(1.,0.,0.));
#11934=DIRECTION('',(0.,0.,-1.));
#11935=DIRECTION('',(1.,0.,0.));
#11936=DIRECTION('center_axis',(-0.707106781186547,0.707106781186548,0.));
#11937=DIRECTION('ref_axis',(0.,0.,1.));
#11938=DIRECTION('',(0.707106781186548,0.707106781186548,0.));
#11939=DIRECTION('',(0.,0.,-1.));
#11940=DIRECTION('',(0.707106781186548,0.707106781186548,0.));
#11941=DIRECTION('center_axis',(-1.,0.,0.));
#11942=DIRECTION('ref_axis',(0.,0.,1.));
#11943=DIRECTION('',(0.,1.,0.));
#11944=DIRECTION('',(0.,0.,-1.));
#11945=DIRECTION('',(0.,1.,0.));
#11946=DIRECTION('center_axis',(-0.707106781186547,-0.707106781186548,0.));
#11947=DIRECTION('ref_axis',(0.,0.,1.));
#11948=DIRECTION('',(-0.707106781186548,0.707106781186547,0.));
#11949=DIRECTION('',(0.,0.,-1.));
#11950=DIRECTION('',(-0.707106781186548,0.707106781186547,0.));
#11951=DIRECTION('center_axis',(0.,-1.,0.));
#11952=DIRECTION('ref_axis',(0.,0.,-1.));
#11953=DIRECTION('',(-1.,0.,0.));
#11954=DIRECTION('',(0.,0.,-1.));
#11955=DIRECTION('',(-1.,0.,0.));
#11956=DIRECTION('center_axis',(1.,0.,0.));
#11957=DIRECTION('ref_axis',(0.,0.,-1.));
#11958=DIRECTION('',(0.,-1.,0.));
#11959=DIRECTION('',(0.,0.,-1.));
#11960=DIRECTION('',(0.,-1.,0.));
#11961=DIRECTION('center_axis',(0.,-1.,0.));
#11962=DIRECTION('ref_axis',(0.,0.,-1.));
#11963=DIRECTION('',(-1.,0.,0.));
#11964=DIRECTION('',(0.,0.,-1.));
#11965=DIRECTION('',(-1.,0.,0.));
#11966=DIRECTION('center_axis',(-1.,0.,0.));
#11967=DIRECTION('ref_axis',(0.,0.,1.));
#11968=DIRECTION('',(0.,1.,0.));
#11969=DIRECTION('',(0.,0.,-1.));
#11970=DIRECTION('',(0.,1.,0.));
#11971=DIRECTION('center_axis',(0.,-1.,0.));
#11972=DIRECTION('ref_axis',(0.,0.,-1.));
#11973=DIRECTION('',(-1.,0.,0.));
#11974=DIRECTION('',(0.,0.,-1.));
#11975=DIRECTION('',(-1.,0.,0.));
#11976=DIRECTION('center_axis',(1.,0.,0.));
#11977=DIRECTION('ref_axis',(0.,0.,-1.));
#11978=DIRECTION('',(0.,-1.,0.));
#11979=DIRECTION('',(0.,0.,-1.));
#11980=DIRECTION('',(0.,-1.,0.));
#11981=DIRECTION('center_axis',(0.,-1.,0.));
#11982=DIRECTION('ref_axis',(0.,0.,-1.));
#11983=DIRECTION('',(-1.,0.,0.));
#11984=DIRECTION('',(0.,0.,-1.));
#11985=DIRECTION('',(-1.,0.,0.));
#11986=DIRECTION('center_axis',(-1.,0.,0.));
#11987=DIRECTION('ref_axis',(0.,0.,1.));
#11988=DIRECTION('',(0.,1.,0.));
#11989=DIRECTION('',(0.,0.,-1.));
#11990=DIRECTION('',(0.,1.,0.));
#11991=DIRECTION('center_axis',(0.,-1.,0.));
#11992=DIRECTION('ref_axis',(0.,0.,-1.));
#11993=DIRECTION('',(-1.,0.,0.));
#11994=DIRECTION('',(-1.,0.,0.));
#11995=DIRECTION('center_axis',(0.,0.,1.));
#11996=DIRECTION('ref_axis',(1.,0.,0.));
#11997=DIRECTION('center_axis',(0.,0.,1.));
#11998=DIRECTION('ref_axis',(1.,0.,0.));
#11999=DIRECTION('axis',(0.,0.,1.));
#12000=DIRECTION('refdir',(1.,0.,0.));
#12001=DIRECTION('center_axis',(0.,0.,-1.));
#12002=DIRECTION('ref_axis',(-1.,0.,0.));
#12003=DIRECTION('',(0.,1.,0.));
#12004=DIRECTION('',(1.,0.,0.));
#12005=DIRECTION('',(0.,1.,0.));
#12006=DIRECTION('',(1.,0.,0.));
#12007=DIRECTION('center_axis',(0.,-1.,0.));
#12008=DIRECTION('ref_axis',(0.,0.,-1.));
#12009=DIRECTION('',(0.,0.,-1.));
#12010=DIRECTION('',(1.,0.,0.));
#12011=DIRECTION('',(0.,0.,-1.));
#12012=DIRECTION('center_axis',(0.,0.,1.));
#12013=DIRECTION('ref_axis',(1.,0.,0.));
#12014=DIRECTION('',(0.,-1.,0.));
#12015=DIRECTION('',(1.,0.,0.));
#12016=DIRECTION('',(0.,-1.,0.));
#12017=DIRECTION('center_axis',(0.,-1.,0.));
#12018=DIRECTION('ref_axis',(0.,0.,-1.));
#12019=DIRECTION('',(0.,0.,-1.));
#12020=DIRECTION('',(1.,0.,0.));
#12021=DIRECTION('',(0.,0.,-1.));
#12022=DIRECTION('center_axis',(0.,-0.707106781186548,-0.707106781186548));
#12023=DIRECTION('ref_axis',(-1.,0.,0.));
#12024=DIRECTION('',(0.,0.707106781186547,-0.707106781186548));
#12025=DIRECTION('',(1.,0.,0.));
#12026=DIRECTION('',(0.,0.707106781186547,-0.707106781186548));
#12027=DIRECTION('center_axis',(0.,0.,-1.));
#12028=DIRECTION('ref_axis',(-1.,0.,0.));
#12029=DIRECTION('',(0.,1.,0.));
#12030=DIRECTION('',(1.,0.,0.));
#12031=DIRECTION('',(0.,1.,0.));
#12032=DIRECTION('center_axis',(0.,0.707106781186548,-0.707106781186548));
#12033=DIRECTION('ref_axis',(-1.,0.,0.));
#12034=DIRECTION('',(0.,0.707106781186547,0.707106781186548));
#12035=DIRECTION('',(1.,0.,0.));
#12036=DIRECTION('',(0.,0.707106781186547,0.707106781186548));
#12037=DIRECTION('center_axis',(0.,1.,0.));
#12038=DIRECTION('ref_axis',(0.,0.,1.));
#12039=DIRECTION('',(0.,0.,1.));
#12040=DIRECTION('',(1.,0.,0.));
#12041=DIRECTION('',(0.,0.,1.));
#12042=DIRECTION('center_axis',(0.,0.,1.));
#12043=DIRECTION('ref_axis',(1.,0.,0.));
#12044=DIRECTION('',(0.,-1.,0.));
#12045=DIRECTION('',(1.,0.,0.));
#12046=DIRECTION('',(0.,-1.,0.));
#12047=DIRECTION('center_axis',(0.,1.,0.));
#12048=DIRECTION('ref_axis',(0.,0.,1.));
#12049=DIRECTION('',(0.,0.,1.));
#12050=DIRECTION('',(1.,0.,0.));
#12051=DIRECTION('',(0.,0.,1.));
#12052=DIRECTION('center_axis',(0.,0.,-1.));
#12053=DIRECTION('ref_axis',(-1.,0.,0.));
#12054=DIRECTION('',(0.,1.,0.));
#12055=DIRECTION('',(1.,0.,0.));
#12056=DIRECTION('',(0.,1.,0.));
#12057=DIRECTION('center_axis',(0.,1.,0.));
#12058=DIRECTION('ref_axis',(0.,0.,1.));
#12059=DIRECTION('',(0.,0.,1.));
#12060=DIRECTION('',(1.,0.,0.));
#12061=DIRECTION('',(0.,0.,1.));
#12062=DIRECTION('center_axis',(0.,0.,-1.));
#12063=DIRECTION('ref_axis',(-1.,0.,0.));
#12064=DIRECTION('',(0.,1.,0.));
#12065=DIRECTION('',(1.,0.,0.));
#12066=DIRECTION('',(0.,1.,0.));
#12067=DIRECTION('center_axis',(1.,0.,0.));
#12068=DIRECTION('ref_axis',(0.,0.,-1.));
#12069=DIRECTION('center_axis',(1.,0.,0.));
#12070=DIRECTION('ref_axis',(0.,0.,-1.));
#12071=DIRECTION('',(1.,0.,0.));
#12072=DIRECTION('center_axis',(1.,0.,0.));
#12073=DIRECTION('ref_axis',(0.,0.,-1.));
#12074=DIRECTION('center_axis',(0.,-1.,0.));
#12075=DIRECTION('ref_axis',(0.,0.,-1.));
#12076=DIRECTION('',(0.,0.,-1.));
#12077=DIRECTION('',(1.,0.,0.));
#12078=DIRECTION('',(0.,0.,-1.));
#12079=DIRECTION('center_axis',(0.,0.,1.));
#12080=DIRECTION('ref_axis',(1.,0.,0.));
#12081=DIRECTION('',(0.,-1.,0.));
#12082=DIRECTION('',(1.,0.,0.));
#12083=DIRECTION('',(0.,-1.,0.));
#12084=DIRECTION('center_axis',(0.,-1.,0.));
#12085=DIRECTION('ref_axis',(0.,0.,-1.));
#12086=DIRECTION('',(0.,0.,-1.));
#12087=DIRECTION('',(1.,0.,0.));
#12088=DIRECTION('',(0.,0.,-1.));
#12089=DIRECTION('center_axis',(0.,0.,1.));
#12090=DIRECTION('ref_axis',(1.,0.,0.));
#12091=DIRECTION('',(0.,-1.,0.));
#12092=DIRECTION('',(1.,0.,0.));
#12093=DIRECTION('',(0.,-1.,0.));
#12094=DIRECTION('center_axis',(0.,1.,0.));
#12095=DIRECTION('ref_axis',(0.,0.,1.));
#12096=DIRECTION('',(0.,0.,1.));
#12097=DIRECTION('',(1.,0.,0.));
#12098=DIRECTION('',(0.,0.,1.));
#12099=DIRECTION('center_axis',(0.,0.,1.));
#12100=DIRECTION('ref_axis',(1.,0.,0.));
#12101=DIRECTION('',(0.,-1.,0.));
#12102=DIRECTION('',(1.,0.,0.));
#12103=DIRECTION('',(0.,-1.,0.));
#12104=DIRECTION('center_axis',(0.,-0.707106781186548,0.707106781186548));
#12105=DIRECTION('ref_axis',(1.,0.,0.));
#12106=DIRECTION('',(0.,-0.707106781186548,-0.707106781186547));
#12107=DIRECTION('',(1.,0.,0.));
#12108=DIRECTION('',(0.,-0.707106781186548,-0.707106781186547));
#12109=DIRECTION('center_axis',(0.,-1.,0.));
#12110=DIRECTION('ref_axis',(0.,0.,-1.));
#12111=DIRECTION('',(0.,0.,-1.));
#12112=DIRECTION('',(1.,0.,0.));
#12113=DIRECTION('',(0.,0.,-1.));
#12114=DIRECTION('center_axis',(0.,-0.707106781186548,-0.707106781186548));
#12115=DIRECTION('ref_axis',(-1.,0.,0.));
#12116=DIRECTION('',(0.,0.707106781186548,-0.707106781186547));
#12117=DIRECTION('',(1.,0.,0.));
#12118=DIRECTION('',(0.,0.707106781186548,-0.707106781186547));
#12119=DIRECTION('center_axis',(0.,0.,-1.));
#12120=DIRECTION('ref_axis',(-1.,0.,0.));
#12121=DIRECTION('',(0.,1.,0.));
#12122=DIRECTION('',(1.,0.,0.));
#12123=DIRECTION('',(0.,1.,0.));
#12124=DIRECTION('center_axis',(0.,1.,0.));
#12125=DIRECTION('ref_axis',(0.,0.,1.));
#12126=DIRECTION('',(0.,0.,1.));
#12127=DIRECTION('',(1.,0.,0.));
#12128=DIRECTION('',(0.,0.,1.));
#12129=DIRECTION('center_axis',(0.,0.,-1.));
#12130=DIRECTION('ref_axis',(-1.,0.,0.));
#12131=DIRECTION('',(0.,1.,0.));
#12132=DIRECTION('',(1.,0.,0.));
#12133=DIRECTION('',(0.,1.,0.));
#12134=DIRECTION('center_axis',(0.,-1.,0.));
#12135=DIRECTION('ref_axis',(0.,0.,-1.));
#12136=DIRECTION('',(0.,0.,-1.));
#12137=DIRECTION('',(1.,0.,0.));
#12138=DIRECTION('',(0.,0.,-1.));
#12139=DIRECTION('center_axis',(0.,0.,-1.));
#12140=DIRECTION('ref_axis',(-1.,0.,0.));
#12141=DIRECTION('',(0.,1.,0.));
#12142=DIRECTION('',(1.,0.,0.));
#12143=DIRECTION('',(0.,1.,0.));
#12144=DIRECTION('center_axis',(0.,-1.,0.));
#12145=DIRECTION('ref_axis',(0.,0.,-1.));
#12146=DIRECTION('',(0.,0.,-1.));
#12147=DIRECTION('',(1.,0.,0.));
#12148=DIRECTION('',(0.,0.,-1.));
#12149=DIRECTION('center_axis',(1.,0.,0.));
#12150=DIRECTION('ref_axis',(0.,0.,-1.));
#12151=DIRECTION('center_axis',(1.,0.,0.));
#12152=DIRECTION('ref_axis',(0.,0.,-1.));
#12153=DIRECTION('',(1.,0.,0.));
#12154=DIRECTION('center_axis',(1.,0.,0.));
#12155=DIRECTION('ref_axis',(0.,0.,-1.));
#12156=DIRECTION('center_axis',(0.,0.,1.));
#12157=DIRECTION('ref_axis',(1.,0.,0.));
#12158=DIRECTION('',(0.,-1.,0.));
#12159=DIRECTION('',(1.,0.,0.));
#12160=DIRECTION('',(0.,-1.,0.));
#12161=DIRECTION('center_axis',(0.,1.,0.));
#12162=DIRECTION('ref_axis',(0.,0.,1.));
#12163=DIRECTION('',(0.,0.,1.));
#12164=DIRECTION('',(1.,0.,0.));
#12165=DIRECTION('',(0.,0.,1.));
#12166=DIRECTION('center_axis',(0.,0.,1.));
#12167=DIRECTION('ref_axis',(1.,0.,0.));
#12168=DIRECTION('',(0.,-1.,0.));
#12169=DIRECTION('',(1.,0.,0.));
#12170=DIRECTION('',(0.,-1.,0.));
#12171=DIRECTION('center_axis',(0.,1.,0.));
#12172=DIRECTION('ref_axis',(0.,0.,1.));
#12173=DIRECTION('',(0.,0.,1.));
#12174=DIRECTION('',(1.,0.,0.));
#12175=DIRECTION('',(0.,0.,1.));
#12176=DIRECTION('center_axis',(0.,0.,-1.));
#12177=DIRECTION('ref_axis',(-1.,0.,0.));
#12178=DIRECTION('',(0.,1.,0.));
#12179=DIRECTION('',(1.,0.,0.));
#12180=DIRECTION('',(0.,1.,0.));
#12181=DIRECTION('center_axis',(0.,1.,0.));
#12182=DIRECTION('ref_axis',(0.,0.,1.));
#12183=DIRECTION('',(0.,0.,1.));
#12184=DIRECTION('',(1.,0.,0.));
#12185=DIRECTION('',(0.,0.,1.));
#12186=DIRECTION('center_axis',(0.,0.707106781186548,0.707106781186548));
#12187=DIRECTION('ref_axis',(1.,0.,0.));
#12188=DIRECTION('',(0.,-0.707106781186547,0.707106781186548));
#12189=DIRECTION('',(1.,0.,0.));
#12190=DIRECTION('',(0.,-0.707106781186547,0.707106781186548));
#12191=DIRECTION('center_axis',(0.,0.,1.));
#12192=DIRECTION('ref_axis',(1.,0.,0.));
#12193=DIRECTION('',(0.,-1.,0.));
#12194=DIRECTION('',(1.,0.,0.));
#12195=DIRECTION('',(0.,-1.,0.));
#12196=DIRECTION('center_axis',(0.,-0.707106781186548,0.707106781186548));
#12197=DIRECTION('ref_axis',(1.,0.,0.));
#12198=DIRECTION('',(0.,-0.707106781186547,-0.707106781186548));
#12199=DIRECTION('',(1.,0.,0.));
#12200=DIRECTION('',(0.,-0.707106781186547,-0.707106781186548));
#12201=DIRECTION('center_axis',(0.,-1.,0.));
#12202=DIRECTION('ref_axis',(0.,0.,-1.));
#12203=DIRECTION('',(0.,0.,-1.));
#12204=DIRECTION('',(1.,0.,0.));
#12205=DIRECTION('',(0.,0.,-1.));
#12206=DIRECTION('center_axis',(0.,0.,-1.));
#12207=DIRECTION('ref_axis',(-1.,0.,0.));
#12208=DIRECTION('',(0.,1.,0.));
#12209=DIRECTION('',(1.,0.,0.));
#12210=DIRECTION('',(0.,1.,0.));
#12211=DIRECTION('center_axis',(0.,-1.,0.));
#12212=DIRECTION('ref_axis',(0.,0.,-1.));
#12213=DIRECTION('',(0.,0.,-1.));
#12214=DIRECTION('',(1.,0.,0.));
#12215=DIRECTION('',(0.,0.,-1.));
#12216=DIRECTION('center_axis',(0.,0.,1.));
#12217=DIRECTION('ref_axis',(1.,0.,0.));
#12218=DIRECTION('',(0.,-1.,0.));
#12219=DIRECTION('',(1.,0.,0.));
#12220=DIRECTION('',(0.,-1.,0.));
#12221=DIRECTION('center_axis',(0.,-1.,0.));
#12222=DIRECTION('ref_axis',(0.,0.,-1.));
#12223=DIRECTION('',(0.,0.,-1.));
#12224=DIRECTION('',(1.,0.,0.));
#12225=DIRECTION('',(0.,0.,-1.));
#12226=DIRECTION('center_axis',(0.,0.,1.));
#12227=DIRECTION('ref_axis',(1.,0.,0.));
#12228=DIRECTION('',(0.,-1.,0.));
#12229=DIRECTION('',(1.,0.,0.));
#12230=DIRECTION('',(0.,-1.,0.));
#12231=DIRECTION('center_axis',(1.,0.,0.));
#12232=DIRECTION('ref_axis',(0.,0.,-1.));
#12233=DIRECTION('center_axis',(1.,0.,0.));
#12234=DIRECTION('ref_axis',(0.,0.,-1.));
#12235=DIRECTION('',(1.,0.,0.));
#12236=DIRECTION('center_axis',(1.,0.,0.));
#12237=DIRECTION('ref_axis',(0.,0.,-1.));
#12238=DIRECTION('center_axis',(0.,1.,0.));
#12239=DIRECTION('ref_axis',(0.,0.,1.));
#12240=DIRECTION('',(0.,0.,1.));
#12241=DIRECTION('',(1.,0.,0.));
#12242=DIRECTION('',(0.,0.,1.));
#12243=DIRECTION('center_axis',(0.,0.,-1.));
#12244=DIRECTION('ref_axis',(-1.,0.,0.));
#12245=DIRECTION('',(0.,1.,0.));
#12246=DIRECTION('',(1.,0.,0.));
#12247=DIRECTION('',(0.,1.,0.));
#12248=DIRECTION('center_axis',(0.,1.,0.));
#12249=DIRECTION('ref_axis',(0.,0.,1.));
#12250=DIRECTION('',(0.,0.,1.));
#12251=DIRECTION('',(1.,0.,0.));
#12252=DIRECTION('',(0.,0.,1.));
#12253=DIRECTION('center_axis',(0.,0.,-1.));
#12254=DIRECTION('ref_axis',(-1.,0.,0.));
#12255=DIRECTION('',(0.,1.,0.));
#12256=DIRECTION('',(1.,0.,0.));
#12257=DIRECTION('',(0.,1.,0.));
#12258=DIRECTION('center_axis',(0.,-1.,0.));
#12259=DIRECTION('ref_axis',(0.,0.,-1.));
#12260=DIRECTION('',(0.,0.,-1.));
#12261=DIRECTION('',(1.,0.,0.));
#12262=DIRECTION('',(0.,0.,-1.));
#12263=DIRECTION('center_axis',(0.,0.,-1.));
#12264=DIRECTION('ref_axis',(-1.,0.,0.));
#12265=DIRECTION('',(0.,1.,0.));
#12266=DIRECTION('',(1.,0.,0.));
#12267=DIRECTION('',(0.,1.,0.));
#12268=DIRECTION('center_axis',(0.,0.707106781186548,-0.707106781186548));
#12269=DIRECTION('ref_axis',(-1.,0.,0.));
#12270=DIRECTION('',(0.,0.707106781186548,0.707106781186547));
#12271=DIRECTION('',(1.,0.,0.));
#12272=DIRECTION('',(0.,0.707106781186548,0.707106781186547));
#12273=DIRECTION('center_axis',(0.,1.,0.));
#12274=DIRECTION('ref_axis',(0.,0.,1.));
#12275=DIRECTION('',(0.,0.,1.));
#12276=DIRECTION('',(1.,0.,0.));
#12277=DIRECTION('',(0.,0.,1.));
#12278=DIRECTION('center_axis',(0.,0.707106781186548,0.707106781186548));
#12279=DIRECTION('ref_axis',(1.,0.,0.));
#12280=DIRECTION('',(0.,-0.707106781186548,0.707106781186547));
#12281=DIRECTION('',(1.,0.,0.));
#12282=DIRECTION('',(0.,-0.707106781186548,0.707106781186547));
#12283=DIRECTION('center_axis',(0.,0.,1.));
#12284=DIRECTION('ref_axis',(1.,0.,0.));
#12285=DIRECTION('',(0.,-1.,0.));
#12286=DIRECTION('',(1.,0.,0.));
#12287=DIRECTION('',(0.,-1.,0.));
#12288=DIRECTION('center_axis',(0.,-1.,0.));
#12289=DIRECTION('ref_axis',(0.,0.,-1.));
#12290=DIRECTION('',(0.,0.,-1.));
#12291=DIRECTION('',(1.,0.,0.));
#12292=DIRECTION('',(0.,0.,-1.));
#12293=DIRECTION('center_axis',(0.,0.,1.));
#12294=DIRECTION('ref_axis',(1.,0.,0.));
#12295=DIRECTION('',(0.,-1.,0.));
#12296=DIRECTION('',(1.,0.,0.));
#12297=DIRECTION('',(0.,-1.,0.));
#12298=DIRECTION('center_axis',(0.,1.,0.));
#12299=DIRECTION('ref_axis',(0.,0.,1.));
#12300=DIRECTION('',(0.,0.,1.));
#12301=DIRECTION('',(1.,0.,0.));
#12302=DIRECTION('',(0.,0.,1.));
#12303=DIRECTION('center_axis',(0.,0.,1.));
#12304=DIRECTION('ref_axis',(1.,0.,0.));
#12305=DIRECTION('',(0.,-1.,0.));
#12306=DIRECTION('',(1.,0.,0.));
#12307=DIRECTION('',(0.,-1.,0.));
#12308=DIRECTION('center_axis',(0.,1.,0.));
#12309=DIRECTION('ref_axis',(0.,0.,1.));
#12310=DIRECTION('',(0.,0.,1.));
#12311=DIRECTION('',(1.,0.,0.));
#12312=DIRECTION('',(0.,0.,1.));
#12313=DIRECTION('center_axis',(1.,0.,0.));
#12314=DIRECTION('ref_axis',(0.,0.,-1.));
#12315=DIRECTION('center_axis',(1.,0.,0.));
#12316=DIRECTION('ref_axis',(0.,0.,-1.));
#12317=DIRECTION('',(1.,0.,0.));
#12318=DIRECTION('center_axis',(1.,0.,0.));
#12319=DIRECTION('ref_axis',(0.,0.,-1.));
#12320=DIRECTION('center_axis',(0.,0.,-1.));
#12321=DIRECTION('ref_axis',(-1.,0.,0.));
#12322=DIRECTION('',(0.,1.,0.));
#12323=DIRECTION('',(1.,0.,0.));
#12324=DIRECTION('',(0.,1.,0.));
#12325=DIRECTION('center_axis',(0.,-1.,0.));
#12326=DIRECTION('ref_axis',(0.,0.,-1.));
#12327=DIRECTION('',(0.,0.,-1.));
#12328=DIRECTION('',(0.,0.,-1.));
#12329=DIRECTION('center_axis',(1.,0.,0.));
#12330=DIRECTION('ref_axis',(0.,0.,-1.));
#12331=DIRECTION('',(0.,1.,0.));
#12332=DIRECTION('center_axis',(1.,0.,0.));
#12333=DIRECTION('ref_axis',(0.,0.,1.));
#12334=DIRECTION('',(0.,0.,1.));
#12335=DIRECTION('',(0.,-1.,0.));
#12336=DIRECTION('',(0.,0.,-1.));
#12337=DIRECTION('',(0.,0.,-1.));
#12338=DIRECTION('center_axis',(1.,0.,0.));
#12339=DIRECTION('ref_axis',(0.,0.,1.));
#12340=DIRECTION('',(0.,1.,0.));
#12341=DIRECTION('',(0.,0.,1.));
#12342=DIRECTION('',(0.,-1.,0.));
#12343=DIRECTION('',(0.,-1.,0.));
#12344=DIRECTION('center_axis',(1.,0.,0.));
#12345=DIRECTION('ref_axis',(0.,0.,1.));
#12346=DIRECTION('',(0.,0.,-1.));
#12347=DIRECTION('',(0.,1.,0.));
#12348=DIRECTION('',(0.,0.,1.));
#12349=DIRECTION('',(0.,0.,1.));
#12350=DIRECTION('center_axis',(1.,0.,0.));
#12351=DIRECTION('ref_axis',(0.,0.,1.));
#12352=DIRECTION('',(0.,-1.,0.));
#12353=DIRECTION('',(0.,0.,-1.));
#12354=DIRECTION('',(0.,1.,0.));
#12355=DIRECTION('center_axis',(1.,0.,0.));
#12356=DIRECTION('ref_axis',(0.,0.,1.));
#12357=DIRECTION('center_axis',(1.,0.,0.));
#12358=DIRECTION('ref_axis',(0.,0.,-1.));
#12359=DIRECTION('center_axis',(1.,0.,0.));
#12360=DIRECTION('ref_axis',(0.,0.,1.));
#12361=DIRECTION('',(0.,1.,0.));
#12362=DIRECTION('',(0.,0.,-1.));
#12363=DIRECTION('',(0.,-1.,0.));
#12364=DIRECTION('',(0.,0.,1.));
#12365=DIRECTION('center_axis',(1.,0.,0.));
#12366=DIRECTION('ref_axis',(0.,0.,1.));
#12367=DIRECTION('',(0.,0.,-1.));
#12368=DIRECTION('',(0.,-1.,0.));
#12369=DIRECTION('',(0.,0.,1.));
#12370=DIRECTION('',(0.,1.,0.));
#12371=DIRECTION('center_axis',(1.,0.,0.));
#12372=DIRECTION('ref_axis',(0.,0.,1.));
#12373=DIRECTION('',(0.,-1.,0.));
#12374=DIRECTION('',(0.,0.,1.));
#12375=DIRECTION('',(0.,1.,0.));
#12376=DIRECTION('',(0.,0.,-1.));
#12377=DIRECTION('center_axis',(1.,0.,0.));
#12378=DIRECTION('ref_axis',(0.,0.,1.));
#12379=DIRECTION('',(0.,0.,1.));
#12380=DIRECTION('',(0.,1.,0.));
#12381=DIRECTION('',(0.,0.,-1.));
#12382=DIRECTION('',(0.,-1.,0.));
#12383=DIRECTION('center_axis',(1.,0.,0.));
#12384=DIRECTION('ref_axis',(0.,0.,1.));
#12385=DIRECTION('center_axis',(1.,0.,0.));
#12386=DIRECTION('ref_axis',(0.,0.,-1.));
#12387=DIRECTION('',(1.,0.,0.));
#12388=DIRECTION('center_axis',(1.,0.,0.));
#12389=DIRECTION('ref_axis',(0.,0.,-1.));
#12390=DIRECTION('',(1.,0.,0.));
#12391=DIRECTION('',(1.,0.,0.));
#12392=DIRECTION('center_axis',(0.,1.,0.));
#12393=DIRECTION('ref_axis',(0.,0.,1.));
#12394=DIRECTION('',(1.,0.,0.));
#12395=DIRECTION('center_axis',(0.,0.,-1.));
#12396=DIRECTION('ref_axis',(-1.,0.,0.));
#12397=DIRECTION('',(1.,0.,0.));
#12398=DIRECTION('center_axis',(0.,-1.,0.));
#12399=DIRECTION('ref_axis',(0.,0.,-1.));
#12400=DIRECTION('',(1.,0.,0.));
#12401=DIRECTION('center_axis',(0.,0.,1.));
#12402=DIRECTION('ref_axis',(1.,0.,0.));
#12403=DIRECTION('center_axis',(1.,0.,0.));
#12404=DIRECTION('ref_axis',(0.,0.,-1.));
#12405=DIRECTION('',(1.,0.,0.));
#12406=DIRECTION('',(1.,0.,0.));
#12407=DIRECTION('center_axis',(0.,0.,1.));
#12408=DIRECTION('ref_axis',(1.,0.,0.));
#12409=DIRECTION('',(1.,0.,0.));
#12410=DIRECTION('center_axis',(0.,1.,0.));
#12411=DIRECTION('ref_axis',(0.,0.,1.));
#12412=DIRECTION('',(1.,0.,0.));
#12413=DIRECTION('center_axis',(0.,0.,-1.));
#12414=DIRECTION('ref_axis',(-1.,0.,0.));
#12415=DIRECTION('',(1.,0.,0.));
#12416=DIRECTION('center_axis',(0.,-1.,0.));
#12417=DIRECTION('ref_axis',(0.,0.,-1.));
#12418=DIRECTION('center_axis',(1.,0.,0.));
#12419=DIRECTION('ref_axis',(0.,0.,-1.));
#12420=DIRECTION('',(1.,0.,0.));
#12421=DIRECTION('',(1.,0.,0.));
#12422=DIRECTION('center_axis',(0.,-1.,0.));
#12423=DIRECTION('ref_axis',(0.,0.,-1.));
#12424=DIRECTION('',(1.,0.,0.));
#12425=DIRECTION('center_axis',(0.,0.,1.));
#12426=DIRECTION('ref_axis',(1.,0.,0.));
#12427=DIRECTION('',(1.,0.,0.));
#12428=DIRECTION('center_axis',(0.,1.,0.));
#12429=DIRECTION('ref_axis',(0.,0.,1.));
#12430=DIRECTION('',(1.,0.,0.));
#12431=DIRECTION('center_axis',(0.,0.,-1.));
#12432=DIRECTION('ref_axis',(-1.,0.,0.));
#12433=DIRECTION('center_axis',(1.,0.,0.));
#12434=DIRECTION('ref_axis',(0.,0.,-1.));
#12435=DIRECTION('',(1.,0.,0.));
#12436=DIRECTION('',(1.,0.,0.));
#12437=DIRECTION('center_axis',(0.,0.,-1.));
#12438=DIRECTION('ref_axis',(-1.,0.,0.));
#12439=DIRECTION('',(1.,0.,0.));
#12440=DIRECTION('center_axis',(0.,-1.,0.));
#12441=DIRECTION('ref_axis',(0.,0.,-1.));
#12442=DIRECTION('',(1.,0.,0.));
#12443=DIRECTION('center_axis',(0.,0.,1.));
#12444=DIRECTION('ref_axis',(1.,0.,0.));
#12445=DIRECTION('',(1.,0.,0.));
#12446=DIRECTION('center_axis',(0.,1.,0.));
#12447=DIRECTION('ref_axis',(0.,0.,1.));
#12448=DIRECTION('axis',(0.,0.,1.));
#12449=DIRECTION('refdir',(1.,0.,0.));
#12450=DIRECTION('center_axis',(1.,0.,0.));
#12451=DIRECTION('ref_axis',(0.,0.,-1.));
#12452=DIRECTION('',(0.,1.,0.));
#12453=DIRECTION('',(0.,0.,-1.));
#12454=DIRECTION('',(0.,-1.,0.));
#12455=DIRECTION('',(0.,0.,-1.));
#12456=DIRECTION('center_axis',(0.707106781186548,0.707106781186548,0.));
#12457=DIRECTION('ref_axis',(0.,0.,-1.));
#12458=DIRECTION('',(-0.707106781186548,0.707106781186548,0.));
#12459=DIRECTION('',(0.,0.,-1.));
#12460=DIRECTION('',(0.707106781186548,-0.707106781186548,0.));
#12461=DIRECTION('center_axis',(0.,1.,0.));
#12462=DIRECTION('ref_axis',(0.,0.,1.));
#12463=DIRECTION('',(-1.,0.,0.));
#12464=DIRECTION('',(0.,0.,-1.));
#12465=DIRECTION('',(1.,0.,0.));
#12466=DIRECTION('center_axis',(-0.707106781186548,0.707106781186547,0.));
#12467=DIRECTION('ref_axis',(0.,0.,1.));
#12468=DIRECTION('',(-0.707106781186547,-0.707106781186548,0.));
#12469=DIRECTION('',(0.,0.,-1.));
#12470=DIRECTION('',(0.707106781186547,0.707106781186548,0.));
#12471=DIRECTION('center_axis',(-1.,0.,0.));
#12472=DIRECTION('ref_axis',(0.,0.,1.));
#12473=DIRECTION('',(0.,-1.,0.));
#12474=DIRECTION('',(0.,0.,-1.));
#12475=DIRECTION('',(0.,1.,0.));
#12476=DIRECTION('center_axis',(-0.707106781186548,-0.707106781186548,0.));
#12477=DIRECTION('ref_axis',(0.,0.,1.));
#12478=DIRECTION('',(0.707106781186548,-0.707106781186548,0.));
#12479=DIRECTION('',(0.,0.,-1.));
#12480=DIRECTION('',(-0.707106781186548,0.707106781186548,0.));
#12481=DIRECTION('center_axis',(0.,-1.,0.));
#12482=DIRECTION('ref_axis',(0.,0.,-1.));
#12483=DIRECTION('',(1.,0.,0.));
#12484=DIRECTION('',(0.,0.,-1.));
#12485=DIRECTION('',(-1.,0.,0.));
#12486=DIRECTION('center_axis',(0.707106781186547,-0.707106781186548,0.));
#12487=DIRECTION('ref_axis',(0.,0.,-1.));
#12488=DIRECTION('',(0.707106781186548,0.707106781186547,0.));
#12489=DIRECTION('',(-0.707106781186548,-0.707106781186547,0.));
#12490=DIRECTION('center_axis',(0.,0.,-1.));
#12491=DIRECTION('ref_axis',(-1.,0.,0.));
#12492=DIRECTION('center_axis',(0.,0.,1.));
#12493=DIRECTION('ref_axis',(1.,0.,0.));
#12494=DIRECTION('center_axis',(0.,0.,1.));
#12495=DIRECTION('ref_axis',(1.,0.,0.));
#12496=DIRECTION('center_axis',(0.,0.,1.));
#12497=DIRECTION('ref_axis',(1.,0.,0.));
#12498=DIRECTION('center_axis',(0.,0.,1.));
#12499=DIRECTION('ref_axis',(1.,0.,0.));
#12500=DIRECTION('center_axis',(0.,0.,1.));
#12501=DIRECTION('ref_axis',(1.,0.,0.));
#12502=DIRECTION('center_axis',(0.,0.,1.));
#12503=DIRECTION('ref_axis',(1.,0.,0.));
#12504=DIRECTION('center_axis',(0.,0.,1.));
#12505=DIRECTION('ref_axis',(1.,0.,0.));
#12506=DIRECTION('',(0.,0.,1.));
#12507=DIRECTION('center_axis',(0.,0.,1.));
#12508=DIRECTION('ref_axis',(1.,0.,0.));
#12509=DIRECTION('center_axis',(0.,0.,1.));
#12510=DIRECTION('ref_axis',(1.,0.,0.));
#12511=DIRECTION('center_axis',(0.,0.,1.));
#12512=DIRECTION('ref_axis',(1.,0.,0.));
#12513=DIRECTION('',(0.,0.,1.));
#12514=DIRECTION('center_axis',(0.,0.,1.));
#12515=DIRECTION('ref_axis',(1.,0.,0.));
#12516=DIRECTION('center_axis',(0.,0.,1.));
#12517=DIRECTION('ref_axis',(1.,0.,0.));
#12518=DIRECTION('center_axis',(0.,0.,1.));
#12519=DIRECTION('ref_axis',(1.,0.,0.));
#12520=DIRECTION('',(0.,0.,1.));
#12521=DIRECTION('center_axis',(0.,0.,1.));
#12522=DIRECTION('ref_axis',(1.,0.,0.));
#12523=DIRECTION('center_axis',(0.,0.,1.));
#12524=DIRECTION('ref_axis',(1.,0.,0.));
#12525=DIRECTION('center_axis',(0.,0.,1.));
#12526=DIRECTION('ref_axis',(1.,0.,0.));
#12527=DIRECTION('',(0.,0.,1.));
#12528=DIRECTION('center_axis',(0.,0.,1.));
#12529=DIRECTION('ref_axis',(1.,0.,0.));
#12530=DIRECTION('center_axis',(0.,0.,-1.));
#12531=DIRECTION('ref_axis',(-1.,0.,0.));
#12532=DIRECTION('',(0.,0.,1.));
#12533=DIRECTION('center_axis',(0.,0.,1.));
#12534=DIRECTION('ref_axis',(1.,0.,0.));
#12535=DIRECTION('center_axis',(0.,0.,1.));
#12536=DIRECTION('ref_axis',(1.,0.,0.));
#12537=DIRECTION('center_axis',(0.,0.,1.));
#12538=DIRECTION('ref_axis',(1.,0.,0.));
#12539=DIRECTION('center_axis',(0.,0.,-1.));
#12540=DIRECTION('ref_axis',(-1.,0.,0.));
#12541=DIRECTION('',(0.,0.,1.));
#12542=DIRECTION('center_axis',(0.,0.,1.));
#12543=DIRECTION('ref_axis',(1.,0.,0.));
#12544=DIRECTION('center_axis',(0.,0.,1.));
#12545=DIRECTION('ref_axis',(1.,0.,0.));
#12546=DIRECTION('center_axis',(0.,0.,-1.));
#12547=DIRECTION('ref_axis',(-1.,0.,0.));
#12548=DIRECTION('axis',(0.,0.,1.));
#12549=DIRECTION('refdir',(1.,0.,0.));
#12550=DIRECTION('center_axis',(1.,0.,0.));
#12551=DIRECTION('ref_axis',(0.,0.,-1.));
#12552=DIRECTION('center_axis',(-1.,0.,0.));
#12553=DIRECTION('ref_axis',(0.,0.,1.));
#12554=DIRECTION('',(1.,0.,0.));
#12555=DIRECTION('center_axis',(1.,0.,0.));
#12556=DIRECTION('ref_axis',(0.,0.,-1.));
#12557=DIRECTION('center_axis',(1.,0.,0.));
#12558=DIRECTION('ref_axis',(0.,0.,-1.));
#12559=DIRECTION('center_axis',(-1.,0.,0.));
#12560=DIRECTION('ref_axis',(0.,0.,1.));
#12561=DIRECTION('',(1.,0.,0.));
#12562=DIRECTION('center_axis',(1.,0.,0.));
#12563=DIRECTION('ref_axis',(0.,0.,-1.));
#12564=DIRECTION('center_axis',(0.,0.,1.));
#12565=DIRECTION('ref_axis',(1.,0.,0.));
#12566=DIRECTION('',(-1.,0.,0.));
#12567=DIRECTION('',(0.,-1.,8.7076315656875E-16));
#12568=DIRECTION('',(1.,0.,0.));
#12569=DIRECTION('',(0.,1.,0.));
#12570=DIRECTION('',(1.,0.,0.));
#12571=DIRECTION('',(0.,-1.,0.));
#12572=DIRECTION('',(1.,0.,0.));
#12573=DIRECTION('',(0.707106781186548,0.707106781186548,0.));
#12574=DIRECTION('',(0.,1.,0.));
#12575=DIRECTION('',(-0.707106781186548,0.707106781186547,0.));
#12576=DIRECTION('',(-1.,0.,0.));
#12577=DIRECTION('',(0.,-1.,0.));
#12578=DIRECTION('',(-1.,0.,0.));
#12579=DIRECTION('',(0.,1.,0.));
#12580=DIRECTION('center_axis',(-1.,0.,0.));
#12581=DIRECTION('ref_axis',(0.,0.,1.));
#12582=DIRECTION('',(0.,1.,0.));
#12583=DIRECTION('',(0.,0.,-1.));
#12584=DIRECTION('',(0.,0.,-1.));
#12585=DIRECTION('center_axis',(0.,-1.,0.));
#12586=DIRECTION('ref_axis',(0.,0.,-1.));
#12587=DIRECTION('',(-1.,0.,0.));
#12588=DIRECTION('',(0.,0.,-1.));
#12589=DIRECTION('',(-1.,0.,0.));
#12590=DIRECTION('center_axis',(1.,0.,0.));
#12591=DIRECTION('ref_axis',(0.,0.,-1.));
#12592=DIRECTION('',(0.,-1.,0.));
#12593=DIRECTION('',(0.,0.,-1.));
#12594=DIRECTION('',(0.,-1.,0.));
#12595=DIRECTION('',(0.,-0.707106781186548,0.707106781186547));
#12596=DIRECTION('',(0.,1.37488919458224E-16,1.));
#12597=DIRECTION('',(0.,0.707106781186547,0.707106781186547));
#12598=DIRECTION('',(0.,1.,-5.49955677832895E-16));
#12599=DIRECTION('',(0.,0.707106781186547,-0.707106781186548));
#12600=DIRECTION('',(0.,0.,-1.));
#12601=DIRECTION('',(0.,-0.707106781186547,-0.707106781186547));
#12602=DIRECTION('',(0.,-1.,0.));
#12603=DIRECTION('center_axis',(-1.,0.,0.));
#12604=DIRECTION('ref_axis',(0.,0.,1.));
#12605=DIRECTION('center_axis',(-1.,0.,0.));
#12606=DIRECTION('ref_axis',(0.,0.,1.));
#12607=DIRECTION('center_axis',(-1.,0.,0.));
#12608=DIRECTION('ref_axis',(0.,0.,1.));
#12609=DIRECTION('center_axis',(-1.,0.,0.));
#12610=DIRECTION('ref_axis',(0.,0.,1.));
#12611=DIRECTION('center_axis',(-1.,0.,0.));
#12612=DIRECTION('ref_axis',(0.,0.,1.));
#12613=DIRECTION('center_axis',(-1.,0.,0.));
#12614=DIRECTION('ref_axis',(0.,0.,1.));
#12615=DIRECTION('center_axis',(1.,0.,0.));
#12616=DIRECTION('ref_axis',(0.,0.,-1.));
#12617=DIRECTION('center_axis',(0.,1.,0.));
#12618=DIRECTION('ref_axis',(0.,0.,1.));
#12619=DIRECTION('',(1.,0.,0.));
#12620=DIRECTION('',(0.,0.,-1.));
#12621=DIRECTION('',(1.,0.,0.));
#12622=DIRECTION('center_axis',(-1.,0.,0.));
#12623=DIRECTION('ref_axis',(0.,0.,1.));
#12624=DIRECTION('',(0.,1.,0.));
#12625=DIRECTION('',(0.,0.,-1.));
#12626=DIRECTION('center_axis',(0.,1.,0.));
#12627=DIRECTION('ref_axis',(0.,0.,1.));
#12628=DIRECTION('',(1.,0.,0.));
#12629=DIRECTION('',(0.,0.,-1.));
#12630=DIRECTION('center_axis',(1.,0.,0.));
#12631=DIRECTION('ref_axis',(0.,0.,-1.));
#12632=DIRECTION('',(0.,-1.,0.));
#12633=DIRECTION('',(0.,0.,-1.));
#12634=DIRECTION('center_axis',(0.,1.,0.));
#12635=DIRECTION('ref_axis',(0.,0.,1.));
#12636=DIRECTION('',(1.,0.,0.));
#12637=DIRECTION('',(0.,0.,-1.));
#12638=DIRECTION('center_axis',(-0.707106781186547,0.707106781186548,0.));
#12639=DIRECTION('ref_axis',(0.,0.,1.));
#12640=DIRECTION('',(0.707106781186548,0.707106781186548,0.));
#12641=DIRECTION('',(0.,0.,-1.));
#12642=DIRECTION('center_axis',(-1.,0.,0.));
#12643=DIRECTION('ref_axis',(0.,0.,1.));
#12644=DIRECTION('',(0.,1.,0.));
#12645=DIRECTION('',(0.,0.,-1.));
#12646=DIRECTION('center_axis',(-0.707106781186547,-0.707106781186548,0.));
#12647=DIRECTION('ref_axis',(0.,0.,1.));
#12648=DIRECTION('',(-0.707106781186548,0.707106781186547,0.));
#12649=DIRECTION('',(0.,0.,-1.));
#12650=DIRECTION('center_axis',(0.,-1.,0.));
#12651=DIRECTION('ref_axis',(0.,0.,-1.));
#12652=DIRECTION('',(-1.,0.,0.));
#12653=DIRECTION('',(0.,0.,-1.));
#12654=DIRECTION('center_axis',(1.,0.,0.));
#12655=DIRECTION('ref_axis',(0.,0.,-1.));
#12656=DIRECTION('',(0.,-1.,0.));
#12657=DIRECTION('',(0.,0.,-1.));
#12658=DIRECTION('center_axis',(0.,-1.,0.));
#12659=DIRECTION('ref_axis',(0.,0.,-1.));
#12660=DIRECTION('',(-1.,0.,0.));
#12661=DIRECTION('center_axis',(0.,0.,1.));
#12662=DIRECTION('ref_axis',(1.,0.,0.));
#12663=DIRECTION('center_axis',(0.,2.14826436653475E-16,1.));
#12664=DIRECTION('ref_axis',(1.,0.,0.));
#12665=DIRECTION('',(0.,-1.,0.));
#12666=DIRECTION('',(1.,0.,0.));
#12667=DIRECTION('center_axis',(0.,2.14826436653475E-16,1.));
#12668=DIRECTION('ref_axis',(1.,0.,0.));
#12669=DIRECTION('',(0.,-1.,0.));
#12670=DIRECTION('',(1.,0.,0.));
#12671=DIRECTION('center_axis',(1.,0.,0.));
#12672=DIRECTION('ref_axis',(0.,0.,-1.));
#12673=DIRECTION('',(0.,-0.707106781186547,-0.707106781186547));
#12674=DIRECTION('',(0.,0.,-1.));
#12675=DIRECTION('',(0.,0.707106781186547,-0.707106781186548));
#12676=DIRECTION('',(0.,1.,-5.49955677832895E-16));
#12677=DIRECTION('',(0.,0.707106781186547,0.707106781186547));
#12678=DIRECTION('',(0.,1.37488919458224E-16,1.));
#12679=DIRECTION('',(0.,-0.707106781186548,0.707106781186547));
#12680=DIRECTION('center_axis',(-1.,0.,0.));
#12681=DIRECTION('ref_axis',(0.,0.,1.));
#12682=DIRECTION('center_axis',(-1.,0.,0.));
#12683=DIRECTION('ref_axis',(0.,0.,1.));
#12684=DIRECTION('center_axis',(1.,0.,0.));
#12685=DIRECTION('ref_axis',(0.,0.,-1.));
#12686=DIRECTION('center_axis',(-1.,0.,0.));
#12687=DIRECTION('ref_axis',(0.,0.,1.));
#12688=DIRECTION('center_axis',(-1.,0.,0.));
#12689=DIRECTION('ref_axis',(0.,0.,1.));
#12690=DIRECTION('center_axis',(0.,-0.707106781186547,0.707106781186548));
#12691=DIRECTION('ref_axis',(1.,0.,0.));
#12692=DIRECTION('',(1.,0.,0.));
#12693=DIRECTION('center_axis',(0.,0.707106781186547,0.707106781186548));
#12694=DIRECTION('ref_axis',(1.,0.,0.));
#12695=DIRECTION('',(1.,0.,0.));
#12696=DIRECTION('center_axis',(0.,1.,-1.07413218326737E-16));
#12697=DIRECTION('ref_axis',(0.,1.07413218326737E-16,1.));
#12698=DIRECTION('',(1.,0.,0.));
#12699=DIRECTION('center_axis',(0.,0.707106781186548,-0.707106781186547));
#12700=DIRECTION('ref_axis',(-1.,0.,0.));
#12701=DIRECTION('',(1.,0.,0.));
#12702=DIRECTION('center_axis',(0.,-8.59305746613898E-16,-1.));
#12703=DIRECTION('ref_axis',(-1.,0.,0.));
#12704=DIRECTION('',(1.,0.,0.));
#12705=DIRECTION('center_axis',(0.,-0.707106781186548,-0.707106781186547));
#12706=DIRECTION('ref_axis',(-1.,0.,0.));
#12707=DIRECTION('',(1.,0.,0.));
#12708=DIRECTION('center_axis',(0.,-1.,0.));
#12709=DIRECTION('ref_axis',(0.,0.,-1.));
#12710=DIRECTION('center_axis',(1.,0.,0.));
#12711=DIRECTION('ref_axis',(0.,0.,-1.));
#12712=DIRECTION('',(1.,0.,0.));
#12713=DIRECTION('center_axis',(1.,0.,0.));
#12714=DIRECTION('ref_axis',(0.,0.,-1.));
#12715=DIRECTION('',(1.,0.,0.));
#12716=DIRECTION('center_axis',(1.,0.,0.));
#12717=DIRECTION('ref_axis',(0.,0.,-1.));
#12718=DIRECTION('',(1.,0.,0.));
#12719=DIRECTION('center_axis',(1.,0.,0.));
#12720=DIRECTION('ref_axis',(0.,0.,-1.));
#12721=DIRECTION('',(1.,0.,0.));
#12722=DIRECTION('center_axis',(1.,0.,0.));
#12723=DIRECTION('ref_axis',(0.,0.,-1.));
#12724=DIRECTION('center_axis',(1.,0.,0.));
#12725=DIRECTION('ref_axis',(0.,0.,-1.));
#12726=DIRECTION('',(1.,0.,0.));
#12727=DIRECTION('center_axis',(1.,0.,0.));
#12728=DIRECTION('ref_axis',(0.,0.,-1.));
#12729=DIRECTION('center_axis',(1.,0.,0.));
#12730=DIRECTION('ref_axis',(0.,0.,-1.));
#12731=DIRECTION('center_axis',(1.,0.,0.));
#12732=DIRECTION('ref_axis',(0.,0.,-1.));
#12733=DIRECTION('',(1.,0.,0.));
#12734=DIRECTION('center_axis',(-1.,0.,0.));
#12735=DIRECTION('ref_axis',(0.,0.,1.));
#12736=DIRECTION('center_axis',(-1.,0.,0.));
#12737=DIRECTION('ref_axis',(0.,0.,1.));
#12738=DIRECTION('center_axis',(-1.,0.,0.));
#12739=DIRECTION('ref_axis',(0.,0.,1.));
#12740=DIRECTION('',(-1.,0.,0.));
#12741=DIRECTION('center_axis',(-1.,0.,0.));
#12742=DIRECTION('ref_axis',(0.,0.,1.));
#12743=DIRECTION('center_axis',(-1.,0.,0.));
#12744=DIRECTION('ref_axis',(0.,0.,1.));
#12745=DIRECTION('center_axis',(-1.,0.,0.));
#12746=DIRECTION('ref_axis',(0.,0.,1.));
#12747=DIRECTION('',(-1.,0.,0.));
#12748=DIRECTION('axis',(0.,0.,1.));
#12749=DIRECTION('refdir',(1.,0.,0.));
#12750=DIRECTION('center_axis',(0.,-1.,0.));
#12751=DIRECTION('ref_axis',(0.,0.,-1.));
#12752=DIRECTION('center_axis',(0.,1.,0.));
#12753=DIRECTION('ref_axis',(0.,0.,1.));
#12754=DIRECTION('',(0.,1.,0.));
#12755=DIRECTION('center_axis',(0.,1.,0.));
#12756=DIRECTION('ref_axis',(0.,0.,1.));
#12757=DIRECTION('center_axis',(0.,1.,0.));
#12758=DIRECTION('ref_axis',(0.,0.,1.));
#12759=DIRECTION('center_axis',(0.,1.,0.));
#12760=DIRECTION('ref_axis',(0.,0.,1.));
#12761=DIRECTION('center_axis',(0.,-1.,0.));
#12762=DIRECTION('ref_axis',(0.,0.,-1.));
#12763=DIRECTION('',(0.,-1.,0.));
#12764=DIRECTION('center_axis',(0.,-1.,0.));
#12765=DIRECTION('ref_axis',(0.,0.,-1.));
#12766=DIRECTION('center_axis',(0.,-1.,0.));
#12767=DIRECTION('ref_axis',(0.,0.,-1.));
#12768=DIRECTION('center_axis',(0.,-1.,0.));
#12769=DIRECTION('ref_axis',(0.,0.,-1.));
#12770=DIRECTION('',(-1.,0.,0.));
#12771=DIRECTION('center_axis',(0.,-1.,0.));
#12772=DIRECTION('ref_axis',(0.,0.,-1.));
#12773=DIRECTION('center_axis',(0.,-1.,0.));
#12774=DIRECTION('ref_axis',(0.,0.,-1.));
#12775=DIRECTION('',(0.,-1.,0.));
#12776=DIRECTION('center_axis',(0.,-1.,0.));
#12777=DIRECTION('ref_axis',(0.,0.,-1.));
#12778=DIRECTION('',(0.,-1.,0.));
#12779=DIRECTION('center_axis',(0.,0.,1.));
#12780=DIRECTION('ref_axis',(1.,0.,0.));
#12781=DIRECTION('',(-1.,0.,0.));
#12782=DIRECTION('center_axis',(0.,-1.,0.));
#12783=DIRECTION('ref_axis',(0.,0.,-1.));
#12784=DIRECTION('axis',(0.,0.,1.));
#12785=DIRECTION('refdir',(1.,0.,0.));
#12786=DIRECTION('center_axis',(0.,0.,1.));
#12787=DIRECTION('ref_axis',(1.,0.,0.));
#12788=DIRECTION('center_axis',(0.,0.,1.));
#12789=DIRECTION('ref_axis',(1.,0.,0.));
#12790=DIRECTION('center_axis',(0.,0.,1.));
#12791=DIRECTION('ref_axis',(1.,0.,0.));
#12792=DIRECTION('center_axis',(0.,0.,1.));
#12793=DIRECTION('ref_axis',(1.,0.,0.));
#12794=DIRECTION('center_axis',(0.,0.,1.));
#12795=DIRECTION('ref_axis',(1.,0.,0.));
#12796=DIRECTION('center_axis',(0.,0.,1.));
#12797=DIRECTION('ref_axis',(1.,0.,0.));
#12798=DIRECTION('center_axis',(0.,0.,-1.));
#12799=DIRECTION('ref_axis',(-1.,0.,0.));
#12800=DIRECTION('',(0.,0.,1.));
#12801=DIRECTION('center_axis',(0.,0.,-1.));
#12802=DIRECTION('ref_axis',(-1.,0.,0.));
#12803=DIRECTION('',(0.,0.,-1.));
#12804=DIRECTION('',(0.,0.,1.));
#12805=DIRECTION('',(1.,0.,0.));
#12806=DIRECTION('',(1.,5.20385190434432E-22,-8.06961011027929E-22));
#12807=DIRECTION('',(-8.06961011027929E-22,6.93889390390723E-18,-1.));
#12808=DIRECTION('',(-1.,0.,5.55111512312578E-17));
#12809=DIRECTION('',(5.55111512312578E-17,0.,1.));
#12810=DIRECTION('',(-1.11022302462516E-16,-5.55111512312578E-17,-1.));
#12811=DIRECTION('',(-1.,-3.00974523081976E-16,9.71445146547012E-17));
#12812=DIRECTION('',(-0.189514681118284,0.981877887336626,1.2246256316733E-16));
#12813=DIRECTION('',(-0.981877887336626,-0.189514681118284,7.20034100344779E-19));
#12814=DIRECTION('',(-1.73472347597681E-16,-3.98986399474666E-17,1.));
#12815=DIRECTION('',(-0.374065695008544,0.927402208223474,-2.73603694538079E-17));
#12816=DIRECTION('',(1.,2.08166817117217E-16,1.19348975147204E-15));
#12817=DIRECTION('',(1.16573417585641E-15,5.55111512312578E-17,-1.));
#12818=DIRECTION('',(1.,-5.66555647675865E-16,-3.33066907387547E-16));
#12819=DIRECTION('',(-3.33066907387547E-16,-1.96462731672482E-16,-1.));
#12820=DIRECTION('',(1.,0.,-3.49148133884313E-15));
#12821=DIRECTION('',(-3.49148133884313E-15,0.,-1.));
#12822=DIRECTION('',(0.,0.,1.));
#12823=DIRECTION('',(1.,0.,0.));
#12824=DIRECTION('',(-1.,1.00180280737661E-15,2.01227923213309E-16));
#12825=DIRECTION('',(2.0122792321331E-16,1.94289029309402E-16,1.));
#12826=DIRECTION('',(1.,3.95105390366138E-17,1.15915983072457E-16));
#12827=DIRECTION('',(1.15915983072457E-16,-6.10622663543836E-16,-1.));
#12828=DIRECTION('',(-1.,0.,-8.88178419700125E-16));
#12829=DIRECTION('',(-8.88178419700125E-16,0.,1.));
#12830=DIRECTION('',(1.,0.,0.));
#12831=DIRECTION('',(0.,3.46944695195361E-18,-1.));
#12832=DIRECTION('',(0.,0.,1.));
#12833=DIRECTION('',(1.,0.,0.));
#12834=DIRECTION('',(0.,0.,1.));
#12835=DIRECTION('',(1.,0.,0.));
#12836=DIRECTION('',(-1.,0.,-5.55111512312578E-17));
#12837=DIRECTION('',(5.55111512312578E-17,0.,-1.));
#12838=DIRECTION('',(9.71445146547012E-17,-9.71445146547012E-17,-1.));
#12839=DIRECTION('',(-1.,3.00974523081976E-16,-9.71445146547012E-17));
#12840=DIRECTION('',(0.,0.,1.));
#12841=DIRECTION('',(1.,0.,0.));
#12842=DIRECTION('',(1.,0.,-5.55111512312578E-17));
#12843=DIRECTION('',(-5.55111512312578E-17,0.,-1.));
#12844=DIRECTION('',(1.,0.,5.55111512312578E-17));
#12845=DIRECTION('',(-5.55111512312578E-17,0.,1.));
#12846=DIRECTION('',(0.,-1.,-3.49148133884313E-15));
#12847=DIRECTION('',(1.,0.,0.));
#12848=DIRECTION('',(0.,0.,1.));
#12849=DIRECTION('',(1.,0.,0.));
#12850=DIRECTION('',(0.,1.,1.04744440165294E-14));
#12851=DIRECTION('',(1.,0.,0.));
#12852=DIRECTION('',(0.,1.,1.04744440165294E-14));
#12853=DIRECTION('',(1.,0.,0.));
#12854=DIRECTION('',(0.,0.,1.));
#12855=DIRECTION('',(1.,0.,0.));
#12856=DIRECTION('',(0.,0.,1.));
#12857=DIRECTION('',(1.,0.,0.));
#12858=CARTESIAN_POINT('',(0.,0.,0.));
#12859=CARTESIAN_POINT('',(0.,0.,0.));
#12860=CARTESIAN_POINT('Origin',(-19.6,8.9,10.));
#12861=CARTESIAN_POINT('',(-19.6,16.05,0.));
#12862=CARTESIAN_POINT('',(-19.6,16.05,10.));
#12863=CARTESIAN_POINT('',(-19.6,16.05,0.));
#12864=CARTESIAN_POINT('',(-19.6,19.9,0.));
#12865=CARTESIAN_POINT('',(-19.6,19.9,0.));
#12866=CARTESIAN_POINT('',(-19.6,19.9,-27.3));
#12867=CARTESIAN_POINT('',(-19.6,19.9,0.));
#12868=CARTESIAN_POINT('',(-19.6,58.75,-27.3));
#12869=CARTESIAN_POINT('',(-19.6,19.9,-27.3));
#12870=CARTESIAN_POINT('',(-19.6,62.7851579563366,-17.1158210803515));
#12871=CARTESIAN_POINT('',(-19.6,58.75,-27.3));
#12872=CARTESIAN_POINT('',(-19.6,63.7499999999999,-17.3));
#12873=CARTESIAN_POINT('Origin',(-19.6,63.25,-17.3));
#12874=CARTESIAN_POINT('',(-19.6,63.7499999999999,-27.3));
#12875=CARTESIAN_POINT('',(-19.6,63.7499999999999,-17.3));
#12876=CARTESIAN_POINT('',(-19.6,72.7499999999999,-27.3));
#12877=CARTESIAN_POINT('',(-19.6,63.7499999999999,-27.3));
#12878=CARTESIAN_POINT('',(-19.6,72.7499999999999,-17.3));
#12879=CARTESIAN_POINT('',(-19.6,72.7499999999999,-27.3));
#12880=CARTESIAN_POINT('',(-19.6,73.25,-16.8));
#12881=CARTESIAN_POINT('Origin',(-19.6,73.25,-17.3));
#12882=CARTESIAN_POINT('',(-19.6,87.0740997229916,-16.8));
#12883=CARTESIAN_POINT('',(-19.6,87.0740997229916,-16.8));
#12884=CARTESIAN_POINT('',(-19.6,86.124356944994,-19.8));
#12885=CARTESIAN_POINT('',(-19.6,86.124356944994,-19.8));
#12886=CARTESIAN_POINT('',(-19.6,74.7783628251918,-19.8));
#12887=CARTESIAN_POINT('',(-19.6,86.124356944994,-19.8));
#12888=CARTESIAN_POINT('',(-19.6,77.7499999999999,-27.3));
#12889=CARTESIAN_POINT('',(-19.6,74.7783628251918,-19.8));
#12890=CARTESIAN_POINT('',(-19.6,83.7499999999999,-27.3));
#12891=CARTESIAN_POINT('',(-19.6,77.7499999999999,-27.3));
#12892=CARTESIAN_POINT('',(-19.6,83.7499999999999,-37.3));
#12893=CARTESIAN_POINT('',(-19.6,83.7499999999999,-27.3));
#12894=CARTESIAN_POINT('',(-19.6,16.05,-37.3));
#12895=CARTESIAN_POINT('',(-19.6,83.7499999999999,-37.3));
#12896=CARTESIAN_POINT('',(-19.6,16.05,-5.));
#12897=CARTESIAN_POINT('',(-19.6,16.05,-37.3));
#12898=CARTESIAN_POINT('',(-19.6,11.05,0.));
#12899=CARTESIAN_POINT('',(-19.6,16.05,-5.));
#12900=CARTESIAN_POINT('',(-19.6,8.9,0.));
#12901=CARTESIAN_POINT('',(-19.6,11.05,0.));
#12902=CARTESIAN_POINT('',(-19.6,8.9,10.));
#12903=CARTESIAN_POINT('',(-19.6,8.9,10.));
#12904=CARTESIAN_POINT('',(-19.6,16.05,10.));
#12905=CARTESIAN_POINT('Origin',(-50.6602154783296,77.7499999999999,-27.3));
#12906=CARTESIAN_POINT('',(16.4,74.7783628251918,-19.8));
#12907=CARTESIAN_POINT('',(16.4,77.7499999999999,-27.3));
#12908=CARTESIAN_POINT('',(16.4,74.7783628251918,-19.8));
#12909=CARTESIAN_POINT('',(26.6,74.7783628251918,-19.8));
#12910=CARTESIAN_POINT('',(16.4,74.7783628251918,-19.8));
#12911=CARTESIAN_POINT('',(26.6,77.7499999999999,-27.3));
#12912=CARTESIAN_POINT('',(26.6,77.7499999999999,-27.3));
#12913=CARTESIAN_POINT('',(16.4,77.7499999999999,-27.3));
#12914=CARTESIAN_POINT('Origin',(57.6602154783296,73.7148420436633,-17.1158210803515));
#12915=CARTESIAN_POINT('',(-9.4,74.7783628251918,-19.8));
#12916=CARTESIAN_POINT('',(-19.6,74.7783628251918,-19.8));
#12917=CARTESIAN_POINT('',(-9.4,77.7499999999999,-27.3));
#12918=CARTESIAN_POINT('',(-9.4,77.7499999999999,-27.3));
#12919=CARTESIAN_POINT('',(-9.4,77.7499999999999,-27.3));
#12920=CARTESIAN_POINT('Origin',(57.6602154783296,73.25,-17.3));
#12921=CARTESIAN_POINT('',(-9.4,73.25,-16.8));
#12922=CARTESIAN_POINT('',(-9.4,72.7499999999999,-17.3));
#12923=CARTESIAN_POINT('Origin',(-9.4,73.25,-17.3));
#12924=CARTESIAN_POINT('',(-9.4,73.25,-16.8));
#12925=CARTESIAN_POINT('',(-9.4,72.7499999999999,-17.3));
#12926=CARTESIAN_POINT('Origin',(29.1,83.7499999999999,-37.3));
#12927=CARTESIAN_POINT('',(0.500000000000007,83.7499999999999,-37.3));
#12928=CARTESIAN_POINT('',(4.5,83.7499999999999,-37.3));
#12929=CARTESIAN_POINT('Origin',(2.5,83.7499999999999,-37.3));
#12930=CARTESIAN_POINT('',(-9.4,83.7499999999999,-37.3));
#12931=CARTESIAN_POINT('',(0.500000000000007,83.7499999999999,-37.3));
#12932=CARTESIAN_POINT('',(-9.4,83.7499999999999,-37.3));
#12933=CARTESIAN_POINT('',(-24.1,83.7499999999999,-37.3));
#12934=CARTESIAN_POINT('',(-19.6,83.7499999999999,-37.3));
#12935=CARTESIAN_POINT('',(-24.1,93.0911751385958,-40.4292936714296));
#12936=CARTESIAN_POINT('',(-24.1,83.7499999999999,-37.3));
#12937=CARTESIAN_POINT('',(29.1,93.0911751385958,-40.4292936714296));
#12938=CARTESIAN_POINT('',(29.1,93.0911751385958,-40.4292936714296));
#12939=CARTESIAN_POINT('',(29.1,83.7499999999999,-37.3));
#12940=CARTESIAN_POINT('',(29.1,83.7499999999999,-37.3));
#12941=CARTESIAN_POINT('',(26.6,83.7499999999999,-37.3));
#12942=CARTESIAN_POINT('',(29.1,83.7499999999999,-37.3));
#12943=CARTESIAN_POINT('',(16.4,83.7499999999999,-37.3));
#12944=CARTESIAN_POINT('',(16.4,83.7499999999999,-37.3));
#12945=CARTESIAN_POINT('',(16.4,83.7499999999999,-37.3));
#12946=CARTESIAN_POINT('Origin',(29.1,83.7499999999999,-37.3));
#12947=CARTESIAN_POINT('Origin',(2.5,83.7499999999999,-37.3));
#12948=CARTESIAN_POINT('',(16.4,83.7499999999999,-34.05));
#12949=CARTESIAN_POINT('',(16.4,83.7499999999999,-34.05));
#12950=CARTESIAN_POINT('',(-9.4,83.7499999999999,-34.05));
#12951=CARTESIAN_POINT('',(16.4,83.7499999999999,-34.05));
#12952=CARTESIAN_POINT('',(-9.4,83.7499999999999,-37.3));
#12953=CARTESIAN_POINT('',(2.5,83.7499999999999,-38.65));
#12954=CARTESIAN_POINT('Origin',(2.5,83.7499999999999,-37.3));
#12955=CARTESIAN_POINT('Origin',(-19.6,19.9,10.));
#12956=CARTESIAN_POINT('',(-9.4,19.9,-27.3));
#12957=CARTESIAN_POINT('',(-9.4,19.9,0.));
#12958=CARTESIAN_POINT('',(-9.4,19.9,-27.3));
#12959=CARTESIAN_POINT('',(-9.4,19.9,-27.3));
#12960=CARTESIAN_POINT('',(-29.5,19.9,0.));
#12961=CARTESIAN_POINT('',(-29.5,19.9,0.));
#12962=CARTESIAN_POINT('',(-29.5,19.9,10.));
#12963=CARTESIAN_POINT('',(-29.5,19.9,10.));
#12964=CARTESIAN_POINT('',(36.5,19.9,10.));
#12965=CARTESIAN_POINT('',(36.5,19.9,10.));
#12966=CARTESIAN_POINT('',(36.5,19.9,0.));
#12967=CARTESIAN_POINT('',(36.5,19.9,10.));
#12968=CARTESIAN_POINT('',(26.6,19.9,0.));
#12969=CARTESIAN_POINT('',(36.5,19.9,0.));
#12970=CARTESIAN_POINT('',(26.6,19.9,-27.3));
#12971=CARTESIAN_POINT('',(26.6,19.9,0.));
#12972=CARTESIAN_POINT('',(16.4,19.9,-27.3));
#12973=CARTESIAN_POINT('',(16.4,19.9,-27.3));
#12974=CARTESIAN_POINT('',(16.4,19.9,0.));
#12975=CARTESIAN_POINT('',(16.4,19.9,0.));
#12976=CARTESIAN_POINT('',(16.4,19.9,0.));
#12977=CARTESIAN_POINT('Origin',(0.,0.,0.));
#12978=CARTESIAN_POINT('',(16.4,11.05,-2.96935222277507E-16));
#12979=CARTESIAN_POINT('',(16.4,11.05,0.));
#12980=CARTESIAN_POINT('',(26.6,11.05,0.));
#12981=CARTESIAN_POINT('',(16.4,11.05,0.));
#12982=CARTESIAN_POINT('',(26.6,8.90000000000001,0.));
#12983=CARTESIAN_POINT('',(26.6,8.90000000000001,0.));
#12984=CARTESIAN_POINT('',(25.6,8.90000000000001,0.));
#12985=CARTESIAN_POINT('',(25.6,8.90000000000001,0.));
#12986=CARTESIAN_POINT('',(25.6,7.60000000000001,0.));
#12987=CARTESIAN_POINT('',(25.6,7.60000000000001,0.));
#12988=CARTESIAN_POINT('',(29.85,7.60000000000001,0.));
#12989=CARTESIAN_POINT('',(29.85,7.60000000000001,0.));
#12990=CARTESIAN_POINT('',(29.85,5.30000000000001,0.));
#12991=CARTESIAN_POINT('',(29.85,5.30000000000001,0.));
#12992=CARTESIAN_POINT('',(25.45,0.900000000000012,0.));
#12993=CARTESIAN_POINT('',(25.45,0.900000000000012,0.));
#12994=CARTESIAN_POINT('',(17.55,0.900000000000012,0.));
#12995=CARTESIAN_POINT('',(17.55,0.900000000000012,0.));
#12996=CARTESIAN_POINT('',(13.15,5.30000000000001,0.));
#12997=CARTESIAN_POINT('',(13.15,5.30000000000001,0.));
#12998=CARTESIAN_POINT('',(13.15,7.60000000000001,0.));
#12999=CARTESIAN_POINT('',(13.15,7.60000000000001,0.));
#13000=CARTESIAN_POINT('',(17.4,7.60000000000001,0.));
#13001=CARTESIAN_POINT('',(17.4,7.60000000000001,0.));
#13002=CARTESIAN_POINT('',(17.4,8.90000000000001,0.));
#13003=CARTESIAN_POINT('',(17.4,8.90000000000001,0.));
#13004=CARTESIAN_POINT('',(16.4,8.9,0.));
#13005=CARTESIAN_POINT('',(16.4,8.9,0.));
#13006=CARTESIAN_POINT('',(16.4,9.90000000000001,0.));
#13007=CARTESIAN_POINT('',(16.4,9.90000000000001,0.));
#13008=CARTESIAN_POINT('',(-9.4,9.9,0.));
#13009=CARTESIAN_POINT('',(-9.4,9.90000000000001,0.));
#13010=CARTESIAN_POINT('',(-9.4,8.9,0.));
#13011=CARTESIAN_POINT('',(-9.4,8.9,0.));
#13012=CARTESIAN_POINT('',(-10.4,8.9,0.));
#13013=CARTESIAN_POINT('',(-10.4,8.9,0.));
#13014=CARTESIAN_POINT('',(-10.4,7.6,0.));
#13015=CARTESIAN_POINT('',(-10.4,7.6,0.));
#13016=CARTESIAN_POINT('',(-6.15,7.6,0.));
#13017=CARTESIAN_POINT('',(-6.15,7.6,0.));
#13018=CARTESIAN_POINT('',(-6.15,5.3,0.));
#13019=CARTESIAN_POINT('',(-6.15,5.3,0.));
#13020=CARTESIAN_POINT('',(-10.55,0.9,0.));
#13021=CARTESIAN_POINT('',(-10.55,0.9,0.));
#13022=CARTESIAN_POINT('',(-18.45,0.9,0.));
#13023=CARTESIAN_POINT('',(-18.45,0.9,0.));
#13024=CARTESIAN_POINT('',(-22.85,5.3,0.));
#13025=CARTESIAN_POINT('',(-22.85,5.3,0.));
#13026=CARTESIAN_POINT('',(-22.85,7.6,0.));
#13027=CARTESIAN_POINT('',(-22.85,7.6,0.));
#13028=CARTESIAN_POINT('',(-18.6,7.6,0.));
#13029=CARTESIAN_POINT('',(-18.6,7.6,0.));
#13030=CARTESIAN_POINT('',(-18.6,8.9,0.));
#13031=CARTESIAN_POINT('',(-18.6,8.9,0.));
#13032=CARTESIAN_POINT('',(-19.6,8.9,0.));
#13033=CARTESIAN_POINT('',(-9.4,11.05,0.));
#13034=CARTESIAN_POINT('',(-9.4,11.05,0.));
#13035=CARTESIAN_POINT('',(-9.4,19.9,0.));
#13036=CARTESIAN_POINT('Origin',(-22.85,7.6,10.));
#13037=CARTESIAN_POINT('',(-22.85,7.6,10.));
#13038=CARTESIAN_POINT('',(-22.85,7.6,10.));
#13039=CARTESIAN_POINT('',(-18.6,7.6,10.));
#13040=CARTESIAN_POINT('',(-18.6,7.6,10.));
#13041=CARTESIAN_POINT('',(-18.6,7.6,10.));
#13042=CARTESIAN_POINT('Origin',(-22.85,7.6,10.));
#13043=CARTESIAN_POINT('',(-22.85,5.3,10.));
#13044=CARTESIAN_POINT('',(-22.85,5.3,10.));
#13045=CARTESIAN_POINT('',(-22.85,7.6,10.));
#13046=CARTESIAN_POINT('Origin',(-22.85,5.3,10.));
#13047=CARTESIAN_POINT('',(-18.45,0.9,10.));
#13048=CARTESIAN_POINT('',(-18.45,0.9,10.));
#13049=CARTESIAN_POINT('',(-22.85,5.3,10.));
#13050=CARTESIAN_POINT('Origin',(-18.45,0.9,10.));
#13051=CARTESIAN_POINT('',(-10.55,0.9,10.));
#13052=CARTESIAN_POINT('',(-10.55,0.9,10.));
#13053=CARTESIAN_POINT('',(-18.45,0.9,10.));
#13054=CARTESIAN_POINT('Origin',(-10.55,0.9,10.));
#13055=CARTESIAN_POINT('',(-6.15,5.3,10.));
#13056=CARTESIAN_POINT('',(-6.15,5.3,10.));
#13057=CARTESIAN_POINT('',(-10.55,0.9,10.));
#13058=CARTESIAN_POINT('Origin',(-6.15,5.3,10.));
#13059=CARTESIAN_POINT('',(-6.15,7.6,10.));
#13060=CARTESIAN_POINT('',(-6.15,7.6,10.));
#13061=CARTESIAN_POINT('',(-6.15,5.3,10.));
#13062=CARTESIAN_POINT('Origin',(-6.15,7.6,10.));
#13063=CARTESIAN_POINT('',(-10.4,7.6,10.));
#13064=CARTESIAN_POINT('',(-10.4,7.6,10.));
#13065=CARTESIAN_POINT('',(-6.15,7.6,10.));
#13066=CARTESIAN_POINT('Origin',(-10.4,7.6,10.));
#13067=CARTESIAN_POINT('',(-10.4,8.9,10.));
#13068=CARTESIAN_POINT('',(-10.4,8.9,10.));
#13069=CARTESIAN_POINT('',(-10.4,7.6,10.));
#13070=CARTESIAN_POINT('Origin',(-10.4,8.9,10.));
#13071=CARTESIAN_POINT('',(-9.4,8.9,10.));
#13072=CARTESIAN_POINT('',(-9.4,8.9,10.));
#13073=CARTESIAN_POINT('',(-10.4,8.9,10.));
#13074=CARTESIAN_POINT('Origin',(-9.4,8.9,10.));
#13075=CARTESIAN_POINT('',(-9.4,9.9,10.));
#13076=CARTESIAN_POINT('',(-9.4,9.9,10.));
#13077=CARTESIAN_POINT('',(-9.4,8.9,10.));
#13078=CARTESIAN_POINT('Origin',(7.5,9.90000000000001,10.));
#13079=CARTESIAN_POINT('',(16.4,9.90000000000001,10.));
#13080=CARTESIAN_POINT('',(16.4,9.90000000000001,10.));
#13081=CARTESIAN_POINT('',(-9.4,9.9,10.));
#13082=CARTESIAN_POINT('Origin',(16.4,9.90000000000001,10.));
#13083=CARTESIAN_POINT('',(16.4,8.9,10.));
#13084=CARTESIAN_POINT('',(16.4,8.9,10.));
#13085=CARTESIAN_POINT('',(16.4,9.90000000000001,10.));
#13086=CARTESIAN_POINT('Origin',(16.4,8.9,10.));
#13087=CARTESIAN_POINT('',(17.4,8.90000000000001,10.));
#13088=CARTESIAN_POINT('',(17.4,8.90000000000001,10.));
#13089=CARTESIAN_POINT('',(16.4,8.9,10.));
#13090=CARTESIAN_POINT('Origin',(17.4,8.90000000000001,10.));
#13091=CARTESIAN_POINT('',(17.4,7.60000000000001,10.));
#13092=CARTESIAN_POINT('',(17.4,7.60000000000001,10.));
#13093=CARTESIAN_POINT('',(17.4,8.90000000000001,10.));
#13094=CARTESIAN_POINT('Origin',(17.4,7.60000000000001,10.));
#13095=CARTESIAN_POINT('',(13.15,7.60000000000001,10.));
#13096=CARTESIAN_POINT('',(13.15,7.60000000000001,10.));
#13097=CARTESIAN_POINT('',(17.4,7.60000000000001,10.));
#13098=CARTESIAN_POINT('Origin',(13.15,7.60000000000001,10.));
#13099=CARTESIAN_POINT('',(13.15,5.30000000000001,10.));
#13100=CARTESIAN_POINT('',(13.15,5.30000000000001,10.));
#13101=CARTESIAN_POINT('',(13.15,7.60000000000001,10.));
#13102=CARTESIAN_POINT('Origin',(13.15,5.30000000000001,10.));
#13103=CARTESIAN_POINT('',(17.55,0.900000000000012,10.));
#13104=CARTESIAN_POINT('',(17.55,0.900000000000012,10.));
#13105=CARTESIAN_POINT('',(13.15,5.30000000000001,10.));
#13106=CARTESIAN_POINT('Origin',(17.55,0.900000000000012,10.));
#13107=CARTESIAN_POINT('',(25.45,0.900000000000012,10.));
#13108=CARTESIAN_POINT('',(25.45,0.900000000000012,10.));
#13109=CARTESIAN_POINT('',(17.55,0.900000000000012,10.));
#13110=CARTESIAN_POINT('Origin',(25.45,0.900000000000012,10.));
#13111=CARTESIAN_POINT('',(29.85,5.30000000000001,10.));
#13112=CARTESIAN_POINT('',(29.85,5.30000000000001,10.));
#13113=CARTESIAN_POINT('',(25.45,0.900000000000012,10.));
#13114=CARTESIAN_POINT('Origin',(29.85,5.30000000000001,10.));
#13115=CARTESIAN_POINT('',(29.85,7.60000000000001,10.));
#13116=CARTESIAN_POINT('',(29.85,7.60000000000001,10.));
#13117=CARTESIAN_POINT('',(29.85,5.30000000000001,10.));
#13118=CARTESIAN_POINT('Origin',(29.85,7.60000000000001,10.));
#13119=CARTESIAN_POINT('',(25.6,7.60000000000001,10.));
#13120=CARTESIAN_POINT('',(25.6,7.60000000000001,10.));
#13121=CARTESIAN_POINT('',(29.85,7.60000000000001,10.));
#13122=CARTESIAN_POINT('Origin',(25.6,7.60000000000001,10.));
#13123=CARTESIAN_POINT('',(25.6,8.90000000000001,10.));
#13124=CARTESIAN_POINT('',(25.6,8.90000000000001,10.));
#13125=CARTESIAN_POINT('',(25.6,7.60000000000001,10.));
#13126=CARTESIAN_POINT('Origin',(25.6,8.90000000000001,10.));
#13127=CARTESIAN_POINT('',(26.6,8.90000000000001,10.));
#13128=CARTESIAN_POINT('',(26.6,8.90000000000001,10.));
#13129=CARTESIAN_POINT('',(25.6,8.90000000000001,10.));
#13130=CARTESIAN_POINT('Origin',(26.6,19.9,10.));
#13131=CARTESIAN_POINT('',(26.6,16.05,0.));
#13132=CARTESIAN_POINT('',(26.6,19.9,0.));
#13133=CARTESIAN_POINT('',(26.6,16.05,10.));
#13134=CARTESIAN_POINT('',(26.6,16.05,0.));
#13135=CARTESIAN_POINT('',(26.6,8.90000000000001,10.));
#13136=CARTESIAN_POINT('',(26.6,16.05,-5.));
#13137=CARTESIAN_POINT('',(26.6,11.05,0.));
#13138=CARTESIAN_POINT('',(26.6,16.05,-37.3));
#13139=CARTESIAN_POINT('',(26.6,16.05,-5.));
#13140=CARTESIAN_POINT('',(26.6,16.05,-37.3));
#13141=CARTESIAN_POINT('',(26.6,83.7499999999999,-27.3));
#13142=CARTESIAN_POINT('',(26.6,83.7499999999999,-37.3));
#13143=CARTESIAN_POINT('',(26.6,83.7499999999999,-27.3));
#13144=CARTESIAN_POINT('',(26.6,86.124356944994,-19.8));
#13145=CARTESIAN_POINT('',(26.6,86.124356944994,-19.8));
#13146=CARTESIAN_POINT('',(26.6,87.0740997229916,-16.8));
#13147=CARTESIAN_POINT('',(26.6,87.0740997229916,-16.8));
#13148=CARTESIAN_POINT('',(26.6,73.25,-16.8));
#13149=CARTESIAN_POINT('',(26.6,87.0740997229916,-16.8));
#13150=CARTESIAN_POINT('',(26.6,72.7499999999999,-17.3));
#13151=CARTESIAN_POINT('Origin',(26.6,73.25,-17.3));
#13152=CARTESIAN_POINT('',(26.6,72.7499999999999,-27.3));
#13153=CARTESIAN_POINT('',(26.6,72.7499999999999,-17.3));
#13154=CARTESIAN_POINT('',(26.6,63.7499999999999,-27.3));
#13155=CARTESIAN_POINT('',(26.6,72.7499999999999,-27.3));
#13156=CARTESIAN_POINT('',(26.6,63.7499999999999,-17.3));
#13157=CARTESIAN_POINT('',(26.6,63.7499999999999,-27.3));
#13158=CARTESIAN_POINT('',(26.6,62.7851579563366,-17.1158210803515));
#13159=CARTESIAN_POINT('Origin',(26.6,63.25,-17.3));
#13160=CARTESIAN_POINT('',(26.6,58.75,-27.3));
#13161=CARTESIAN_POINT('',(26.6,62.7851579563366,-17.1158210803515));
#13162=CARTESIAN_POINT('',(26.6,58.75,-27.3));
#13163=CARTESIAN_POINT('Origin',(-18.6,8.9,10.));
#13164=CARTESIAN_POINT('',(-18.6,8.9,10.));
#13165=CARTESIAN_POINT('',(-18.6,8.9,10.));
#13166=CARTESIAN_POINT('',(-19.6,8.9,10.));
#13167=CARTESIAN_POINT('Origin',(-18.6,7.6,10.));
#13168=CARTESIAN_POINT('',(-18.6,8.9,10.));
#13169=CARTESIAN_POINT('Origin',(0.,0.,10.));
#13170=CARTESIAN_POINT('',(39.5,16.05,10.));
#13171=CARTESIAN_POINT('',(39.5,16.05,10.));
#13172=CARTESIAN_POINT('',(39.5,22.9,10.));
#13173=CARTESIAN_POINT('',(39.5,16.05,10.));
#13174=CARTESIAN_POINT('',(36.5,22.9,10.));
#13175=CARTESIAN_POINT('',(39.5,22.9,10.));
#13176=CARTESIAN_POINT('',(36.5,19.9,10.));
#13177=CARTESIAN_POINT('',(-29.5,22.9,10.));
#13178=CARTESIAN_POINT('',(-29.5,19.9,10.));
#13179=CARTESIAN_POINT('',(-32.5,22.9,10.));
#13180=CARTESIAN_POINT('',(-32.5,22.9,10.));
#13181=CARTESIAN_POINT('',(-32.5,16.05,10.));
#13182=CARTESIAN_POINT('',(-32.5,16.05,10.));
#13183=CARTESIAN_POINT('',(-32.5,16.05,10.));
#13184=CARTESIAN_POINT('Origin',(28.9355252996486,16.05,-5.));
#13185=CARTESIAN_POINT('',(-9.4,16.05,-5.));
#13186=CARTESIAN_POINT('',(-9.4,11.05,8.67361737988404E-16));
#13187=CARTESIAN_POINT('',(-9.4,16.05,-5.));
#13188=CARTESIAN_POINT('Origin',(28.9355252996486,16.05,-37.3));
#13189=CARTESIAN_POINT('',(-9.4,16.05,-37.3));
#13190=CARTESIAN_POINT('',(-9.4,16.05,-5.));
#13191=CARTESIAN_POINT('',(-9.4,16.05,-37.3));
#13192=CARTESIAN_POINT('Origin',(28.9355252996486,19.9,-37.3));
#13193=CARTESIAN_POINT('',(-9.4,16.05,-37.3));
#13194=CARTESIAN_POINT('Origin',(-9.4,8.9,10.));
#13195=CARTESIAN_POINT('',(-9.4,87.0740997229916,-16.8));
#13196=CARTESIAN_POINT('',(-9.4,87.0740997229916,-16.8));
#13197=CARTESIAN_POINT('',(-9.4,72.7499999999999,-27.3));
#13198=CARTESIAN_POINT('',(-9.4,72.7499999999999,-17.3));
#13199=CARTESIAN_POINT('',(-9.4,63.7499999999999,-27.3));
#13200=CARTESIAN_POINT('',(-9.4,72.7499999999999,-27.3));
#13201=CARTESIAN_POINT('',(-9.4,63.7499999999999,-17.3));
#13202=CARTESIAN_POINT('',(-9.4,63.7499999999999,-27.3));
#13203=CARTESIAN_POINT('',(-9.4,62.7851579563366,-17.1158210803515));
#13204=CARTESIAN_POINT('Origin',(-9.4,63.25,-17.3));
#13205=CARTESIAN_POINT('',(-9.4,58.75,-27.3));
#13206=CARTESIAN_POINT('',(-9.4,62.7851579563366,-17.1158210803515));
#13207=CARTESIAN_POINT('',(-9.4,58.75,-27.3));
#13208=CARTESIAN_POINT('',(-9.4,93.7499999999999,-34.05));
#13209=CARTESIAN_POINT('',(-9.4,83.7499999999999,-34.05));
#13210=CARTESIAN_POINT('',(-9.4,93.7499999999999,-8.62999999999999));
#13211=CARTESIAN_POINT('',(-9.4,93.7499999999999,-34.05));
#13212=CARTESIAN_POINT('',(-9.4,89.6605658884052,-8.62999999999999));
#13213=CARTESIAN_POINT('',(-9.4,89.6605658884052,-8.62999999999999));
#13214=CARTESIAN_POINT('',(-9.4,87.0740997229916,-16.8));
#13215=CARTESIAN_POINT('',(-9.4,86.124356944994,-19.8));
#13216=CARTESIAN_POINT('',(-9.4,86.124356944994,-19.8));
#13217=CARTESIAN_POINT('',(-9.4,83.7499999999999,-27.3));
#13218=CARTESIAN_POINT('',(-9.4,83.7499999999999,-27.3));
#13219=CARTESIAN_POINT('',(-9.4,83.7499999999999,-27.3));
#13220=CARTESIAN_POINT('Origin',(-21.9355252996486,16.05,-37.3));
#13221=CARTESIAN_POINT('',(16.4,16.05,-37.3));
#13222=CARTESIAN_POINT('',(16.4,83.7499999999999,-37.3));
#13223=CARTESIAN_POINT('',(16.4,16.05,-37.3));
#13224=CARTESIAN_POINT('Origin',(-21.9355252996486,16.05,-5.));
#13225=CARTESIAN_POINT('',(16.4,16.05,-5.));
#13226=CARTESIAN_POINT('',(16.4,16.05,-37.3));
#13227=CARTESIAN_POINT('',(16.4,16.05,-5.));
#13228=CARTESIAN_POINT('Origin',(-21.9355252996486,11.05,0.));
#13229=CARTESIAN_POINT('',(16.4,16.05,-5.));
#13230=CARTESIAN_POINT('Origin',(16.4,9.90000000000001,10.));
#13231=CARTESIAN_POINT('',(16.4,87.0740997229916,-16.8));
#13232=CARTESIAN_POINT('',(16.4,73.25,-16.8));
#13233=CARTESIAN_POINT('',(16.4,87.0740997229916,-16.8));
#13234=CARTESIAN_POINT('',(16.4,89.6605658884052,-8.62999999999999));
#13235=CARTESIAN_POINT('',(16.4,89.6605658884052,-8.62999999999999));
#13236=CARTESIAN_POINT('',(16.4,93.7499999999999,-8.62999999999999));
#13237=CARTESIAN_POINT('',(16.4,89.6605658884052,-8.62999999999999));
#13238=CARTESIAN_POINT('',(16.4,93.7499999999999,-34.05));
#13239=CARTESIAN_POINT('',(16.4,93.7499999999999,-8.62999999999999));
#13240=CARTESIAN_POINT('',(16.4,83.7499999999999,-34.05));
#13241=CARTESIAN_POINT('',(16.4,58.75,-27.3));
#13242=CARTESIAN_POINT('',(16.4,19.9,-27.3));
#13243=CARTESIAN_POINT('',(16.4,62.7851579563366,-17.1158210803515));
#13244=CARTESIAN_POINT('',(16.4,58.75,-27.3));
#13245=CARTESIAN_POINT('',(16.4,63.7499999999999,-17.3));
#13246=CARTESIAN_POINT('Origin',(16.4,63.25,-17.3));
#13247=CARTESIAN_POINT('',(16.4,63.7499999999999,-27.3));
#13248=CARTESIAN_POINT('',(16.4,63.7499999999999,-17.3));
#13249=CARTESIAN_POINT('',(16.4,72.7499999999999,-27.3));
#13250=CARTESIAN_POINT('',(16.4,63.7499999999999,-27.3));
#13251=CARTESIAN_POINT('',(16.4,72.7499999999999,-17.3));
#13252=CARTESIAN_POINT('',(16.4,72.7499999999999,-27.3));
#13253=CARTESIAN_POINT('Origin',(16.4,73.25,-17.3));
#13254=CARTESIAN_POINT('',(16.4,86.124356944994,-19.8));
#13255=CARTESIAN_POINT('',(16.4,83.7499999999999,-27.3));
#13256=CARTESIAN_POINT('',(16.4,86.124356944994,-19.8));
#13257=CARTESIAN_POINT('',(16.4,86.124356944994,-19.8));
#13258=CARTESIAN_POINT('',(16.4,77.7499999999999,-27.3));
#13259=CARTESIAN_POINT('Origin',(-50.6602154783296,63.7499999999999,-27.3));
#13260=CARTESIAN_POINT('',(16.4,63.7499999999999,-17.3));
#13261=CARTESIAN_POINT('',(16.4,63.7499999999999,-27.3));
#13262=CARTESIAN_POINT('Origin',(-50.6602154783296,72.7499999999999,-27.3));
#13263=CARTESIAN_POINT('',(16.4,72.7499999999999,-27.3));
#13264=CARTESIAN_POINT('Origin',(-50.6602154783296,72.7499999999999,-17.3));
#13265=CARTESIAN_POINT('',(16.4,72.7499999999999,-17.3));
#13266=CARTESIAN_POINT('Origin',(-50.6602154783296,73.25,-17.3));
#13267=CARTESIAN_POINT('',(16.4,73.25,-16.8));
#13268=CARTESIAN_POINT('Origin',(-50.6602154783296,83.7499999999999,-27.3));
#13269=CARTESIAN_POINT('',(16.4,83.7499999999999,-27.3));
#13270=CARTESIAN_POINT('Origin',(-50.6602154783296,58.75,-27.3));
#13271=CARTESIAN_POINT('',(16.4,58.75,-27.3));
#13272=CARTESIAN_POINT('Origin',(-50.6602154783296,62.7851579563366,-17.1158210803515));
#13273=CARTESIAN_POINT('',(16.4,62.7851579563366,-17.1158210803515));
#13274=CARTESIAN_POINT('Origin',(-50.6602154783296,63.25,-17.3));
#13275=CARTESIAN_POINT('Origin',(57.6602154783296,63.7499999999999,-17.3));
#13276=CARTESIAN_POINT('',(-9.4,63.7499999999999,-27.3));
#13277=CARTESIAN_POINT('',(-9.4,63.7499999999999,-17.3));
#13278=CARTESIAN_POINT('Origin',(57.6602154783296,63.25,-17.3));
#13279=CARTESIAN_POINT('',(-9.4,62.7851579563366,-17.1158210803515));
#13280=CARTESIAN_POINT('Origin',(57.6602154783296,58.75,-27.3));
#13281=CARTESIAN_POINT('',(-9.4,58.75,-27.3));
#13282=CARTESIAN_POINT('Origin',(57.6602154783296,19.9,-27.3));
#13283=CARTESIAN_POINT('Origin',(57.6602154783296,77.7499999999999,-27.3));
#13284=CARTESIAN_POINT('',(-9.4,83.7499999999999,-27.3));
#13285=CARTESIAN_POINT('Origin',(57.6602154783296,72.7499999999999,-27.3));
#13286=CARTESIAN_POINT('',(-9.4,72.7499999999999,-27.3));
#13287=CARTESIAN_POINT('Origin',(57.6602154783296,63.7499999999999,-27.3));
#13288=CARTESIAN_POINT('Origin',(29.1,83.7499999999999,-37.3));
#13289=CARTESIAN_POINT('',(29.1,83.7499999999999,-27.3));
#13290=CARTESIAN_POINT('',(29.1,83.7499999999999,-37.3));
#13291=CARTESIAN_POINT('',(29.1,83.7499999999999,-27.3));
#13292=CARTESIAN_POINT('Origin',(29.1,83.7499999999999,-37.3));
#13293=CARTESIAN_POINT('',(-24.1,83.7499999999999,-27.3));
#13294=CARTESIAN_POINT('',(-19.6,83.7499999999999,-27.3));
#13295=CARTESIAN_POINT('',(-24.1,83.7499999999999,-37.3));
#13296=CARTESIAN_POINT('Origin',(29.1,93.2499999999999,-2.52999999999999));
#13297=CARTESIAN_POINT('',(29.1,93.7499999999999,-2.52999999999999));
#13298=CARTESIAN_POINT('',(-24.1,93.7499999999999,-2.52999999999999));
#13299=CARTESIAN_POINT('',(29.1,93.7499999999999,-2.52999999999999));
#13300=CARTESIAN_POINT('',(-24.1,93.2499999999999,-2.02999999999999));
#13301=CARTESIAN_POINT('Origin',(-24.1,93.2499999999999,-2.52999999999999));
#13302=CARTESIAN_POINT('',(29.1,93.2499999999999,-2.02999999999999));
#13303=CARTESIAN_POINT('',(29.1,93.2499999999999,-2.02999999999999));
#13304=CARTESIAN_POINT('Origin',(29.1,93.2499999999999,-2.52999999999999));
#13305=CARTESIAN_POINT('Origin',(29.1,93.2499999999999,-2.02999999999999));
#13306=CARTESIAN_POINT('',(-24.1,92.11616722898,-2.02999999999999));
#13307=CARTESIAN_POINT('',(-24.1,93.2499999999999,-2.02999999999999));
#13308=CARTESIAN_POINT('',(29.1,92.11616722898,-2.02999999999999));
#13309=CARTESIAN_POINT('',(29.1,92.11616722898,-2.02999999999999));
#13310=CARTESIAN_POINT('',(29.1,93.2499999999999,-2.02999999999999));
#13311=CARTESIAN_POINT('Origin',(29.1,92.11616722898,-2.52999999999999));
#13312=CARTESIAN_POINT('',(-24.1,91.6394843547975,-2.37909129428332));
#13313=CARTESIAN_POINT('Origin',(-24.1,92.11616722898,-2.52999999999999));
#13314=CARTESIAN_POINT('',(29.1,91.6394843547975,-2.37909129428332));
#13315=CARTESIAN_POINT('',(29.1,91.6394843547975,-2.37909129428332));
#13316=CARTESIAN_POINT('Origin',(29.1,92.11616722898,-2.52999999999999));
#13317=CARTESIAN_POINT('Origin',(29.1,91.6394843547975,-2.37909129428332));
#13318=CARTESIAN_POINT('',(26.6,86.124356944994,-19.8));
#13319=CARTESIAN_POINT('',(29.1,91.6394843547975,-2.37909129428332));
#13320=CARTESIAN_POINT('',(-24.1,91.6394843547975,-2.37909129428332));
#13321=CARTESIAN_POINT('',(-9.4,86.124356944994,-19.8));
#13322=CARTESIAN_POINT('',(-19.6,87.0740997229916,-16.8));
#13323=CARTESIAN_POINT('',(-9.4,89.6605658884052,-8.62999999999999));
#13324=CARTESIAN_POINT('',(16.4,87.0740997229916,-16.8));
#13325=CARTESIAN_POINT('',(25.9,91.4809062129006,-2.88));
#13326=CARTESIAN_POINT('Origin',(25.9,90.6894538979026,-5.38));
#13327=CARTESIAN_POINT('',(-20.9,91.4809062129006,-2.87999999999999));
#13328=CARTESIAN_POINT('Origin',(-20.9,90.6894538979026,-5.37999999999999));
#13329=CARTESIAN_POINT('Origin',(29.1,93.2499999999999,-39.9551896075365));
#13330=CARTESIAN_POINT('',(-24.1,93.7499999999999,-39.9551896075365));
#13331=CARTESIAN_POINT('Origin',(-24.1,93.2499999999999,-39.9551896075365));
#13332=CARTESIAN_POINT('',(29.1,93.7499999999999,-39.9551896075365));
#13333=CARTESIAN_POINT('',(29.1,93.7499999999999,-39.9551896075365));
#13334=CARTESIAN_POINT('Origin',(29.1,93.2499999999999,-39.9551896075365));
#13335=CARTESIAN_POINT('Origin',(29.1,93.7499999999999,-4.02999999999999));
#13336=CARTESIAN_POINT('',(-24.1,93.75,-39.9551896075365));
#13337=CARTESIAN_POINT('',(29.1,93.75,-39.9551896075365));
#13338=CARTESIAN_POINT('',(25.9,93.7499999999999,-6.73));
#13339=CARTESIAN_POINT('Origin',(25.9,93.7499999999999,-5.38));
#13340=CARTESIAN_POINT('',(-20.9,93.7499999999999,-6.72999999999999));
#13341=CARTESIAN_POINT('Origin',(-20.9,93.7499999999999,-5.37999999999999));
#13342=CARTESIAN_POINT('',(2.5,93.7499999999999,-38.65));
#13343=CARTESIAN_POINT('Origin',(2.5,93.7499999999999,-37.3));
#13344=CARTESIAN_POINT('',(-9.4,93.7499999999999,-8.62999999999999));
#13345=CARTESIAN_POINT('',(16.4,93.7499999999999,-34.05));
#13346=CARTESIAN_POINT('Origin',(29.1,93.2499999999999,-2.52999999999999));
#13347=CARTESIAN_POINT('Origin',(-24.1,93.2499999999999,-2.52999999999999));
#13348=CARTESIAN_POINT('Origin',(-9.4,47.5309939396454,-8.62999999999999));
#13349=CARTESIAN_POINT('Origin',(-9.4,47.5309939396454,-34.05));
#13350=CARTESIAN_POINT('Origin',(2.5,79.9316233815926,-37.3));
#13351=CARTESIAN_POINT('',(2.5,79.9316233815926,-38.65));
#13352=CARTESIAN_POINT('Origin',(-20.9,79.9316233815926,-5.37999999999999));
#13353=CARTESIAN_POINT('',(-20.9,88.7499999999999,-6.72999999999999));
#13354=CARTESIAN_POINT('Origin',(-20.9,88.7499999999999,-5.37999999999999));
#13355=CARTESIAN_POINT('',(-20.9,79.9316233815926,-6.72999999999999));
#13356=CARTESIAN_POINT('Origin',(25.9,79.9316233815926,-5.38));
#13357=CARTESIAN_POINT('',(25.9,88.7499999999999,-6.73));
#13358=CARTESIAN_POINT('Origin',(25.9,88.7499999999999,-5.38));
#13359=CARTESIAN_POINT('',(25.9,79.9316233815926,-6.73));
#13360=CARTESIAN_POINT('Origin',(2.5,95.4826600632793,-37.3));
#13361=CARTESIAN_POINT('Origin',(-20.9,97.9334637082779,-5.37999999999999));
#13362=CARTESIAN_POINT('',(-20.9,88.7499999999999,-2.87999999999999));
#13363=CARTESIAN_POINT('Origin',(-20.9,88.7499999999999,-5.37999999999999));
#13364=CARTESIAN_POINT('',(-20.9,97.9334637082779,-2.87999999999999));
#13365=CARTESIAN_POINT('Origin',(-20.9,88.7499999999999,-5.37999999999999));
#13366=CARTESIAN_POINT('Origin',(25.9,97.9334637082779,-5.38));
#13367=CARTESIAN_POINT('',(25.9,88.7499999999999,-2.88));
#13368=CARTESIAN_POINT('Origin',(25.9,88.7499999999999,-5.38));
#13369=CARTESIAN_POINT('',(25.9,97.9334637082779,-2.88));
#13370=CARTESIAN_POINT('Origin',(25.9,88.7499999999999,-5.38));
#13371=CARTESIAN_POINT('Origin',(-19.6,97.4912902656322,-16.8));
#13372=CARTESIAN_POINT('Origin',(-19.6,97.4912902656322,-19.8));
#13373=CARTESIAN_POINT('Origin',(16.4,97.4912902656322,-16.8));
#13374=CARTESIAN_POINT('Origin',(16.4,97.4912902656322,-19.8));
#13375=CARTESIAN_POINT('Origin',(-29.5,19.9,0.));
#13376=CARTESIAN_POINT('',(-32.5,16.05,0.));
#13377=CARTESIAN_POINT('',(-32.5,16.05,0.));
#13378=CARTESIAN_POINT('',(-32.5,22.9,0.));
#13379=CARTESIAN_POINT('',(-32.5,22.9,0.));
#13380=CARTESIAN_POINT('',(-29.5,22.9,0.));
#13381=CARTESIAN_POINT('',(-32.5,22.9,0.));
#13382=CARTESIAN_POINT('',(-29.5,22.9,0.));
#13383=CARTESIAN_POINT('Origin',(-29.5,16.05,10.));
#13384=CARTESIAN_POINT('',(-32.5,16.05,0.));
#13385=CARTESIAN_POINT('Origin',(-32.5,22.9,0.));
#13386=CARTESIAN_POINT('',(-29.5,22.9,10.));
#13387=CARTESIAN_POINT('',(-32.5,22.9,10.));
#13388=CARTESIAN_POINT('Origin',(-32.5,0.,0.));
#13389=CARTESIAN_POINT('Origin',(-29.5,0.,0.));
#13390=CARTESIAN_POINT('Origin',(36.5,16.05,10.));
#13391=CARTESIAN_POINT('',(39.5,16.05,0.));
#13392=CARTESIAN_POINT('',(39.5,16.05,0.));
#13393=CARTESIAN_POINT('',(39.5,16.05,0.));
#13394=CARTESIAN_POINT('Origin',(36.5,19.9,0.));
#13395=CARTESIAN_POINT('',(36.5,22.9,0.));
#13396=CARTESIAN_POINT('',(36.5,22.9,0.));
#13397=CARTESIAN_POINT('',(39.5,22.9,0.));
#13398=CARTESIAN_POINT('',(39.5,22.9,0.));
#13399=CARTESIAN_POINT('',(39.5,22.9,0.));
#13400=CARTESIAN_POINT('Origin',(36.5,0.,0.));
#13401=CARTESIAN_POINT('',(36.5,22.9,10.));
#13402=CARTESIAN_POINT('Origin',(39.5,22.9,0.));
#13403=CARTESIAN_POINT('',(39.5,22.9,10.));
#13404=CARTESIAN_POINT('Origin',(39.5,0.,0.));
#13405=CARTESIAN_POINT('',(0.,0.,0.));
#13406=CARTESIAN_POINT('Origin',(3.,1.6,-3.));
#13407=CARTESIAN_POINT('',(0.,1.6,-3.00000000000002));
#13408=CARTESIAN_POINT('',(3.00000000000002,1.6,0.));
#13409=CARTESIAN_POINT('Origin',(3.,1.6,-3.));
#13410=CARTESIAN_POINT('',(82.,1.6,0.));
#13411=CARTESIAN_POINT('',(3.00000000000002,1.6,0.));
#13412=CARTESIAN_POINT('',(85.,1.6,-3.00000000000002));
#13413=CARTESIAN_POINT('Origin',(82.,1.6,-3.));
#13414=CARTESIAN_POINT('',(85.,1.6,-53.));
#13415=CARTESIAN_POINT('',(85.,1.6,-3.00000000000002));
#13416=CARTESIAN_POINT('',(82.,1.6,-56.));
#13417=CARTESIAN_POINT('Origin',(82.,1.6,-53.));
#13418=CARTESIAN_POINT('',(3.00000000000002,1.6,-56.));
#13419=CARTESIAN_POINT('',(82.,1.6,-56.));
#13420=CARTESIAN_POINT('',(-1.30104260698261E-15,1.6,-53.));
#13421=CARTESIAN_POINT('Origin',(3.,1.6,-53.));
#13422=CARTESIAN_POINT('',(0.,1.6,-53.));
#13423=CARTESIAN_POINT('',(70.4258141893283,1.6,-54.0620875010163));
#13424=CARTESIAN_POINT('',(70.4258141893283,1.6,-2.55931928174072));
#13425=CARTESIAN_POINT('',(70.4258141893283,1.6,-54.0620875010163));
#13426=CARTESIAN_POINT('',(83.1833806289654,1.6,-54.0620875010163));
#13427=CARTESIAN_POINT('',(83.1833806289654,1.6,-54.0620875010163));
#13428=CARTESIAN_POINT('',(83.1833806289654,1.6,-2.55931928174072));
#13429=CARTESIAN_POINT('',(83.1833806289654,1.6,-2.55931928174072));
#13430=CARTESIAN_POINT('',(70.4258141893283,1.6,-2.55931928174072));
#13431=CARTESIAN_POINT('',(7.06412977328218,1.6,-54.9701205511442));
#13432=CARTESIAN_POINT('',(7.06412977328218,1.6,-50.6215933953851));
#13433=CARTESIAN_POINT('',(7.06412977328218,1.6,-54.9701205511442));
#13434=CARTESIAN_POINT('',(57.9511496811015,1.6,-54.9701205511442));
#13435=CARTESIAN_POINT('',(57.9511496811015,1.6,-54.9701205511442));
#13436=CARTESIAN_POINT('',(57.9511496811015,1.6,-50.6215933953851));
#13437=CARTESIAN_POINT('',(57.9511496811015,1.6,-50.6215933953851));
#13438=CARTESIAN_POINT('',(7.06412977328218,1.6,-50.6215933953851));
#13439=CARTESIAN_POINT('',(7.98934831706072,1.6,-6.58119071152694));
#13440=CARTESIAN_POINT('',(7.98934831706072,1.6,-1.3074450119893));
#13441=CARTESIAN_POINT('',(7.98934831706072,1.6,-6.58119071152694));
#13442=CARTESIAN_POINT('',(41.5747814562215,1.6,-6.58119071152694));
#13443=CARTESIAN_POINT('',(41.5747814562215,1.6,-6.58119071152694));
#13444=CARTESIAN_POINT('',(41.5747814562215,1.6,-1.3074450119893));
#13445=CARTESIAN_POINT('',(41.5747814562215,1.6,-1.3074450119893));
#13446=CARTESIAN_POINT('',(7.98934831706072,1.6,-1.3074450119893));
#13447=CARTESIAN_POINT('',(61.5,1.6,-2.15));
#13448=CARTESIAN_POINT('Origin',(61.5,1.6,-3.5));
#13449=CARTESIAN_POINT('',(61.5,1.6,-51.15));
#13450=CARTESIAN_POINT('Origin',(61.5,1.6,-52.5));
#13451=CARTESIAN_POINT('',(3.5,1.6,-2.15));
#13452=CARTESIAN_POINT('Origin',(3.5,1.6,-3.5));
#13453=CARTESIAN_POINT('',(3.49999999999999,1.6,-51.15));
#13454=CARTESIAN_POINT('Origin',(3.49999999999999,1.6,-52.5));
#13455=CARTESIAN_POINT('Origin',(3.,0.,-3.));
#13456=CARTESIAN_POINT('',(0.,0.,-3.00000000000002));
#13457=CARTESIAN_POINT('',(3.00000000000002,0.,0.));
#13458=CARTESIAN_POINT('Origin',(3.,0.,-3.));
#13459=CARTESIAN_POINT('',(-1.30104260698261E-15,0.,-53.));
#13460=CARTESIAN_POINT('',(0.,0.,-53.));
#13461=CARTESIAN_POINT('',(3.00000000000002,0.,-56.));
#13462=CARTESIAN_POINT('Origin',(3.,0.,-53.));
#13463=CARTESIAN_POINT('',(82.,0.,-56.));
#13464=CARTESIAN_POINT('',(82.,0.,-56.));
#13465=CARTESIAN_POINT('',(85.,0.,-53.));
#13466=CARTESIAN_POINT('Origin',(82.,0.,-53.));
#13467=CARTESIAN_POINT('',(85.,0.,-3.00000000000002));
#13468=CARTESIAN_POINT('',(85.,0.,-3.00000000000002));
#13469=CARTESIAN_POINT('',(82.,0.,0.));
#13470=CARTESIAN_POINT('Origin',(82.,0.,-3.));
#13471=CARTESIAN_POINT('',(3.00000000000002,0.,0.));
#13472=CARTESIAN_POINT('',(3.5,0.,-2.15));
#13473=CARTESIAN_POINT('Origin',(3.5,0.,-3.5));
#13474=CARTESIAN_POINT('',(61.5,0.,-2.15));
#13475=CARTESIAN_POINT('Origin',(61.5,0.,-3.5));
#13476=CARTESIAN_POINT('',(61.5,0.,-51.15));
#13477=CARTESIAN_POINT('Origin',(61.5,0.,-52.5));
#13478=CARTESIAN_POINT('',(3.49999999999999,0.,-51.15));
#13479=CARTESIAN_POINT('Origin',(3.49999999999999,0.,-52.5));
#13480=CARTESIAN_POINT('Origin',(3.,1.6,-3.));
#13481=CARTESIAN_POINT('',(3.00000000000002,1.6,0.));
#13482=CARTESIAN_POINT('',(0.,1.6,-3.00000000000002));
#13483=CARTESIAN_POINT('Origin',(3.00000000000002,1.6,0.));
#13484=CARTESIAN_POINT('',(82.,1.6,0.));
#13485=CARTESIAN_POINT('Origin',(82.,1.6,-3.));
#13486=CARTESIAN_POINT('',(85.,1.6,-3.00000000000002));
#13487=CARTESIAN_POINT('Origin',(85.,1.6,-3.00000000000002));
#13488=CARTESIAN_POINT('',(85.,1.6,-53.));
#13489=CARTESIAN_POINT('Origin',(82.,1.6,-53.));
#13490=CARTESIAN_POINT('',(82.,1.6,-56.));
#13491=CARTESIAN_POINT('Origin',(3.00000000000002,1.6,-56.));
#13492=CARTESIAN_POINT('',(3.00000000000002,1.6,-56.));
#13493=CARTESIAN_POINT('Origin',(3.,1.6,-53.));
#13494=CARTESIAN_POINT('',(-1.30104260698261E-15,1.6,-53.));
#13495=CARTESIAN_POINT('Origin',(0.,1.6,-3.00000000000002));
#13496=CARTESIAN_POINT('Origin',(3.49999999999999,1.6,-52.5));
#13497=CARTESIAN_POINT('',(3.49999999999999,1.6,-51.15));
#13498=CARTESIAN_POINT('Origin',(3.5,1.6,-3.5));
#13499=CARTESIAN_POINT('',(3.5,1.6,-2.15));
#13500=CARTESIAN_POINT('Origin',(61.5,1.6,-52.5));
#13501=CARTESIAN_POINT('',(61.5,1.6,-51.15));
#13502=CARTESIAN_POINT('Origin',(61.5,1.6,-3.5));
#13503=CARTESIAN_POINT('',(61.5,1.6,-2.15));
#13504=CARTESIAN_POINT('Origin',(70.4258141893283,17.6,-54.0620875010163));
#13505=CARTESIAN_POINT('',(70.4258141893283,17.6,-2.55931928174072));
#13506=CARTESIAN_POINT('',(70.4258141893283,17.6,-2.55931928174072));
#13507=CARTESIAN_POINT('',(70.4258141893283,17.6,-54.0620875010163));
#13508=CARTESIAN_POINT('',(70.4258141893283,17.6,-54.0620875010163));
#13509=CARTESIAN_POINT('',(70.4258141893283,17.6,-54.0620875010163));
#13510=CARTESIAN_POINT('Origin',(70.4258141893283,17.6,-2.55931928174072));
#13511=CARTESIAN_POINT('',(83.1833806289654,17.6,-2.55931928174072));
#13512=CARTESIAN_POINT('',(83.1833806289654,17.6,-2.55931928174072));
#13513=CARTESIAN_POINT('',(70.4258141893283,17.6,-2.55931928174072));
#13514=CARTESIAN_POINT('Origin',(83.1833806289654,17.6,-54.0620875010163));
#13515=CARTESIAN_POINT('',(83.1833806289654,17.6,-54.0620875010163));
#13516=CARTESIAN_POINT('',(83.1833806289654,17.6,-54.0620875010163));
#13517=CARTESIAN_POINT('',(83.1833806289654,17.6,-2.55931928174072));
#13518=CARTESIAN_POINT('Origin',(70.4258141893283,17.6,-54.0620875010163));
#13519=CARTESIAN_POINT('',(83.1833806289654,17.6,-54.0620875010163));
#13520=CARTESIAN_POINT('Origin',(0.,17.6,0.));
#13521=CARTESIAN_POINT('Origin',(7.98934831706072,4.4,-6.58119071152694));
#13522=CARTESIAN_POINT('',(7.98934831706072,4.4,-1.3074450119893));
#13523=CARTESIAN_POINT('',(7.98934831706072,4.4,-1.3074450119893));
#13524=CARTESIAN_POINT('',(7.98934831706072,4.4,-6.58119071152694));
#13525=CARTESIAN_POINT('',(7.98934831706072,4.4,-6.58119071152694));
#13526=CARTESIAN_POINT('',(7.98934831706072,4.4,-6.58119071152694));
#13527=CARTESIAN_POINT('Origin',(7.98934831706072,4.4,-1.3074450119893));
#13528=CARTESIAN_POINT('',(41.5747814562215,4.4,-1.3074450119893));
#13529=CARTESIAN_POINT('',(41.5747814562215,4.4,-1.3074450119893));
#13530=CARTESIAN_POINT('',(7.98934831706072,4.4,-1.3074450119893));
#13531=CARTESIAN_POINT('Origin',(41.5747814562215,4.4,-6.58119071152694));
#13532=CARTESIAN_POINT('',(41.5747814562215,4.4,-6.58119071152694));
#13533=CARTESIAN_POINT('',(41.5747814562215,4.4,-6.58119071152694));
#13534=CARTESIAN_POINT('',(41.5747814562215,4.4,-1.3074450119893));
#13535=CARTESIAN_POINT('Origin',(7.98934831706072,4.4,-6.58119071152694));
#13536=CARTESIAN_POINT('',(41.5747814562215,4.4,-6.58119071152694));
#13537=CARTESIAN_POINT('Origin',(0.,4.4,0.));
#13538=CARTESIAN_POINT('Origin',(7.06412977328218,10.1,-54.9701205511442));
#13539=CARTESIAN_POINT('',(7.06412977328218,10.1,-50.6215933953851));
#13540=CARTESIAN_POINT('',(7.06412977328218,10.1,-50.6215933953851));
#13541=CARTESIAN_POINT('',(7.06412977328218,10.1,-54.9701205511442));
#13542=CARTESIAN_POINT('',(7.06412977328218,10.1,-54.9701205511442));
#13543=CARTESIAN_POINT('',(7.06412977328218,10.1,-54.9701205511442));
#13544=CARTESIAN_POINT('Origin',(7.06412977328218,10.1,-50.6215933953851));
#13545=CARTESIAN_POINT('',(57.9511496811015,10.1,-50.6215933953851));
#13546=CARTESIAN_POINT('',(57.9511496811015,10.1,-50.6215933953851));
#13547=CARTESIAN_POINT('',(7.06412977328218,10.1,-50.6215933953851));
#13548=CARTESIAN_POINT('Origin',(57.9511496811015,10.1,-54.9701205511442));
#13549=CARTESIAN_POINT('',(57.9511496811015,10.1,-54.9701205511442));
#13550=CARTESIAN_POINT('',(57.9511496811015,10.1,-54.9701205511442));
#13551=CARTESIAN_POINT('',(57.9511496811015,10.1,-50.6215933953851));
#13552=CARTESIAN_POINT('Origin',(7.06412977328218,10.1,-54.9701205511442));
#13553=CARTESIAN_POINT('',(57.9511496811015,10.1,-54.9701205511442));
#13554=CARTESIAN_POINT('Origin',(0.,10.1,0.));
#13555=CARTESIAN_POINT('',(0.,0.,0.));
#13556=CARTESIAN_POINT('Origin',(0.,37.592,0.));
#13557=CARTESIAN_POINT('',(0.,0.,-55.118));
#13558=CARTESIAN_POINT('',(0.,0.,0.));
#13559=CARTESIAN_POINT('',(0.,0.,-55.118));
#13560=CARTESIAN_POINT('',(0.,37.592,0.));
#13561=CARTESIAN_POINT('',(0.,37.592,0.));
#13562=CARTESIAN_POINT('',(0.,37.592,-55.118));
#13563=CARTESIAN_POINT('',(0.,37.592,-55.118));
#13564=CARTESIAN_POINT('',(0.,37.592,-55.118));
#13565=CARTESIAN_POINT('Origin',(0.,37.592,0.));
#13566=CARTESIAN_POINT('',(66.,0.,0.));
#13567=CARTESIAN_POINT('',(0.,0.,0.));
#13568=CARTESIAN_POINT('',(66.,37.592,0.));
#13569=CARTESIAN_POINT('',(66.,37.592,0.));
#13570=CARTESIAN_POINT('',(0.,37.592,0.));
#13571=CARTESIAN_POINT('Origin',(66.,37.592,0.));
#13572=CARTESIAN_POINT('',(66.,0.,-55.118));
#13573=CARTESIAN_POINT('',(66.,0.,0.));
#13574=CARTESIAN_POINT('',(66.,37.592,-55.118));
#13575=CARTESIAN_POINT('',(66.,37.592,-55.118));
#13576=CARTESIAN_POINT('',(66.,37.592,0.));
#13577=CARTESIAN_POINT('Origin',(0.,37.592,-55.118));
#13578=CARTESIAN_POINT('',(66.,0.,-55.118));
#13579=CARTESIAN_POINT('',(66.,37.592,-55.118));
#13580=CARTESIAN_POINT('Origin',(0.,37.592,0.));
#13581=CARTESIAN_POINT('Origin',(0.,0.,0.));
#13582=CARTESIAN_POINT('',(0.,0.,0.));
#13583=CARTESIAN_POINT('Origin',(0.,9.,0.));
#13584=CARTESIAN_POINT('',(0.,0.,-54.));
#13585=CARTESIAN_POINT('',(0.,0.,0.));
#13586=CARTESIAN_POINT('',(0.,0.,-54.));
#13587=CARTESIAN_POINT('',(0.,9.,0.));
#13588=CARTESIAN_POINT('',(0.,9.,0.));
#13589=CARTESIAN_POINT('',(0.,9.,-54.));
#13590=CARTESIAN_POINT('',(0.,9.,-54.));
#13591=CARTESIAN_POINT('',(0.,9.,-54.));
#13592=CARTESIAN_POINT('Origin',(0.,9.,0.));
#13593=CARTESIAN_POINT('',(163.,0.,0.));
#13594=CARTESIAN_POINT('',(0.,0.,0.));
#13595=CARTESIAN_POINT('',(163.,9.,0.));
#13596=CARTESIAN_POINT('',(163.,9.,0.));
#13597=CARTESIAN_POINT('',(0.,9.,0.));
#13598=CARTESIAN_POINT('Origin',(163.,9.,0.));
#13599=CARTESIAN_POINT('',(163.,0.,-54.));
#13600=CARTESIAN_POINT('',(163.,0.,0.));
#13601=CARTESIAN_POINT('',(163.,9.,-54.));
#13602=CARTESIAN_POINT('',(163.,9.,-54.));
#13603=CARTESIAN_POINT('',(163.,9.,0.));
#13604=CARTESIAN_POINT('Origin',(0.,9.,-54.));
#13605=CARTESIAN_POINT('',(163.,0.,-54.));
#13606=CARTESIAN_POINT('',(163.,9.,-54.));
#13607=CARTESIAN_POINT('Origin',(0.,9.,0.));
#13608=CARTESIAN_POINT('Origin',(0.,0.,0.));
#13609=CARTESIAN_POINT('',(0.,0.,0.));
#13610=CARTESIAN_POINT('Origin',(-75.0757830048392,54.9,-37.3));
#13611=CARTESIAN_POINT('',(42.8397247358854,54.9,1.01155281280885));
#13612=CARTESIAN_POINT('',(40.6602752641146,54.9,1.01155281280885));
#13613=CARTESIAN_POINT('Origin',(41.75,54.9,-1.23844718719105));
#13614=CARTESIAN_POINT('',(45.75,54.9,1.01155281280885));
#13615=CARTESIAN_POINT('',(42.8397247358854,54.9,1.01155281280885));
#13616=CARTESIAN_POINT('',(45.75,54.9,-53.2384471871911));
#13617=CARTESIAN_POINT('',(45.75,54.9,-53.2384471871911));
#13618=CARTESIAN_POINT('',(35.75,54.9,-53.2384471871912));
#13619=CARTESIAN_POINT('',(35.75,54.9,-53.2384471871911));
#13620=CARTESIAN_POINT('',(35.75,54.9,-37.3));
#13621=CARTESIAN_POINT('',(35.75,54.9,-37.3));
#13622=CARTESIAN_POINT('',(-9.6,54.9,-37.3));
#13623=CARTESIAN_POINT('',(-9.6,54.9,-37.3));
#13624=CARTESIAN_POINT('',(-9.6,54.9,-53.2384471871912));
#13625=CARTESIAN_POINT('',(-9.6,54.9,-53.2384471871912));
#13626=CARTESIAN_POINT('',(-19.6,54.9,-53.2384471871911));
#13627=CARTESIAN_POINT('',(-19.6,54.9,-53.2384471871911));
#13628=CARTESIAN_POINT('',(-19.6,54.9,1.01155281280885));
#13629=CARTESIAN_POINT('',(-19.6,54.9,-53.2384471871911));
#13630=CARTESIAN_POINT('',(-17.3397247358854,54.9,1.01155281280885));
#13631=CARTESIAN_POINT('',(-19.6,54.9,1.01155281280885));
#13632=CARTESIAN_POINT('',(-15.1602752641146,54.9,1.01155281280885));
#13633=CARTESIAN_POINT('Origin',(-16.25,54.9,-1.23844718719105));
#13634=CARTESIAN_POINT('',(-9.6,54.9,1.01155281280885));
#13635=CARTESIAN_POINT('',(-15.1602752641146,54.9,1.01155281280885));
#13636=CARTESIAN_POINT('',(-9.59999999999999,54.9,-27.3));
#13637=CARTESIAN_POINT('',(-9.60000000000001,54.9,-27.3));
#13638=CARTESIAN_POINT('',(35.75,54.9,-27.3));
#13639=CARTESIAN_POINT('',(35.75,54.9,-27.3));
#13640=CARTESIAN_POINT('',(35.75,54.9,1.01155281280885));
#13641=CARTESIAN_POINT('',(35.75,54.9,1.01155281280885));
#13642=CARTESIAN_POINT('',(35.75,54.9,1.01155281280885));
#13643=CARTESIAN_POINT('',(-16.25,54.9,-47.738447187191));
#13644=CARTESIAN_POINT('Origin',(-16.25,54.9,-50.238447187191));
#13645=CARTESIAN_POINT('',(41.75,54.9,-47.738447187191));
#13646=CARTESIAN_POINT('Origin',(41.75,54.9,-50.238447187191));
#13647=CARTESIAN_POINT('Origin',(-75.0757830048392,53.9149287499273,-53.3597149997092));
#13648=CARTESIAN_POINT('',(35.75,53.9149287499273,-53.3597149997093));
#13649=CARTESIAN_POINT('',(35.75,49.9,-37.3));
#13650=CARTESIAN_POINT('',(35.75,53.9149287499273,-53.3597149997093));
#13651=CARTESIAN_POINT('',(45.75,53.9149287499273,-53.3597149997092));
#13652=CARTESIAN_POINT('',(35.75,53.9149287499273,-53.3597149997092));
#13653=CARTESIAN_POINT('',(45.75,49.9,-37.3));
#13654=CARTESIAN_POINT('',(45.75,49.9,-37.3));
#13655=CARTESIAN_POINT('',(35.75,49.9,-37.3));
#13656=CARTESIAN_POINT('',(41.75,52.5096117967978,-47.738447187191));
#13657=CARTESIAN_POINT('Origin',(41.75,53.1346117967978,-50.238447187191));
#13658=CARTESIAN_POINT('Origin',(-75.0757830048392,53.9149287499273,-53.3597149997092));
#13659=CARTESIAN_POINT('',(-9.6,49.9,-37.3));
#13660=CARTESIAN_POINT('',(-9.6,53.9149287499274,-53.3597149997093));
#13661=CARTESIAN_POINT('',(-9.6,49.9,-37.3));
#13662=CARTESIAN_POINT('',(-19.6,49.9,-37.3));
#13663=CARTESIAN_POINT('',(-9.6,49.9,-37.3));
#13664=CARTESIAN_POINT('',(-19.6,53.9149287499273,-53.3597149997092));
#13665=CARTESIAN_POINT('',(-19.6,49.9,-37.3));
#13666=CARTESIAN_POINT('',(-19.6,53.9149287499273,-53.3597149997092));
#13667=CARTESIAN_POINT('',(-16.25,52.5096117967978,-47.738447187191));
#13668=CARTESIAN_POINT('Origin',(-16.25,53.1346117967978,-50.238447187191));
#13669=CARTESIAN_POINT('Origin',(-75.0757830048392,49.9,-27.3));
#13670=CARTESIAN_POINT('',(35.75,53.9049048867896,1.0814157419998));
#13671=CARTESIAN_POINT('',(40.8182081832479,53.9049048867896,1.0814157419998));
#13672=CARTESIAN_POINT('',(35.75,53.9049048867896,1.0814157419998));
#13673=CARTESIAN_POINT('',(35.75,49.9,-27.3));
#13674=CARTESIAN_POINT('',(35.75,53.9049048867896,1.0814157419998));
#13675=CARTESIAN_POINT('',(45.75,49.9,-27.3));
#13676=CARTESIAN_POINT('',(35.75,49.9,-27.3));
#13677=CARTESIAN_POINT('',(45.75,53.9049048867896,1.0814157419998));
#13678=CARTESIAN_POINT('',(45.75,53.9049048867896,1.0814157419998));
#13679=CARTESIAN_POINT('',(42.681791816752,53.9049048867896,1.0814157419998));
#13680=CARTESIAN_POINT('',(42.681791816752,53.9049048867896,1.0814157419998));
#13681=CARTESIAN_POINT('Origin',(41.75,53.5775487581786,-1.23844718719105));
#13682=CARTESIAN_POINT('Origin',(-75.0757830048392,54.4,-53.2384471871912));
#13683=CARTESIAN_POINT('Origin',(35.75,54.4,-53.2384471871912));
#13684=CARTESIAN_POINT('Origin',(45.75,54.4,-53.2384471871912));
#13685=CARTESIAN_POINT('Origin',(-75.0757830048392,54.4,1.01155281280885));
#13686=CARTESIAN_POINT('',(41.75,54.8330127018921,1.26155281280895));
#13687=CARTESIAN_POINT('Ctrl Pts',(41.75,54.8330127018921,1.26155281280895));
#13688=CARTESIAN_POINT('Ctrl Pts',(42.0135699098995,54.8330127018921,1.26155281280895));
#13689=CARTESIAN_POINT('Ctrl Pts',(42.2919112214383,54.8645149939269,1.21741432582364));
#13690=CARTESIAN_POINT('Ctrl Pts',(42.6505249593005,54.8940129743736,1.09608711912846));
#13691=CARTESIAN_POINT('Ctrl Pts',(42.7471789745005,54.9,1.05637477075662));
#13692=CARTESIAN_POINT('Ctrl Pts',(42.8397247358854,54.9,1.01155281280885));
#13693=CARTESIAN_POINT('Ctrl Pts',(40.6602752641146,54.9,1.01155281280885));
#13694=CARTESIAN_POINT('Ctrl Pts',(40.7528210254995,54.9,1.05637477075662));
#13695=CARTESIAN_POINT('Ctrl Pts',(40.8494750406995,54.8940129743736,1.09608711912846));
#13696=CARTESIAN_POINT('Ctrl Pts',(41.2080887785617,54.8645149939269,1.21741432582364));
#13697=CARTESIAN_POINT('Ctrl Pts',(41.4864300901006,54.8330127018921,1.26155281280895));
#13698=CARTESIAN_POINT('Ctrl Pts',(41.75,54.8330127018921,1.26155281280895));
#13699=CARTESIAN_POINT('Origin',(35.75,54.4,1.01155281280885));
#13700=CARTESIAN_POINT('',(41.75,53.9669872981078,1.26155281280895));
#13701=CARTESIAN_POINT('Ctrl Pts',(41.75,53.9669872981078,1.26155281280895));
#13702=CARTESIAN_POINT('Ctrl Pts',(41.4864300901006,53.9669872981078,1.26155281280895));
#13703=CARTESIAN_POINT('Ctrl Pts',(41.2080887785617,53.9354850060731,1.21741432582364));
#13704=CARTESIAN_POINT('Ctrl Pts',(40.9047053229528,53.9105300244409,1.11477278329381));
#13705=CARTESIAN_POINT('Ctrl Pts',(40.86112993768,53.9073376071136,1.09865561382029));
#13706=CARTESIAN_POINT('Ctrl Pts',(40.8182081832479,53.9049048867896,1.08141574199979));
#13707=CARTESIAN_POINT('Ctrl Pts',(42.681791816752,53.9049048867896,1.08141574199981));
#13708=CARTESIAN_POINT('Ctrl Pts',(42.63887006232,53.9073376071136,1.09865561382031));
#13709=CARTESIAN_POINT('Ctrl Pts',(42.5952946770472,53.9105300244409,1.11477278329382));
#13710=CARTESIAN_POINT('Ctrl Pts',(42.2919112214383,53.9354850060731,1.21741432582364));
#13711=CARTESIAN_POINT('Ctrl Pts',(42.0135699098994,53.9669872981078,1.26155281280895));
#13712=CARTESIAN_POINT('Ctrl Pts',(41.75,53.9669872981078,1.26155281280895));
#13713=CARTESIAN_POINT('Origin',(45.75,54.4,1.01155281280885));
#13714=CARTESIAN_POINT('Origin',(-75.0757830048392,49.9,-27.3));
#13715=CARTESIAN_POINT('',(-9.6,49.9,-27.3));
#13716=CARTESIAN_POINT('',(-19.6,49.9,-27.3));
#13717=CARTESIAN_POINT('',(-9.6,49.9,-27.3));
#13718=CARTESIAN_POINT('',(-9.6,53.9049048867896,1.0814157419998));
#13719=CARTESIAN_POINT('',(-9.60000000000001,49.9,-27.3));
#13720=CARTESIAN_POINT('',(-15.318208183248,53.9049048867896,1.0814157419998));
#13721=CARTESIAN_POINT('',(-15.318208183248,53.9049048867896,1.0814157419998));
#13722=CARTESIAN_POINT('',(-17.181791816752,53.9049048867896,1.0814157419998));
#13723=CARTESIAN_POINT('Origin',(-16.25,53.5775487581786,-1.23844718719105));
#13724=CARTESIAN_POINT('',(-19.6,53.9049048867896,1.0814157419998));
#13725=CARTESIAN_POINT('',(-19.6,53.9049048867896,1.0814157419998));
#13726=CARTESIAN_POINT('',(-19.6,53.9049048867896,1.0814157419998));
#13727=CARTESIAN_POINT('Origin',(-19.6,19.9,10.));
#13728=CARTESIAN_POINT('',(-9.4,19.9,-27.3));
#13729=CARTESIAN_POINT('',(-9.4,19.9,0.));
#13730=CARTESIAN_POINT('',(-9.4,19.9,-27.3));
#13731=CARTESIAN_POINT('',(-19.6,19.9,-27.3));
#13732=CARTESIAN_POINT('',(-9.4,19.9,-27.3));
#13733=CARTESIAN_POINT('',(-19.6,19.9,10.));
#13734=CARTESIAN_POINT('',(-19.6,19.9,10.));
#13735=CARTESIAN_POINT('',(26.6,19.9,10.));
#13736=CARTESIAN_POINT('',(26.6,19.9,10.));
#13737=CARTESIAN_POINT('',(26.6,19.9,-27.3));
#13738=CARTESIAN_POINT('',(26.6,19.9,10.));
#13739=CARTESIAN_POINT('',(16.4,19.9,-27.3));
#13740=CARTESIAN_POINT('',(16.4,19.9,-27.3));
#13741=CARTESIAN_POINT('',(16.4,19.9,0.));
#13742=CARTESIAN_POINT('',(16.4,19.9,0.));
#13743=CARTESIAN_POINT('',(16.4,19.9,0.));
#13744=CARTESIAN_POINT('Origin',(0.,0.,0.));
#13745=CARTESIAN_POINT('',(16.4,11.05,-2.96935222277507E-16));
#13746=CARTESIAN_POINT('',(16.4,11.05,0.));
#13747=CARTESIAN_POINT('',(26.6,11.05,0.));
#13748=CARTESIAN_POINT('',(16.4,11.05,0.));
#13749=CARTESIAN_POINT('',(26.6,8.90000000000001,0.));
#13750=CARTESIAN_POINT('',(26.6,8.90000000000001,0.));
#13751=CARTESIAN_POINT('',(25.6,8.90000000000001,0.));
#13752=CARTESIAN_POINT('',(25.6,8.90000000000001,0.));
#13753=CARTESIAN_POINT('',(25.6,7.60000000000001,0.));
#13754=CARTESIAN_POINT('',(25.6,7.60000000000001,0.));
#13755=CARTESIAN_POINT('',(29.85,7.60000000000001,0.));
#13756=CARTESIAN_POINT('',(29.85,7.60000000000001,0.));
#13757=CARTESIAN_POINT('',(29.85,5.30000000000001,0.));
#13758=CARTESIAN_POINT('',(29.85,5.30000000000001,0.));
#13759=CARTESIAN_POINT('',(25.45,0.900000000000012,0.));
#13760=CARTESIAN_POINT('',(25.45,0.900000000000012,0.));
#13761=CARTESIAN_POINT('',(17.55,0.900000000000012,0.));
#13762=CARTESIAN_POINT('',(17.55,0.900000000000012,0.));
#13763=CARTESIAN_POINT('',(13.15,5.30000000000001,0.));
#13764=CARTESIAN_POINT('',(13.15,5.30000000000001,0.));
#13765=CARTESIAN_POINT('',(13.15,7.60000000000001,0.));
#13766=CARTESIAN_POINT('',(13.15,7.60000000000001,0.));
#13767=CARTESIAN_POINT('',(17.4,7.60000000000001,0.));
#13768=CARTESIAN_POINT('',(17.4,7.60000000000001,0.));
#13769=CARTESIAN_POINT('',(17.4,8.90000000000001,0.));
#13770=CARTESIAN_POINT('',(17.4,8.90000000000001,0.));
#13771=CARTESIAN_POINT('',(16.4,8.9,0.));
#13772=CARTESIAN_POINT('',(16.4,8.9,0.));
#13773=CARTESIAN_POINT('',(16.4,9.90000000000001,0.));
#13774=CARTESIAN_POINT('',(16.4,9.90000000000001,0.));
#13775=CARTESIAN_POINT('',(-9.4,9.9,0.));
#13776=CARTESIAN_POINT('',(-9.4,9.90000000000001,0.));
#13777=CARTESIAN_POINT('',(-9.4,8.9,0.));
#13778=CARTESIAN_POINT('',(-9.4,8.9,0.));
#13779=CARTESIAN_POINT('',(-10.4,8.9,0.));
#13780=CARTESIAN_POINT('',(-10.4,8.9,0.));
#13781=CARTESIAN_POINT('',(-10.4,7.6,0.));
#13782=CARTESIAN_POINT('',(-10.4,7.6,0.));
#13783=CARTESIAN_POINT('',(-6.15,7.6,0.));
#13784=CARTESIAN_POINT('',(-6.15,7.6,0.));
#13785=CARTESIAN_POINT('',(-6.15,5.3,0.));
#13786=CARTESIAN_POINT('',(-6.15,5.3,0.));
#13787=CARTESIAN_POINT('',(-10.55,0.9,0.));
#13788=CARTESIAN_POINT('',(-10.55,0.9,0.));
#13789=CARTESIAN_POINT('',(-18.45,0.9,0.));
#13790=CARTESIAN_POINT('',(-18.45,0.9,0.));
#13791=CARTESIAN_POINT('',(-22.85,5.3,0.));
#13792=CARTESIAN_POINT('',(-22.85,5.3,0.));
#13793=CARTESIAN_POINT('',(-22.85,7.6,0.));
#13794=CARTESIAN_POINT('',(-22.85,7.6,0.));
#13795=CARTESIAN_POINT('',(-18.6,7.6,0.));
#13796=CARTESIAN_POINT('',(-18.6,7.6,0.));
#13797=CARTESIAN_POINT('',(-18.6,8.9,0.));
#13798=CARTESIAN_POINT('',(-18.6,8.9,0.));
#13799=CARTESIAN_POINT('',(-19.6,8.9,0.));
#13800=CARTESIAN_POINT('',(-19.6,8.9,0.));
#13801=CARTESIAN_POINT('',(-19.6,11.05,0.));
#13802=CARTESIAN_POINT('',(-19.6,11.05,0.));
#13803=CARTESIAN_POINT('',(-9.4,11.05,0.));
#13804=CARTESIAN_POINT('',(-9.4,11.05,0.));
#13805=CARTESIAN_POINT('',(-9.4,19.9,0.));
#13806=CARTESIAN_POINT('Origin',(-22.85,7.6,10.));
#13807=CARTESIAN_POINT('',(-22.85,7.6,19.4));
#13808=CARTESIAN_POINT('',(-22.85,7.6,19.4));
#13809=CARTESIAN_POINT('',(-18.6,7.6,19.4));
#13810=CARTESIAN_POINT('',(-18.6,7.6,19.4));
#13811=CARTESIAN_POINT('',(-18.6,7.6,19.4));
#13812=CARTESIAN_POINT('Origin',(-22.85,7.6,10.));
#13813=CARTESIAN_POINT('',(-22.85,5.3,19.4));
#13814=CARTESIAN_POINT('',(-22.85,5.3,19.4));
#13815=CARTESIAN_POINT('',(-22.85,7.6,19.4));
#13816=CARTESIAN_POINT('Origin',(-22.85,5.3,10.));
#13817=CARTESIAN_POINT('',(-18.45,0.9,19.4));
#13818=CARTESIAN_POINT('',(-18.45,0.9,19.4));
#13819=CARTESIAN_POINT('',(-22.85,5.3,19.4));
#13820=CARTESIAN_POINT('Origin',(-18.45,0.9,10.));
#13821=CARTESIAN_POINT('',(-10.55,0.9,19.4));
#13822=CARTESIAN_POINT('',(-10.55,0.9,19.4));
#13823=CARTESIAN_POINT('',(-18.45,0.9,19.4));
#13824=CARTESIAN_POINT('',(-14.5,0.9,11.85));
#13825=CARTESIAN_POINT('Origin',(-14.5,0.9,14.7));
#13826=CARTESIAN_POINT('Origin',(-10.55,0.9,10.));
#13827=CARTESIAN_POINT('',(-6.15,5.3,19.4));
#13828=CARTESIAN_POINT('',(-6.15,5.3,19.4));
#13829=CARTESIAN_POINT('',(-10.55,0.9,19.4));
#13830=CARTESIAN_POINT('Origin',(-6.15,5.3,10.));
#13831=CARTESIAN_POINT('',(-6.15,7.6,19.4));
#13832=CARTESIAN_POINT('',(-6.15,7.6,19.4));
#13833=CARTESIAN_POINT('',(-6.15,5.3,19.4));
#13834=CARTESIAN_POINT('Origin',(-6.15,7.6,10.));
#13835=CARTESIAN_POINT('',(-10.4,7.6,19.4));
#13836=CARTESIAN_POINT('',(-10.4,7.6,19.4));
#13837=CARTESIAN_POINT('',(-6.15,7.6,19.4));
#13838=CARTESIAN_POINT('Origin',(-10.4,7.6,10.));
#13839=CARTESIAN_POINT('',(-10.4,8.9,10.));
#13840=CARTESIAN_POINT('',(-10.4,8.9,10.));
#13841=CARTESIAN_POINT('',(-10.4,8.9,19.4));
#13842=CARTESIAN_POINT('',(-10.4,8.9,19.4));
#13843=CARTESIAN_POINT('',(-10.4,7.6,19.4));
#13844=CARTESIAN_POINT('Origin',(-10.4,8.9,10.));
#13845=CARTESIAN_POINT('',(-9.4,8.9,10.));
#13846=CARTESIAN_POINT('',(-9.4,8.9,10.));
#13847=CARTESIAN_POINT('',(-10.4,8.9,10.));
#13848=CARTESIAN_POINT('Origin',(-9.4,8.9,10.));
#13849=CARTESIAN_POINT('',(-9.4,9.9,10.));
#13850=CARTESIAN_POINT('',(-9.4,9.9,10.));
#13851=CARTESIAN_POINT('',(-9.4,8.9,10.));
#13852=CARTESIAN_POINT('Origin',(7.5,9.90000000000001,10.));
#13853=CARTESIAN_POINT('',(16.4,9.90000000000001,10.));
#13854=CARTESIAN_POINT('',(16.4,9.90000000000001,10.));
#13855=CARTESIAN_POINT('',(-9.4,9.9,10.));
#13856=CARTESIAN_POINT('Origin',(16.4,9.90000000000001,10.));
#13857=CARTESIAN_POINT('',(16.4,8.9,10.));
#13858=CARTESIAN_POINT('',(16.4,8.9,10.));
#13859=CARTESIAN_POINT('',(16.4,9.90000000000001,10.));
#13860=CARTESIAN_POINT('Origin',(16.4,8.9,10.));
#13861=CARTESIAN_POINT('',(17.4,8.90000000000001,10.));
#13862=CARTESIAN_POINT('',(17.4,8.90000000000001,10.));
#13863=CARTESIAN_POINT('',(16.4,8.9,10.));
#13864=CARTESIAN_POINT('Origin',(17.4,8.90000000000001,10.));
#13865=CARTESIAN_POINT('',(17.4,7.60000000000001,19.4));
#13866=CARTESIAN_POINT('',(17.4,7.60000000000001,19.4));
#13867=CARTESIAN_POINT('',(17.4,8.90000000000001,19.4));
#13868=CARTESIAN_POINT('',(17.4,8.90000000000001,19.4));
#13869=CARTESIAN_POINT('',(17.4,8.90000000000001,19.4));
#13870=CARTESIAN_POINT('Origin',(17.4,7.60000000000001,10.));
#13871=CARTESIAN_POINT('',(13.15,7.60000000000001,19.4));
#13872=CARTESIAN_POINT('',(13.15,7.60000000000001,19.4));
#13873=CARTESIAN_POINT('',(17.4,7.60000000000001,19.4));
#13874=CARTESIAN_POINT('Origin',(13.15,7.60000000000001,10.));
#13875=CARTESIAN_POINT('',(13.15,5.30000000000001,19.4));
#13876=CARTESIAN_POINT('',(13.15,5.30000000000001,19.4));
#13877=CARTESIAN_POINT('',(13.15,7.60000000000001,19.4));
#13878=CARTESIAN_POINT('Origin',(13.15,5.30000000000001,10.));
#13879=CARTESIAN_POINT('',(17.55,0.900000000000012,19.4));
#13880=CARTESIAN_POINT('',(17.55,0.900000000000012,19.4));
#13881=CARTESIAN_POINT('',(13.15,5.30000000000001,19.4));
#13882=CARTESIAN_POINT('Origin',(17.55,0.900000000000012,10.));
#13883=CARTESIAN_POINT('',(25.45,0.900000000000012,19.4));
#13884=CARTESIAN_POINT('',(25.45,0.900000000000012,19.4));
#13885=CARTESIAN_POINT('',(17.55,0.900000000000012,19.4));
#13886=CARTESIAN_POINT('',(21.5,0.9,11.85));
#13887=CARTESIAN_POINT('Origin',(21.5,0.9,14.7));
#13888=CARTESIAN_POINT('Origin',(25.45,0.900000000000012,10.));
#13889=CARTESIAN_POINT('',(29.85,5.30000000000001,19.4));
#13890=CARTESIAN_POINT('',(29.85,5.30000000000001,19.4));
#13891=CARTESIAN_POINT('',(25.45,0.900000000000012,19.4));
#13892=CARTESIAN_POINT('Origin',(29.85,5.30000000000001,10.));
#13893=CARTESIAN_POINT('',(29.85,7.60000000000001,19.4));
#13894=CARTESIAN_POINT('',(29.85,7.60000000000001,19.4));
#13895=CARTESIAN_POINT('',(29.85,5.30000000000001,19.4));
#13896=CARTESIAN_POINT('Origin',(29.85,7.60000000000001,10.));
#13897=CARTESIAN_POINT('',(25.6,7.60000000000001,19.4));
#13898=CARTESIAN_POINT('',(25.6,7.60000000000001,19.4));
#13899=CARTESIAN_POINT('',(29.85,7.60000000000001,19.4));
#13900=CARTESIAN_POINT('Origin',(25.6,7.60000000000001,10.));
#13901=CARTESIAN_POINT('',(25.6,8.90000000000001,10.));
#13902=CARTESIAN_POINT('',(25.6,8.90000000000001,10.));
#13903=CARTESIAN_POINT('',(25.6,8.90000000000001,19.4));
#13904=CARTESIAN_POINT('',(25.6,8.90000000000001,19.4));
#13905=CARTESIAN_POINT('',(25.6,7.60000000000001,19.4));
#13906=CARTESIAN_POINT('Origin',(25.6,8.90000000000001,10.));
#13907=CARTESIAN_POINT('',(26.6,8.90000000000001,10.));
#13908=CARTESIAN_POINT('',(26.6,8.90000000000001,10.));
#13909=CARTESIAN_POINT('',(25.6,8.90000000000001,10.));
#13910=CARTESIAN_POINT('Origin',(26.6,19.9,10.));
#13911=CARTESIAN_POINT('',(26.6,16.05,-5.));
#13912=CARTESIAN_POINT('',(26.6,11.05,0.));
#13913=CARTESIAN_POINT('',(26.6,16.05,-37.3));
#13914=CARTESIAN_POINT('',(26.6,16.05,-5.));
#13915=CARTESIAN_POINT('',(26.6,49.9,-37.3));
#13916=CARTESIAN_POINT('',(26.6,16.05,-37.3));
#13917=CARTESIAN_POINT('',(26.6,49.9,-27.3));
#13918=CARTESIAN_POINT('',(26.6,49.9,-37.3));
#13919=CARTESIAN_POINT('',(26.6,49.9,-27.3));
#13920=CARTESIAN_POINT('',(26.6,8.90000000000001,10.));
#13921=CARTESIAN_POINT('Origin',(-19.6,8.9,10.));
#13922=CARTESIAN_POINT('',(-19.6,19.9,-27.3));
#13923=CARTESIAN_POINT('Origin',(-19.6,54.4,1.01155281280885));
#13924=CARTESIAN_POINT('Origin',(-19.6,54.4,-53.2384471871912));
#13925=CARTESIAN_POINT('',(-19.6,16.05,-37.3));
#13926=CARTESIAN_POINT('',(-19.6,49.9,-37.3));
#13927=CARTESIAN_POINT('',(-19.6,16.05,-5.));
#13928=CARTESIAN_POINT('',(-19.6,16.05,-37.3));
#13929=CARTESIAN_POINT('',(-19.6,16.05,-5.));
#13930=CARTESIAN_POINT('',(-19.6,8.9,10.));
#13931=CARTESIAN_POINT('',(-19.6,8.9,10.));
#13932=CARTESIAN_POINT('',(-19.6,19.9,10.));
#13933=CARTESIAN_POINT('Origin',(-18.6,8.9,10.));
#13934=CARTESIAN_POINT('',(-18.6,8.9,10.));
#13935=CARTESIAN_POINT('',(-18.6,8.9,10.));
#13936=CARTESIAN_POINT('',(-19.6,8.9,10.));
#13937=CARTESIAN_POINT('Origin',(-18.6,7.6,10.));
#13938=CARTESIAN_POINT('',(-18.6,8.9,19.4));
#13939=CARTESIAN_POINT('',(-18.6,8.9,19.4));
#13940=CARTESIAN_POINT('',(-18.6,8.9,19.4));
#13941=CARTESIAN_POINT('Origin',(0.,0.,10.));
#13942=CARTESIAN_POINT('',(-10.4,8.9,10.));
#13943=CARTESIAN_POINT('',(25.6,8.90000000000001,10.));
#13944=CARTESIAN_POINT('Origin',(28.9355252996486,16.05,-5.));
#13945=CARTESIAN_POINT('',(-9.4,16.05,-5.));
#13946=CARTESIAN_POINT('',(-9.4,11.05,8.67361737988404E-16));
#13947=CARTESIAN_POINT('',(-9.4,16.05,-5.));
#13948=CARTESIAN_POINT('Origin',(28.9355252996486,16.05,-37.3));
#13949=CARTESIAN_POINT('',(-9.4,16.05,-37.3));
#13950=CARTESIAN_POINT('',(-9.4,16.05,-5.));
#13951=CARTESIAN_POINT('',(-9.4,16.05,-37.3));
#13952=CARTESIAN_POINT('Origin',(28.9355252996486,19.9,-37.3));
#13953=CARTESIAN_POINT('',(-9.4,49.9,-37.3));
#13954=CARTESIAN_POINT('',(-9.4,16.05,-37.3));
#13955=CARTESIAN_POINT('',(-9.6,49.9,-37.3));
#13956=CARTESIAN_POINT('',(35.75,49.9,-37.3));
#13957=CARTESIAN_POINT('',(26.6,49.9,-37.3));
#13958=CARTESIAN_POINT('',(16.4,16.05,-37.3));
#13959=CARTESIAN_POINT('',(16.4,16.05,-37.3));
#13960=CARTESIAN_POINT('',(16.4,49.9,-37.3));
#13961=CARTESIAN_POINT('',(16.4,49.9,-37.3));
#13962=CARTESIAN_POINT('',(-9.39999999999999,49.9,-37.3));
#13963=CARTESIAN_POINT('Origin',(-9.4,8.9,10.));
#13964=CARTESIAN_POINT('',(-9.40000000000002,49.9,-27.3));
#13965=CARTESIAN_POINT('',(-9.4,49.9,-37.3));
#13966=CARTESIAN_POINT('',(-9.4,49.9,-27.3));
#13967=CARTESIAN_POINT('Origin',(-21.9355252996486,16.05,-5.));
#13968=CARTESIAN_POINT('',(16.4,16.05,-5.));
#13969=CARTESIAN_POINT('',(16.4,16.05,-37.3));
#13970=CARTESIAN_POINT('',(16.4,16.05,-5.));
#13971=CARTESIAN_POINT('Origin',(-21.9355252996486,11.05,0.));
#13972=CARTESIAN_POINT('',(16.4,16.05,-5.));
#13973=CARTESIAN_POINT('Origin',(16.4,9.90000000000001,10.));
#13974=CARTESIAN_POINT('',(16.4,49.9,-27.3));
#13975=CARTESIAN_POINT('',(16.4,19.9,-27.3));
#13976=CARTESIAN_POINT('',(16.4,49.9,-27.3));
#13977=CARTESIAN_POINT('Origin',(-15.2227766016838,49.9,-27.3));
#13978=CARTESIAN_POINT('',(26.6,49.9,-27.3));
#13979=CARTESIAN_POINT('',(35.75,49.9,-27.3));
#13980=CARTESIAN_POINT('',(-9.59999999999999,49.9,-27.3));
#13981=CARTESIAN_POINT('',(-9.40000000000002,49.9,-27.3));
#13982=CARTESIAN_POINT('Origin',(-75.0757830048392,49.9,-37.3));
#13983=CARTESIAN_POINT('Origin',(-75.0757830048392,49.9,-37.3));
#13984=CARTESIAN_POINT('',(45.75,49.9,-27.3));
#13985=CARTESIAN_POINT('Origin',(-75.0757830048392,54.4,-53.2384471871912));
#13986=CARTESIAN_POINT('Origin',(-9.6,54.4,-53.2384471871912));
#13987=CARTESIAN_POINT('Origin',(-75.0757830048392,54.4,1.01155281280885));
#13988=CARTESIAN_POINT('',(-16.25,54.8330127018921,1.26155281280895));
#13989=CARTESIAN_POINT('Ctrl Pts',(-16.25,54.8330127018921,1.26155281280895));
#13990=CARTESIAN_POINT('Ctrl Pts',(-15.9864300901006,54.8330127018921,1.26155281280895));
#13991=CARTESIAN_POINT('Ctrl Pts',(-15.7080887785617,54.8645149939269,1.21741432582364));
#13992=CARTESIAN_POINT('Ctrl Pts',(-15.3494750406995,54.8940129743736,1.09608711912846));
#13993=CARTESIAN_POINT('Ctrl Pts',(-15.2528210254995,54.9,1.05637477075662));
#13994=CARTESIAN_POINT('Ctrl Pts',(-15.1602752641146,54.9,1.01155281280885));
#13995=CARTESIAN_POINT('Ctrl Pts',(-17.3397247358854,54.9,1.01155281280885));
#13996=CARTESIAN_POINT('Ctrl Pts',(-17.2471789745005,54.9,1.05637477075662));
#13997=CARTESIAN_POINT('Ctrl Pts',(-17.1505249593005,54.8940129743736,1.09608711912846));
#13998=CARTESIAN_POINT('Ctrl Pts',(-16.7919112214383,54.8645149939269,1.21741432582364));
#13999=CARTESIAN_POINT('Ctrl Pts',(-16.5135699098994,54.8330127018921,1.26155281280895));
#14000=CARTESIAN_POINT('Ctrl Pts',(-16.25,54.8330127018921,1.26155281280895));
#14001=CARTESIAN_POINT('',(-16.25,53.9669872981078,1.26155281280895));
#14002=CARTESIAN_POINT('Ctrl Pts',(-16.25,53.9669872981078,1.26155281280895));
#14003=CARTESIAN_POINT('Ctrl Pts',(-16.5135699098994,53.9669872981078,1.26155281280895));
#14004=CARTESIAN_POINT('Ctrl Pts',(-16.7919112214383,53.9354850060731,1.21741432582363));
#14005=CARTESIAN_POINT('Ctrl Pts',(-17.0952946770472,53.9105300244409,1.11477278329381));
#14006=CARTESIAN_POINT('Ctrl Pts',(-17.13887006232,53.9073376071136,1.09865561382029));
#14007=CARTESIAN_POINT('Ctrl Pts',(-17.181791816752,53.9049048867896,1.08141574199979));
#14008=CARTESIAN_POINT('Ctrl Pts',(-15.318208183248,53.9049048867896,1.0814157419998));
#14009=CARTESIAN_POINT('Ctrl Pts',(-15.36112993768,53.9073376071136,1.09865561382029));
#14010=CARTESIAN_POINT('Ctrl Pts',(-15.4047053229528,53.9105300244409,1.11477278329381));
#14011=CARTESIAN_POINT('Ctrl Pts',(-15.7080887785617,53.9354850060731,1.21741432582363));
#14012=CARTESIAN_POINT('Ctrl Pts',(-15.9864300901006,53.9669872981078,1.26155281280895));
#14013=CARTESIAN_POINT('Ctrl Pts',(-16.25,53.9669872981078,1.26155281280895));
#14014=CARTESIAN_POINT('Origin',(-9.6,54.4,1.01155281280885));
#14015=CARTESIAN_POINT('Origin',(41.75,37.0074772230838,-50.2384471871911));
#14016=CARTESIAN_POINT('',(41.75,51.9,-51.5884471871911));
#14017=CARTESIAN_POINT('Origin',(41.75,51.9,-50.238447187191));
#14018=CARTESIAN_POINT('',(41.75,59.9,-51.5884471871911));
#14019=CARTESIAN_POINT('',(41.75,37.0074772230838,-51.5884471871911));
#14020=CARTESIAN_POINT('Origin',(41.75,59.9,-50.238447187191));
#14021=CARTESIAN_POINT('Origin',(41.75,37.0074772230838,-1.23844718719106));
#14022=CARTESIAN_POINT('',(41.75,51.9,-2.58844718719105));
#14023=CARTESIAN_POINT('Origin',(41.75,51.9,-1.23844718719105));
#14024=CARTESIAN_POINT('',(41.75,59.9,-2.58844718719104));
#14025=CARTESIAN_POINT('',(41.75,37.0074772230838,-2.58844718719105));
#14026=CARTESIAN_POINT('Origin',(41.75,59.9,-1.23844718719105));
#14027=CARTESIAN_POINT('Origin',(-16.25,37.0074772230838,-1.23844718719106));
#14028=CARTESIAN_POINT('',(-16.25,51.9,-2.58844718719105));
#14029=CARTESIAN_POINT('Origin',(-16.25,51.9,-1.23844718719105));
#14030=CARTESIAN_POINT('',(-16.25,59.9,-2.58844718719105));
#14031=CARTESIAN_POINT('',(-16.25,37.0074772230838,-2.58844718719106));
#14032=CARTESIAN_POINT('Origin',(-16.25,59.9,-1.23844718719105));
#14033=CARTESIAN_POINT('Origin',(-16.25,37.0074772230838,-50.2384471871911));
#14034=CARTESIAN_POINT('',(-16.25,51.9,-51.5884471871911));
#14035=CARTESIAN_POINT('Origin',(-16.25,51.9,-50.238447187191));
#14036=CARTESIAN_POINT('',(-16.25,59.9,-51.5884471871911));
#14037=CARTESIAN_POINT('',(-16.25,37.0074772230838,-51.5884471871911));
#14038=CARTESIAN_POINT('Origin',(-16.25,59.9,-50.238447187191));
#14039=CARTESIAN_POINT('Origin',(-16.25,60.6836429580785,-1.23844718719105));
#14040=CARTESIAN_POINT('',(-16.25,51.9,1.26155281280895));
#14041=CARTESIAN_POINT('Origin',(-16.25,51.9,-1.23844718719105));
#14042=CARTESIAN_POINT('',(-16.25,60.6836429580785,1.26155281280895));
#14043=CARTESIAN_POINT('Origin',(-16.25,51.9,-1.23844718719105));
#14044=CARTESIAN_POINT('Origin',(41.75,60.6836429580785,-1.23844718719105));
#14045=CARTESIAN_POINT('',(41.75,51.9,1.26155281280895));
#14046=CARTESIAN_POINT('Origin',(41.75,51.9,-1.23844718719105));
#14047=CARTESIAN_POINT('',(41.75,60.6836429580785,1.26155281280896));
#14048=CARTESIAN_POINT('Origin',(41.75,51.9,-1.23844718719105));
#14049=CARTESIAN_POINT('Origin',(-16.25,60.3144906370088,-50.238447187191));
#14050=CARTESIAN_POINT('',(-16.25,51.9,-47.738447187191));
#14051=CARTESIAN_POINT('Origin',(-16.25,51.9,-50.238447187191));
#14052=CARTESIAN_POINT('',(-16.25,60.3144906370088,-47.738447187191));
#14053=CARTESIAN_POINT('Origin',(-16.25,51.9,-50.238447187191));
#14054=CARTESIAN_POINT('Origin',(41.75,60.3144906370088,-50.238447187191));
#14055=CARTESIAN_POINT('',(41.75,51.9,-47.738447187191));
#14056=CARTESIAN_POINT('Origin',(41.75,51.9,-50.238447187191));
#14057=CARTESIAN_POINT('',(41.75,60.3144906370088,-47.738447187191));
#14058=CARTESIAN_POINT('Origin',(41.75,51.9,-50.238447187191));
#14059=CARTESIAN_POINT('Origin',(45.75,54.4,1.01155281280885));
#14060=CARTESIAN_POINT('Origin',(35.75,-12.8160807383651,4.50065826053701));
#14061=CARTESIAN_POINT('Origin',(-9.59999999999999,-12.8160807383651,1.51155281280881));
#14062=CARTESIAN_POINT('Origin',(35.75,-12.8160807383651,-37.3));
#14063=CARTESIAN_POINT('Origin',(-9.6,-12.816080738365,-53.7384471871912));
#14064=CARTESIAN_POINT('Origin',(17.4,8.90000000000001,19.4));
#14065=CARTESIAN_POINT('',(25.6,8.90000000000001,19.4));
#14066=CARTESIAN_POINT('',(21.5,8.9,11.85));
#14067=CARTESIAN_POINT('Origin',(21.5,8.9,14.7));
#14068=CARTESIAN_POINT('Origin',(0.,0.,19.4));
#14069=CARTESIAN_POINT('Origin',(-18.6,8.9,19.4));
#14070=CARTESIAN_POINT('',(-10.4,8.9,19.4));
#14071=CARTESIAN_POINT('',(-14.5,8.9,11.85));
#14072=CARTESIAN_POINT('Origin',(-14.5,8.9,14.7));
#14073=CARTESIAN_POINT('Origin',(0.,0.,19.4));
#14074=CARTESIAN_POINT('Origin',(-14.5,-7.16101730552664,14.7));
#14075=CARTESIAN_POINT('',(-14.5,-7.16101730552664,11.85));
#14076=CARTESIAN_POINT('Origin',(21.5,-7.16101730552664,14.7));
#14077=CARTESIAN_POINT('',(21.5,-7.16101730552664,11.85));
#14078=CARTESIAN_POINT('Origin',(41.75,59.9,-50.238447187191));
#14079=CARTESIAN_POINT('',(41.75,59.9,-47.738447187191));
#14080=CARTESIAN_POINT('Origin',(41.75,59.9,-50.238447187191));
#14081=CARTESIAN_POINT('Origin',(41.75,59.9,-50.238447187191));
#14082=CARTESIAN_POINT('',(41.75,59.9,-47.738447187191));
#14083=CARTESIAN_POINT('Origin',(-16.25,59.9,-1.23844718719105));
#14084=CARTESIAN_POINT('',(-16.25,59.9,1.26155281280895));
#14085=CARTESIAN_POINT('Origin',(-16.25,59.9,-1.23844718719105));
#14086=CARTESIAN_POINT('Origin',(-16.25,59.9,-1.23844718719105));
#14087=CARTESIAN_POINT('',(-16.25,59.9,1.26155281280895));
#14088=CARTESIAN_POINT('Origin',(-16.25,59.9,-50.238447187191));
#14089=CARTESIAN_POINT('',(-16.25,59.9,-47.738447187191));
#14090=CARTESIAN_POINT('Origin',(-16.25,59.9,-50.238447187191));
#14091=CARTESIAN_POINT('Origin',(-16.25,59.9,-50.238447187191));
#14092=CARTESIAN_POINT('',(-16.25,59.9,-47.738447187191));
#14093=CARTESIAN_POINT('Origin',(41.75,59.9,-1.23844718719105));
#14094=CARTESIAN_POINT('',(41.75,59.9,1.26155281280896));
#14095=CARTESIAN_POINT('Origin',(41.75,59.9,-1.23844718719105));
#14096=CARTESIAN_POINT('Origin',(41.75,59.9,-1.23844718719105));
#14097=CARTESIAN_POINT('',(41.75,59.9,1.26155281280896));
#14098=CARTESIAN_POINT('',(0.,0.,0.));
#14099=CARTESIAN_POINT('Origin',(30.5,0.,0.));
#14100=CARTESIAN_POINT('',(30.5,63.75,10.));
#14101=CARTESIAN_POINT('',(30.5,72.75,10.));
#14102=CARTESIAN_POINT('',(30.5,63.75,10.));
#14103=CARTESIAN_POINT('',(30.5,72.75,0.));
#14104=CARTESIAN_POINT('',(30.5,72.75,10.));
#14105=CARTESIAN_POINT('',(30.5,63.75,0.));
#14106=CARTESIAN_POINT('',(30.5,72.75,0.));
#14107=CARTESIAN_POINT('',(30.5,63.75,10.));
#14108=CARTESIAN_POINT('Origin',(26.6,19.9,10.));
#14109=CARTESIAN_POINT('',(26.6,8.90000000000001,0.));
#14110=CARTESIAN_POINT('',(26.6,55.75,0.));
#14111=CARTESIAN_POINT('',(26.6,8.90000000000001,0.));
#14112=CARTESIAN_POINT('',(26.6,55.75,10.));
#14113=CARTESIAN_POINT('',(26.6,55.75,0.));
#14114=CARTESIAN_POINT('',(26.6,8.90000000000001,10.));
#14115=CARTESIAN_POINT('',(26.6,8.90000000000001,10.));
#14116=CARTESIAN_POINT('',(26.6,8.90000000000001,10.));
#14117=CARTESIAN_POINT('Origin',(-19.6,8.9,10.));
#14118=CARTESIAN_POINT('',(-19.6,55.75,10.));
#14119=CARTESIAN_POINT('',(-19.6,63.75,10.));
#14120=CARTESIAN_POINT('',(-19.6,55.75,10.));
#14121=CARTESIAN_POINT('',(-19.6,62.763031377765,40.1134088222254));
#14122=CARTESIAN_POINT('',(-19.6,55.75,10.));
#14123=CARTESIAN_POINT('',(-19.6,63.75,40.));
#14124=CARTESIAN_POINT('Origin',(-19.6,63.25,40.));
#14125=CARTESIAN_POINT('',(-19.6,63.75,40.));
#14126=CARTESIAN_POINT('Origin',(-19.6,8.9,10.));
#14127=CARTESIAN_POINT('',(-19.6,55.75,0.));
#14128=CARTESIAN_POINT('',(-19.6,55.75,0.));
#14129=CARTESIAN_POINT('',(-19.6,8.9,0.));
#14130=CARTESIAN_POINT('',(-19.6,55.75,0.));
#14131=CARTESIAN_POINT('',(-19.6,8.9,10.));
#14132=CARTESIAN_POINT('',(-19.6,8.9,10.));
#14133=CARTESIAN_POINT('',(-19.6,55.75,10.));
#14134=CARTESIAN_POINT('Origin',(0.,0.,0.));
#14135=CARTESIAN_POINT('',(-18.6,8.9,0.));
#14136=CARTESIAN_POINT('',(-10.4,8.9,0.));
#14137=CARTESIAN_POINT('',(-18.6,8.9,0.));
#14138=CARTESIAN_POINT('',(-19.6,8.9,0.));
#14139=CARTESIAN_POINT('',(-26.5,55.75,0.));
#14140=CARTESIAN_POINT('',(-26.5,55.75,0.));
#14141=CARTESIAN_POINT('',(-26.5,74.75,0.));
#14142=CARTESIAN_POINT('',(-26.5,74.75,0.));
#14143=CARTESIAN_POINT('',(-21.5,74.75,0.));
#14144=CARTESIAN_POINT('',(-26.5,74.75,0.));
#14145=CARTESIAN_POINT('',(-21.5,72.75,0.));
#14146=CARTESIAN_POINT('',(-21.5,74.75,0.));
#14147=CARTESIAN_POINT('',(-23.5,72.75,0.));
#14148=CARTESIAN_POINT('',(-21.5,72.75,0.));
#14149=CARTESIAN_POINT('',(-23.5,63.75,0.));
#14150=CARTESIAN_POINT('',(-23.5,72.75,0.));
#14151=CARTESIAN_POINT('',(-23.5,63.75,0.));
#14152=CARTESIAN_POINT('',(28.5,72.75,0.));
#14153=CARTESIAN_POINT('',(28.5,72.75,0.));
#14154=CARTESIAN_POINT('',(28.5,74.75,0.));
#14155=CARTESIAN_POINT('',(28.5,74.75,0.));
#14156=CARTESIAN_POINT('',(33.5,74.75,0.));
#14157=CARTESIAN_POINT('',(33.5,74.75,0.));
#14158=CARTESIAN_POINT('',(33.5,55.75,0.));
#14159=CARTESIAN_POINT('',(33.5,74.75,0.));
#14160=CARTESIAN_POINT('',(33.5,55.75,0.));
#14161=CARTESIAN_POINT('',(25.6,8.90000000000001,0.));
#14162=CARTESIAN_POINT('',(25.6,8.90000000000001,0.));
#14163=CARTESIAN_POINT('',(17.4,8.90000000000001,0.));
#14164=CARTESIAN_POINT('',(17.4,8.90000000000001,0.));
#14165=CARTESIAN_POINT('',(16.4,8.9,0.));
#14166=CARTESIAN_POINT('',(16.4,8.9,0.));
#14167=CARTESIAN_POINT('',(16.4,9.90000000000001,0.));
#14168=CARTESIAN_POINT('',(16.4,9.90000000000001,0.));
#14169=CARTESIAN_POINT('',(-9.4,9.9,0.));
#14170=CARTESIAN_POINT('',(-9.4,9.90000000000001,0.));
#14171=CARTESIAN_POINT('',(-9.4,8.9,0.));
#14172=CARTESIAN_POINT('',(-9.4,8.9,0.));
#14173=CARTESIAN_POINT('',(-10.4,8.9,0.));
#14174=CARTESIAN_POINT('',(16.4,55.75,0.));
#14175=CARTESIAN_POINT('',(-9.4,55.75,0.));
#14176=CARTESIAN_POINT('',(16.4,55.75,0.));
#14177=CARTESIAN_POINT('',(-9.4,19.9,0.));
#14178=CARTESIAN_POINT('',(-9.4,19.9,0.));
#14179=CARTESIAN_POINT('',(16.4,19.9,0.));
#14180=CARTESIAN_POINT('',(16.4,19.9,0.));
#14181=CARTESIAN_POINT('',(16.4,55.75,0.));
#14182=CARTESIAN_POINT('Origin',(-43.2914776161556,62.763031377765,40.1134088222254));
#14183=CARTESIAN_POINT('',(-10.55,55.75,10.));
#14184=CARTESIAN_POINT('',(-10.55,55.75,10.));
#14185=CARTESIAN_POINT('',(-10.55,61.6886269149649,35.5));
#14186=CARTESIAN_POINT('',(-10.55,55.75,10.));
#14187=CARTESIAN_POINT('',(17.55,61.6886269149648,35.5));
#14188=CARTESIAN_POINT('',(-10.55,61.6886269149649,35.5));
#14189=CARTESIAN_POINT('',(17.55,55.75,10.));
#14190=CARTESIAN_POINT('',(17.55,61.6886269149648,35.5));
#14191=CARTESIAN_POINT('',(17.55,55.75,10.));
#14192=CARTESIAN_POINT('',(26.6,62.763031377765,40.1134088222254));
#14193=CARTESIAN_POINT('',(26.6,62.763031377765,40.1134088222254));
#14194=CARTESIAN_POINT('',(-19.6,62.763031377765,40.1134088222254));
#14195=CARTESIAN_POINT('',(-14.5,56.3787957909963,12.7));
#14196=CARTESIAN_POINT('Origin',(-14.5,56.8445704509935,14.7));
#14197=CARTESIAN_POINT('',(21.5,56.3787957909963,12.7));
#14198=CARTESIAN_POINT('Origin',(21.5,56.8445704509935,14.7));
#14199=CARTESIAN_POINT('Origin',(16.4,9.90000000000001,10.));
#14200=CARTESIAN_POINT('',(16.4,19.9,10.));
#14201=CARTESIAN_POINT('',(16.4,55.75,10.));
#14202=CARTESIAN_POINT('',(16.4,19.9,10.));
#14203=CARTESIAN_POINT('',(16.4,55.75,10.));
#14204=CARTESIAN_POINT('',(16.4,19.9,0.));
#14205=CARTESIAN_POINT('Origin',(-19.6,19.9,10.));
#14206=CARTESIAN_POINT('',(-9.4,19.9,10.));
#14207=CARTESIAN_POINT('',(-9.4,19.9,10.));
#14208=CARTESIAN_POINT('',(16.4,19.9,10.));
#14209=CARTESIAN_POINT('Origin',(-22.85,7.6,10.));
#14210=CARTESIAN_POINT('',(-18.6,7.6,19.4));
#14211=CARTESIAN_POINT('',(-18.6,7.6,-9.4));
#14212=CARTESIAN_POINT('',(-18.6,7.6,19.4));
#14213=CARTESIAN_POINT('',(-22.85,7.6,-9.4));
#14214=CARTESIAN_POINT('',(-22.85,7.6,-9.4));
#14215=CARTESIAN_POINT('',(-22.85,7.6,19.4));
#14216=CARTESIAN_POINT('',(-22.85,7.6,19.4));
#14217=CARTESIAN_POINT('',(-18.6,7.6,19.4));
#14218=CARTESIAN_POINT('Origin',(-22.85,7.6,10.));
#14219=CARTESIAN_POINT('',(-22.85,5.3,-9.4));
#14220=CARTESIAN_POINT('',(-22.85,5.3,-9.4));
#14221=CARTESIAN_POINT('',(-22.85,5.3,19.4));
#14222=CARTESIAN_POINT('',(-22.85,5.3,19.4));
#14223=CARTESIAN_POINT('',(-22.85,7.6,19.4));
#14224=CARTESIAN_POINT('Origin',(-22.85,5.3,10.));
#14225=CARTESIAN_POINT('',(-18.45,0.9,-9.4));
#14226=CARTESIAN_POINT('',(-18.45,0.9,-9.4));
#14227=CARTESIAN_POINT('',(-18.45,0.9,19.4));
#14228=CARTESIAN_POINT('',(-18.45,0.9,19.4));
#14229=CARTESIAN_POINT('',(-22.85,5.3,19.4));
#14230=CARTESIAN_POINT('Origin',(-18.45,0.9,10.));
#14231=CARTESIAN_POINT('',(-10.55,0.9,-9.4));
#14232=CARTESIAN_POINT('',(-10.55,0.9,-9.4));
#14233=CARTESIAN_POINT('',(-10.55,0.9,19.4));
#14234=CARTESIAN_POINT('',(-10.55,0.9,19.4));
#14235=CARTESIAN_POINT('',(-18.45,0.9,19.4));
#14236=CARTESIAN_POINT('',(-14.5,0.9,11.85));
#14237=CARTESIAN_POINT('Origin',(-14.5,0.9,14.7));
#14238=CARTESIAN_POINT('Origin',(-10.55,0.9,10.));
#14239=CARTESIAN_POINT('',(-6.15,5.3,-9.4));
#14240=CARTESIAN_POINT('',(-6.15,5.3,-9.4));
#14241=CARTESIAN_POINT('',(-6.15,5.3,19.4));
#14242=CARTESIAN_POINT('',(-6.15,5.3,19.4));
#14243=CARTESIAN_POINT('',(-10.55,0.9,19.4));
#14244=CARTESIAN_POINT('Origin',(-6.15,5.3,10.));
#14245=CARTESIAN_POINT('',(-6.15,7.6,-9.4));
#14246=CARTESIAN_POINT('',(-6.15,7.6,-9.4));
#14247=CARTESIAN_POINT('',(-6.15,7.6,19.4));
#14248=CARTESIAN_POINT('',(-6.15,7.6,19.4));
#14249=CARTESIAN_POINT('',(-6.15,5.3,19.4));
#14250=CARTESIAN_POINT('Origin',(-6.15,7.6,10.));
#14251=CARTESIAN_POINT('',(-10.4,7.6,-9.4));
#14252=CARTESIAN_POINT('',(-10.4,7.6,-9.4));
#14253=CARTESIAN_POINT('',(-10.4,7.6,19.4));
#14254=CARTESIAN_POINT('',(-10.4,7.6,19.4));
#14255=CARTESIAN_POINT('',(-6.15,7.6,19.4));
#14256=CARTESIAN_POINT('Origin',(-10.4,7.6,10.));
#14257=CARTESIAN_POINT('',(-10.4,8.9,-9.4));
#14258=CARTESIAN_POINT('',(-10.4,8.9,-9.4));
#14259=CARTESIAN_POINT('',(-10.4,8.9,-9.4));
#14260=CARTESIAN_POINT('',(-10.4,8.9,10.));
#14261=CARTESIAN_POINT('',(-10.4,8.9,10.));
#14262=CARTESIAN_POINT('',(-10.4,8.9,19.4));
#14263=CARTESIAN_POINT('',(-10.4,8.9,19.4));
#14264=CARTESIAN_POINT('',(-10.4,7.6,19.4));
#14265=CARTESIAN_POINT('Origin',(-10.4,8.9,10.));
#14266=CARTESIAN_POINT('',(-9.4,8.9,10.));
#14267=CARTESIAN_POINT('',(-9.4,8.9,10.));
#14268=CARTESIAN_POINT('',(-10.4,8.9,10.));
#14269=CARTESIAN_POINT('Origin',(-9.4,8.9,10.));
#14270=CARTESIAN_POINT('',(-9.4,9.9,10.));
#14271=CARTESIAN_POINT('',(-9.4,9.9,10.));
#14272=CARTESIAN_POINT('',(-9.4,8.9,10.));
#14273=CARTESIAN_POINT('Origin',(7.5,9.90000000000001,10.));
#14274=CARTESIAN_POINT('',(16.4,9.90000000000001,10.));
#14275=CARTESIAN_POINT('',(16.4,9.90000000000001,10.));
#14276=CARTESIAN_POINT('',(-9.4,9.9,10.));
#14277=CARTESIAN_POINT('Origin',(16.4,9.90000000000001,10.));
#14278=CARTESIAN_POINT('',(16.4,8.9,10.));
#14279=CARTESIAN_POINT('',(16.4,8.9,10.));
#14280=CARTESIAN_POINT('',(16.4,9.90000000000001,10.));
#14281=CARTESIAN_POINT('Origin',(16.4,8.9,10.));
#14282=CARTESIAN_POINT('',(17.4,8.90000000000001,10.));
#14283=CARTESIAN_POINT('',(17.4,8.90000000000001,10.));
#14284=CARTESIAN_POINT('',(16.4,8.9,10.));
#14285=CARTESIAN_POINT('Origin',(17.4,8.90000000000001,10.));
#14286=CARTESIAN_POINT('',(17.4,8.90000000000001,-9.4));
#14287=CARTESIAN_POINT('',(17.4,8.90000000000001,-9.4));
#14288=CARTESIAN_POINT('',(17.4,7.60000000000001,-9.4));
#14289=CARTESIAN_POINT('',(17.4,7.60000000000001,-9.4));
#14290=CARTESIAN_POINT('',(17.4,7.60000000000001,19.4));
#14291=CARTESIAN_POINT('',(17.4,7.60000000000001,19.4));
#14292=CARTESIAN_POINT('',(17.4,8.90000000000001,19.4));
#14293=CARTESIAN_POINT('',(17.4,8.90000000000001,19.4));
#14294=CARTESIAN_POINT('',(17.4,8.90000000000001,19.4));
#14295=CARTESIAN_POINT('Origin',(17.4,7.60000000000001,10.));
#14296=CARTESIAN_POINT('',(13.15,7.60000000000001,-9.4));
#14297=CARTESIAN_POINT('',(13.15,7.60000000000001,-9.4));
#14298=CARTESIAN_POINT('',(13.15,7.60000000000001,19.4));
#14299=CARTESIAN_POINT('',(13.15,7.60000000000001,19.4));
#14300=CARTESIAN_POINT('',(17.4,7.60000000000001,19.4));
#14301=CARTESIAN_POINT('Origin',(13.15,7.60000000000001,10.));
#14302=CARTESIAN_POINT('',(13.15,5.30000000000001,-9.4));
#14303=CARTESIAN_POINT('',(13.15,5.30000000000001,-9.4));
#14304=CARTESIAN_POINT('',(13.15,5.30000000000001,19.4));
#14305=CARTESIAN_POINT('',(13.15,5.30000000000001,19.4));
#14306=CARTESIAN_POINT('',(13.15,7.60000000000001,19.4));
#14307=CARTESIAN_POINT('Origin',(13.15,5.30000000000001,10.));
#14308=CARTESIAN_POINT('',(17.55,0.900000000000012,-9.4));
#14309=CARTESIAN_POINT('',(17.55,0.900000000000012,-9.4));
#14310=CARTESIAN_POINT('',(17.55,0.900000000000012,19.4));
#14311=CARTESIAN_POINT('',(17.55,0.900000000000012,19.4));
#14312=CARTESIAN_POINT('',(13.15,5.30000000000001,19.4));
#14313=CARTESIAN_POINT('Origin',(17.55,0.900000000000012,10.));
#14314=CARTESIAN_POINT('',(25.45,0.900000000000012,-9.4));
#14315=CARTESIAN_POINT('',(25.45,0.900000000000012,-9.4));
#14316=CARTESIAN_POINT('',(25.45,0.900000000000012,19.4));
#14317=CARTESIAN_POINT('',(25.45,0.900000000000012,19.4));
#14318=CARTESIAN_POINT('',(17.55,0.900000000000012,19.4));
#14319=CARTESIAN_POINT('',(21.5,0.9,11.85));
#14320=CARTESIAN_POINT('Origin',(21.5,0.9,14.7));
#14321=CARTESIAN_POINT('Origin',(25.45,0.900000000000012,10.));
#14322=CARTESIAN_POINT('',(29.85,5.30000000000001,-9.4));
#14323=CARTESIAN_POINT('',(29.85,5.30000000000001,-9.4));
#14324=CARTESIAN_POINT('',(29.85,5.30000000000001,19.4));
#14325=CARTESIAN_POINT('',(29.85,5.30000000000001,19.4));
#14326=CARTESIAN_POINT('',(25.45,0.900000000000012,19.4));
#14327=CARTESIAN_POINT('Origin',(29.85,5.30000000000001,10.));
#14328=CARTESIAN_POINT('',(29.85,7.60000000000001,-9.4));
#14329=CARTESIAN_POINT('',(29.85,7.60000000000001,-9.4));
#14330=CARTESIAN_POINT('',(29.85,7.60000000000001,19.4));
#14331=CARTESIAN_POINT('',(29.85,7.60000000000001,19.4));
#14332=CARTESIAN_POINT('',(29.85,5.30000000000001,19.4));
#14333=CARTESIAN_POINT('Origin',(29.85,7.60000000000001,10.));
#14334=CARTESIAN_POINT('',(25.6,7.60000000000001,-9.4));
#14335=CARTESIAN_POINT('',(25.6,7.60000000000001,-9.4));
#14336=CARTESIAN_POINT('',(25.6,7.60000000000001,19.4));
#14337=CARTESIAN_POINT('',(25.6,7.60000000000001,19.4));
#14338=CARTESIAN_POINT('',(29.85,7.60000000000001,19.4));
#14339=CARTESIAN_POINT('Origin',(25.6,7.60000000000001,10.));
#14340=CARTESIAN_POINT('',(25.6,8.90000000000001,-9.4));
#14341=CARTESIAN_POINT('',(25.6,8.90000000000001,-9.4));
#14342=CARTESIAN_POINT('',(25.6,8.90000000000001,-9.4));
#14343=CARTESIAN_POINT('',(25.6,8.90000000000001,10.));
#14344=CARTESIAN_POINT('',(25.6,8.90000000000001,10.));
#14345=CARTESIAN_POINT('',(25.6,8.90000000000001,19.4));
#14346=CARTESIAN_POINT('',(25.6,8.90000000000001,19.4));
#14347=CARTESIAN_POINT('',(25.6,7.60000000000001,19.4));
#14348=CARTESIAN_POINT('Origin',(25.6,8.90000000000001,10.));
#14349=CARTESIAN_POINT('',(25.6,8.90000000000001,10.));
#14350=CARTESIAN_POINT('Origin',(26.6,19.9,10.));
#14351=CARTESIAN_POINT('',(26.6,63.75,10.));
#14352=CARTESIAN_POINT('',(26.6,55.75,10.));
#14353=CARTESIAN_POINT('',(26.6,63.75,40.));
#14354=CARTESIAN_POINT('',(26.6,63.75,10.));
#14355=CARTESIAN_POINT('Origin',(26.6,63.25,40.));
#14356=CARTESIAN_POINT('Origin',(-18.6,8.9,10.));
#14357=CARTESIAN_POINT('',(-18.6,8.9,10.));
#14358=CARTESIAN_POINT('',(-18.6,8.9,10.));
#14359=CARTESIAN_POINT('',(-19.6,8.9,10.));
#14360=CARTESIAN_POINT('Origin',(-18.6,7.6,10.));
#14361=CARTESIAN_POINT('',(-18.6,8.9,-9.4));
#14362=CARTESIAN_POINT('',(-18.6,8.9,-9.4));
#14363=CARTESIAN_POINT('',(-18.6,7.6,-9.4));
#14364=CARTESIAN_POINT('',(-18.6,8.9,19.4));
#14365=CARTESIAN_POINT('',(-18.6,8.9,19.4));
#14366=CARTESIAN_POINT('',(-18.6,8.9,19.4));
#14367=CARTESIAN_POINT('Origin',(0.,0.,10.));
#14368=CARTESIAN_POINT('',(-10.4,8.9,10.));
#14369=CARTESIAN_POINT('',(25.6,8.90000000000001,10.));
#14370=CARTESIAN_POINT('',(17.55,63.75,10.));
#14371=CARTESIAN_POINT('',(17.55,55.75,10.));
#14372=CARTESIAN_POINT('',(-10.55,63.75,10.));
#14373=CARTESIAN_POINT('',(17.55,63.75,10.));
#14374=CARTESIAN_POINT('',(-10.55,55.75,10.));
#14375=CARTESIAN_POINT('',(-9.4,55.75,10.));
#14376=CARTESIAN_POINT('',(16.4,55.75,10.));
#14377=CARTESIAN_POINT('',(-9.4,55.75,10.));
#14378=CARTESIAN_POINT('Origin',(-43.2914776161556,63.25,40.));
#14379=CARTESIAN_POINT('',(-19.6,63.75,40.));
#14380=CARTESIAN_POINT('Origin',(-43.2914776161556,63.75,10.));
#14381=CARTESIAN_POINT('',(-23.5,63.75,10.));
#14382=CARTESIAN_POINT('',(-23.5,63.75,10.));
#14383=CARTESIAN_POINT('',(-23.5,63.75,10.));
#14384=CARTESIAN_POINT('',(30.5,63.75,10.));
#14385=CARTESIAN_POINT('',(-14.5,63.75,12.7));
#14386=CARTESIAN_POINT('Origin',(-14.5,63.75,14.7));
#14387=CARTESIAN_POINT('',(21.5,63.75,12.7));
#14388=CARTESIAN_POINT('Origin',(21.5,63.75,14.7));
#14389=CARTESIAN_POINT('',(-10.55,63.75,35.5));
#14390=CARTESIAN_POINT('',(17.55,63.75,35.5));
#14391=CARTESIAN_POINT('',(-10.55,63.75,35.5));
#14392=CARTESIAN_POINT('',(-10.55,63.75,10.));
#14393=CARTESIAN_POINT('',(17.55,63.75,35.5));
#14394=CARTESIAN_POINT('Origin',(-9.4,8.9,10.));
#14395=CARTESIAN_POINT('',(-9.4,55.75,10.));
#14396=CARTESIAN_POINT('Origin',(57.682562904936,55.75,10.));
#14397=CARTESIAN_POINT('Origin',(-10.55,20.2661118272105,35.5));
#14398=CARTESIAN_POINT('',(-10.55,61.6886269149649,35.5));
#14399=CARTESIAN_POINT('',(17.55,61.6886269149648,35.5));
#14400=CARTESIAN_POINT('Origin',(17.55,20.2661118272105,10.));
#14401=CARTESIAN_POINT('Origin',(-10.55,20.2661118272105,10.));
#14402=CARTESIAN_POINT('Origin',(25.6,8.90000000000001,-9.4));
#14403=CARTESIAN_POINT('',(17.4,8.90000000000001,-9.4));
#14404=CARTESIAN_POINT('Origin',(0.,0.,-9.4));
#14405=CARTESIAN_POINT('Origin',(-10.4,8.9,-9.4));
#14406=CARTESIAN_POINT('',(-18.6,8.9,-9.4));
#14407=CARTESIAN_POINT('Origin',(0.,0.,-9.4));
#14408=CARTESIAN_POINT('Origin',(-23.5,55.75,0.));
#14409=CARTESIAN_POINT('',(-26.5,55.75,10.));
#14410=CARTESIAN_POINT('',(-26.5,55.75,10.));
#14411=CARTESIAN_POINT('',(-26.5,55.75,0.));
#14412=CARTESIAN_POINT('Origin',(-23.5,63.75,10.));
#14413=CARTESIAN_POINT('',(-23.5,72.75,10.));
#14414=CARTESIAN_POINT('',(-23.5,63.75,10.));
#14415=CARTESIAN_POINT('',(-21.5,72.75,10.));
#14416=CARTESIAN_POINT('',(-21.5,72.75,10.));
#14417=CARTESIAN_POINT('',(-21.5,74.75,10.));
#14418=CARTESIAN_POINT('',(-21.5,74.75,10.));
#14419=CARTESIAN_POINT('',(-26.5,74.75,10.));
#14420=CARTESIAN_POINT('',(-26.5,74.75,10.));
#14421=CARTESIAN_POINT('',(-26.5,55.75,10.));
#14422=CARTESIAN_POINT('Origin',(-26.5,74.75,0.));
#14423=CARTESIAN_POINT('',(-21.5,74.75,10.));
#14424=CARTESIAN_POINT('',(-26.5,74.75,10.));
#14425=CARTESIAN_POINT('Origin',(-26.5,0.,0.));
#14426=CARTESIAN_POINT('Origin',(-23.5,0.,0.));
#14427=CARTESIAN_POINT('',(-23.5,72.75,10.));
#14428=CARTESIAN_POINT('Origin',(-21.5,72.75,10.));
#14429=CARTESIAN_POINT('',(-21.5,72.75,10.));
#14430=CARTESIAN_POINT('Origin',(-21.5,0.,0.));
#14431=CARTESIAN_POINT('Origin',(30.5,63.75,10.));
#14432=CARTESIAN_POINT('',(33.5,55.75,10.));
#14433=CARTESIAN_POINT('',(33.5,55.75,10.));
#14434=CARTESIAN_POINT('',(33.5,74.75,10.));
#14435=CARTESIAN_POINT('',(33.5,55.75,10.));
#14436=CARTESIAN_POINT('',(28.5,74.75,10.));
#14437=CARTESIAN_POINT('',(33.5,74.75,10.));
#14438=CARTESIAN_POINT('',(28.5,72.75,10.));
#14439=CARTESIAN_POINT('',(28.5,74.75,10.));
#14440=CARTESIAN_POINT('',(28.5,72.75,10.));
#14441=CARTESIAN_POINT('Origin',(30.5,55.75,0.));
#14442=CARTESIAN_POINT('',(33.5,55.75,0.));
#14443=CARTESIAN_POINT('Origin',(33.5,74.75,0.));
#14444=CARTESIAN_POINT('',(28.5,74.75,10.));
#14445=CARTESIAN_POINT('',(33.5,74.75,10.));
#14446=CARTESIAN_POINT('Origin',(33.5,0.,0.));
#14447=CARTESIAN_POINT('Origin',(28.5,72.75,10.));
#14448=CARTESIAN_POINT('',(28.5,72.75,10.));
#14449=CARTESIAN_POINT('Origin',(28.5,0.,0.));
#14450=CARTESIAN_POINT('Origin',(25.6,8.90000000000001,19.4));
#14451=CARTESIAN_POINT('',(25.6,8.90000000000001,19.4));
#14452=CARTESIAN_POINT('',(21.5,8.9,11.85));
#14453=CARTESIAN_POINT('Origin',(21.5,8.9,14.7));
#14454=CARTESIAN_POINT('Origin',(0.,0.,19.4));
#14455=CARTESIAN_POINT('Origin',(-18.6,8.9,19.4));
#14456=CARTESIAN_POINT('',(-10.4,8.9,19.4));
#14457=CARTESIAN_POINT('',(-14.5,8.9,11.85));
#14458=CARTESIAN_POINT('Origin',(-14.5,8.9,14.7));
#14459=CARTESIAN_POINT('Origin',(0.,0.,19.4));
#14460=CARTESIAN_POINT('Origin',(-14.5,-7.16101730552664,14.7));
#14461=CARTESIAN_POINT('',(-14.5,-7.16101730552664,11.85));
#14462=CARTESIAN_POINT('Origin',(21.5,-7.16101730552664,14.7));
#14463=CARTESIAN_POINT('',(21.5,-7.16101730552664,11.85));
#14464=CARTESIAN_POINT('Origin',(21.5,51.1120269257236,14.7));
#14465=CARTESIAN_POINT('',(21.5,51.1120269257236,12.7));
#14466=CARTESIAN_POINT('Origin',(-14.5,51.1120269257236,14.7));
#14467=CARTESIAN_POINT('',(-14.5,51.1120269257236,12.7));
#14468=CARTESIAN_POINT('',(0.,0.,0.));
#14469=CARTESIAN_POINT('Origin',(0.,34.,0.));
#14470=CARTESIAN_POINT('',(-3.6,34.,3.31299587091808));
#14471=CARTESIAN_POINT('',(2.19868349778662,34.,3.31299587091808));
#14472=CARTESIAN_POINT('',(-3.6,34.,3.31299587091808));
#14473=CARTESIAN_POINT('',(2.19868349778662,34.,34.9162094206711));
#14474=CARTESIAN_POINT('',(2.19868349778662,34.,3.31299587091808));
#14475=CARTESIAN_POINT('',(44.3867054134856,34.,34.9162094206711));
#14476=CARTESIAN_POINT('',(2.19868349778662,34.,34.9162094206711));
#14477=CARTESIAN_POINT('',(44.3867054134856,34.,3.31299587091808));
#14478=CARTESIAN_POINT('',(44.3867054134856,34.,34.9162094206711));
#14479=CARTESIAN_POINT('',(50.4,34.,3.31299587091808));
#14480=CARTESIAN_POINT('',(44.3867054134856,34.,3.31299587091808));
#14481=CARTESIAN_POINT('',(50.4,34.,-4.09636998524411));
#14482=CARTESIAN_POINT('',(50.4,34.,3.31299587091808));
#14483=CARTESIAN_POINT('',(44.3867054134856,34.,-4.09636998524411));
#14484=CARTESIAN_POINT('',(50.4,34.,-4.09636998524411));
#14485=CARTESIAN_POINT('',(44.3867054134856,34.,-9.3887741682171));
#14486=CARTESIAN_POINT('',(44.3867054134856,34.,-4.09636998524411));
#14487=CARTESIAN_POINT('',(2.19868349778662,34.,-9.3887741682171));
#14488=CARTESIAN_POINT('',(44.3867054134856,34.,-9.3887741682171));
#14489=CARTESIAN_POINT('',(2.19868349778662,34.,-4.09636998524411));
#14490=CARTESIAN_POINT('',(2.19868349778662,34.,-9.3887741682171));
#14491=CARTESIAN_POINT('',(-3.6,34.,-4.09636998524411));
#14492=CARTESIAN_POINT('',(2.19868349778662,34.,-4.09636998524411));
#14493=CARTESIAN_POINT('',(-3.6,34.,-4.09636998524411));
#14494=CARTESIAN_POINT('',(0.,34.,1.25));
#14495=CARTESIAN_POINT('Origin',(0.,34.,0.));
#14496=CARTESIAN_POINT('',(46.8,34.,1.25));
#14497=CARTESIAN_POINT('Origin',(46.8,34.,0.));
#14498=CARTESIAN_POINT('',(23.4,34.,33.15));
#14499=CARTESIAN_POINT('Origin',(23.4,34.,31.9));
#14500=CARTESIAN_POINT('Origin',(0.,0.,0.));
#14501=CARTESIAN_POINT('',(-3.6,0.,3.31299587091808));
#14502=CARTESIAN_POINT('',(2.19868349778662,0.,3.31299587091808));
#14503=CARTESIAN_POINT('',(-3.6,0.,3.31299587091808));
#14504=CARTESIAN_POINT('',(-3.6,0.,-4.09636998524411));
#14505=CARTESIAN_POINT('',(-3.6,0.,-4.09636998524411));
#14506=CARTESIAN_POINT('',(2.19868349778662,0.,-4.09636998524411));
#14507=CARTESIAN_POINT('',(2.19868349778662,0.,-4.09636998524411));
#14508=CARTESIAN_POINT('',(2.19868349778662,0.,-9.3887741682171));
#14509=CARTESIAN_POINT('',(2.19868349778662,0.,-9.3887741682171));
#14510=CARTESIAN_POINT('',(44.3867054134856,0.,-9.3887741682171));
#14511=CARTESIAN_POINT('',(44.3867054134856,0.,-9.3887741682171));
#14512=CARTESIAN_POINT('',(44.3867054134856,0.,-4.09636998524411));
#14513=CARTESIAN_POINT('',(44.3867054134856,0.,-4.09636998524411));
#14514=CARTESIAN_POINT('',(50.4,0.,-4.09636998524411));
#14515=CARTESIAN_POINT('',(50.4,0.,-4.09636998524411));
#14516=CARTESIAN_POINT('',(50.4,0.,3.31299587091808));
#14517=CARTESIAN_POINT('',(50.4,0.,3.31299587091808));
#14518=CARTESIAN_POINT('',(44.3867054134856,0.,3.31299587091808));
#14519=CARTESIAN_POINT('',(44.3867054134856,0.,3.31299587091808));
#14520=CARTESIAN_POINT('',(44.3867054134856,0.,34.9162094206711));
#14521=CARTESIAN_POINT('',(44.3867054134856,0.,34.9162094206711));
#14522=CARTESIAN_POINT('',(2.19868349778662,0.,34.9162094206711));
#14523=CARTESIAN_POINT('',(2.19868349778662,0.,34.9162094206711));
#14524=CARTESIAN_POINT('',(2.19868349778662,0.,3.31299587091808));
#14525=CARTESIAN_POINT('',(0.,0.,1.25));
#14526=CARTESIAN_POINT('Origin',(0.,0.,0.));
#14527=CARTESIAN_POINT('',(23.4,0.,33.15));
#14528=CARTESIAN_POINT('Origin',(23.4,0.,31.9));
#14529=CARTESIAN_POINT('',(46.8,0.,1.25));
#14530=CARTESIAN_POINT('Origin',(46.8,0.,0.));
#14531=CARTESIAN_POINT('Origin',(-3.6,34.,3.31299587091808));
#14532=CARTESIAN_POINT('',(2.19868349778662,34.,3.31299587091808));
#14533=CARTESIAN_POINT('',(-3.6,34.,3.31299587091808));
#14534=CARTESIAN_POINT('Origin',(2.19868349778662,34.,3.31299587091808));
#14535=CARTESIAN_POINT('',(2.19868349778662,34.,34.9162094206711));
#14536=CARTESIAN_POINT('Origin',(2.19868349778662,34.,34.9162094206711));
#14537=CARTESIAN_POINT('',(44.3867054134856,34.,34.9162094206711));
#14538=CARTESIAN_POINT('Origin',(44.3867054134856,34.,34.9162094206711));
#14539=CARTESIAN_POINT('',(44.3867054134856,34.,3.31299587091808));
#14540=CARTESIAN_POINT('Origin',(44.3867054134856,34.,3.31299587091808));
#14541=CARTESIAN_POINT('',(50.4,34.,3.31299587091808));
#14542=CARTESIAN_POINT('Origin',(50.4,34.,-9.82996573135116E-15));
#14543=CARTESIAN_POINT('',(50.4,34.,-4.09636998524411));
#14544=CARTESIAN_POINT('Origin',(50.4,34.,-4.09636998524411));
#14545=CARTESIAN_POINT('',(44.3867054134856,34.,-4.09636998524411));
#14546=CARTESIAN_POINT('Origin',(44.3867054134856,34.,-4.09636998524411));
#14547=CARTESIAN_POINT('',(44.3867054134856,34.,-9.3887741682171));
#14548=CARTESIAN_POINT('Origin',(44.3867054134856,34.,-9.3887741682171));
#14549=CARTESIAN_POINT('',(2.19868349778662,34.,-9.3887741682171));
#14550=CARTESIAN_POINT('Origin',(2.19868349778662,34.,-9.3887741682171));
#14551=CARTESIAN_POINT('',(2.19868349778662,34.,-4.09636998524411));
#14552=CARTESIAN_POINT('Origin',(2.19868349778662,34.,-4.09636998524411));
#14553=CARTESIAN_POINT('',(-3.6,34.,-4.09636998524411));
#14554=CARTESIAN_POINT('Origin',(-3.6,34.,6.70276605713811E-15));
#14555=CARTESIAN_POINT('Origin',(0.,34.,0.));
#14556=CARTESIAN_POINT('',(-1.53080849893419E-16,34.,1.25));
#14557=CARTESIAN_POINT('Origin',(46.8,34.,0.));
#14558=CARTESIAN_POINT('',(46.8,34.,1.25));
#14559=CARTESIAN_POINT('Origin',(23.4,34.,31.9));
#14560=CARTESIAN_POINT('',(23.4,34.,33.15));
#14561=CARTESIAN_POINT('',(0.,0.,0.));
#14562=CARTESIAN_POINT('Origin',(-8.5,-1.15,10.));
#14563=CARTESIAN_POINT('',(-4.1,3.25,0.));
#14564=CARTESIAN_POINT('',(-8.5,-1.15,0.));
#14565=CARTESIAN_POINT('',(-4.1,3.25,0.));
#14566=CARTESIAN_POINT('',(-8.5,-1.15,10.));
#14567=CARTESIAN_POINT('',(-8.5,-1.15,10.));
#14568=CARTESIAN_POINT('',(-4.1,3.25,10.));
#14569=CARTESIAN_POINT('',(-4.1,3.25,10.));
#14570=CARTESIAN_POINT('',(-4.1,3.25,10.));
#14571=CARTESIAN_POINT('Origin',(-8.5,-1.15,10.));
#14572=CARTESIAN_POINT('',(-8.5,-9.05,0.));
#14573=CARTESIAN_POINT('',(-8.5,-1.15,0.));
#14574=CARTESIAN_POINT('',(-8.5,-9.05,10.));
#14575=CARTESIAN_POINT('',(-8.5,-9.05,10.));
#14576=CARTESIAN_POINT('',(-8.5,-1.15,10.));
#14577=CARTESIAN_POINT('Origin',(-8.5,-9.05,10.));
#14578=CARTESIAN_POINT('',(-4.1,-13.45,0.));
#14579=CARTESIAN_POINT('',(-8.5,-9.05,0.));
#14580=CARTESIAN_POINT('',(-4.1,-13.45,10.));
#14581=CARTESIAN_POINT('',(-4.1,-13.45,10.));
#14582=CARTESIAN_POINT('',(-8.5,-9.05,10.));
#14583=CARTESIAN_POINT('Origin',(-4.1,-13.45,10.));
#14584=CARTESIAN_POINT('',(-1.8,-13.45,0.));
#14585=CARTESIAN_POINT('',(-4.1,-13.45,0.));
#14586=CARTESIAN_POINT('',(-1.8,-13.45,10.));
#14587=CARTESIAN_POINT('',(-1.8,-13.45,10.));
#14588=CARTESIAN_POINT('',(-4.1,-13.45,10.));
#14589=CARTESIAN_POINT('Origin',(-1.8,-13.45,10.));
#14590=CARTESIAN_POINT('',(-1.8,-9.2,0.));
#14591=CARTESIAN_POINT('',(-1.8,-13.45,0.));
#14592=CARTESIAN_POINT('',(-1.8,-9.2,10.));
#14593=CARTESIAN_POINT('',(-1.8,-9.2,10.));
#14594=CARTESIAN_POINT('',(-1.8,-13.45,10.));
#14595=CARTESIAN_POINT('Origin',(-1.8,-9.2,10.));
#14596=CARTESIAN_POINT('',(-0.499999999999999,-9.2,0.));
#14597=CARTESIAN_POINT('',(-1.8,-9.2,0.));
#14598=CARTESIAN_POINT('',(-0.499999999999999,-9.2,10.));
#14599=CARTESIAN_POINT('',(-0.499999999999999,-9.2,10.));
#14600=CARTESIAN_POINT('',(-1.8,-9.2,10.));
#14601=CARTESIAN_POINT('Origin',(-0.499999999999999,-9.2,10.));
#14602=CARTESIAN_POINT('',(-0.499999999999999,-10.2,0.));
#14603=CARTESIAN_POINT('',(-0.499999999999999,-9.2,0.));
#14604=CARTESIAN_POINT('',(-0.499999999999999,-10.2,10.));
#14605=CARTESIAN_POINT('',(-0.499999999999999,-10.2,10.));
#14606=CARTESIAN_POINT('',(-0.499999999999999,-9.2,10.));
#14607=CARTESIAN_POINT('Origin',(7.5,-10.2,10.));
#14608=CARTESIAN_POINT('',(7.5,-10.2,0.));
#14609=CARTESIAN_POINT('',(-0.499999999999999,-10.2,0.));
#14610=CARTESIAN_POINT('',(7.5,-10.2,10.));
#14611=CARTESIAN_POINT('',(7.5,-10.2,10.));
#14612=CARTESIAN_POINT('',(-0.499999999999999,-10.2,10.));
#14613=CARTESIAN_POINT('Origin',(7.5,-9.2,10.));
#14614=CARTESIAN_POINT('',(7.5,-9.2,0.));
#14615=CARTESIAN_POINT('',(7.5,-10.2,0.));
#14616=CARTESIAN_POINT('',(7.5,-9.2,10.));
#14617=CARTESIAN_POINT('',(7.5,-9.2,10.));
#14618=CARTESIAN_POINT('',(7.5,-10.2,10.));
#14619=CARTESIAN_POINT('Origin',(8.8,-9.2,10.));
#14620=CARTESIAN_POINT('',(8.8,-9.2,0.));
#14621=CARTESIAN_POINT('',(7.5,-9.2,0.));
#14622=CARTESIAN_POINT('',(8.8,-9.2,10.));
#14623=CARTESIAN_POINT('',(8.8,-9.2,10.));
#14624=CARTESIAN_POINT('',(7.5,-9.2,10.));
#14625=CARTESIAN_POINT('Origin',(8.8,-13.45,10.));
#14626=CARTESIAN_POINT('',(8.8,-13.45,0.));
#14627=CARTESIAN_POINT('',(8.8,-9.2,0.));
#14628=CARTESIAN_POINT('',(8.8,-13.45,10.));
#14629=CARTESIAN_POINT('',(8.8,-13.45,10.));
#14630=CARTESIAN_POINT('',(8.8,-9.2,10.));
#14631=CARTESIAN_POINT('Origin',(11.1,-13.45,10.));
#14632=CARTESIAN_POINT('',(11.1,-13.45,0.));
#14633=CARTESIAN_POINT('',(8.8,-13.45,0.));
#14634=CARTESIAN_POINT('',(11.1,-13.45,10.));
#14635=CARTESIAN_POINT('',(11.1,-13.45,10.));
#14636=CARTESIAN_POINT('',(8.8,-13.45,10.));
#14637=CARTESIAN_POINT('Origin',(15.5,-9.05,10.));
#14638=CARTESIAN_POINT('',(15.5,-9.05,0.));
#14639=CARTESIAN_POINT('',(11.1,-13.45,0.));
#14640=CARTESIAN_POINT('',(15.5,-9.05,10.));
#14641=CARTESIAN_POINT('',(15.5,-9.05,10.));
#14642=CARTESIAN_POINT('',(11.1,-13.45,10.));
#14643=CARTESIAN_POINT('Origin',(15.5,-1.15,10.));
#14644=CARTESIAN_POINT('',(15.5,-1.15,0.));
#14645=CARTESIAN_POINT('',(15.5,-9.05,0.));
#14646=CARTESIAN_POINT('',(15.5,-1.15,10.));
#14647=CARTESIAN_POINT('',(15.5,-1.15,10.));
#14648=CARTESIAN_POINT('',(15.5,-9.05,10.));
#14649=CARTESIAN_POINT('Origin',(15.5,-1.15,10.));
#14650=CARTESIAN_POINT('',(11.1,3.25,0.));
#14651=CARTESIAN_POINT('',(15.5,-1.15,0.));
#14652=CARTESIAN_POINT('',(11.1,3.25,10.));
#14653=CARTESIAN_POINT('',(11.1,3.25,10.));
#14654=CARTESIAN_POINT('',(15.5,-1.15,10.));
#14655=CARTESIAN_POINT('Origin',(11.1,3.25,10.));
#14656=CARTESIAN_POINT('',(8.8,3.25,0.));
#14657=CARTESIAN_POINT('',(11.1,3.25,0.));
#14658=CARTESIAN_POINT('',(8.8,3.25,10.));
#14659=CARTESIAN_POINT('',(8.8,3.25,10.));
#14660=CARTESIAN_POINT('',(11.1,3.25,10.));
#14661=CARTESIAN_POINT('Origin',(8.8,3.25,10.));
#14662=CARTESIAN_POINT('',(8.8,-1.,0.));
#14663=CARTESIAN_POINT('',(8.8,3.25,0.));
#14664=CARTESIAN_POINT('',(8.8,-1.,10.));
#14665=CARTESIAN_POINT('',(8.8,-1.,10.));
#14666=CARTESIAN_POINT('',(8.8,3.25,10.));
#14667=CARTESIAN_POINT('Origin',(8.8,-1.,10.));
#14668=CARTESIAN_POINT('',(7.5,-1.,0.));
#14669=CARTESIAN_POINT('',(8.8,-1.,0.));
#14670=CARTESIAN_POINT('',(7.5,-1.,10.));
#14671=CARTESIAN_POINT('',(7.5,-1.,10.));
#14672=CARTESIAN_POINT('',(8.8,-1.,10.));
#14673=CARTESIAN_POINT('Origin',(7.5,-1.,10.));
#14674=CARTESIAN_POINT('',(7.5,0.,0.));
#14675=CARTESIAN_POINT('',(7.5,-1.,0.));
#14676=CARTESIAN_POINT('',(7.5,0.,10.));
#14677=CARTESIAN_POINT('',(7.5,0.,10.));
#14678=CARTESIAN_POINT('',(7.5,-1.,10.));
#14679=CARTESIAN_POINT('Origin',(-0.499999999999999,0.,10.));
#14680=CARTESIAN_POINT('',(-0.499999999999999,0.,0.));
#14681=CARTESIAN_POINT('',(7.5,0.,0.));
#14682=CARTESIAN_POINT('',(-0.499999999999999,0.,10.));
#14683=CARTESIAN_POINT('',(-0.499999999999999,0.,10.));
#14684=CARTESIAN_POINT('',(7.5,0.,10.));
#14685=CARTESIAN_POINT('Origin',(-0.499999999999999,-1.,10.));
#14686=CARTESIAN_POINT('',(-0.499999999999999,-1.,0.));
#14687=CARTESIAN_POINT('',(-0.499999999999999,0.,0.));
#14688=CARTESIAN_POINT('',(-0.499999999999999,-1.,10.));
#14689=CARTESIAN_POINT('',(-0.499999999999999,-1.,10.));
#14690=CARTESIAN_POINT('',(-0.499999999999999,0.,10.));
#14691=CARTESIAN_POINT('Origin',(-1.8,-1.,10.));
#14692=CARTESIAN_POINT('',(-1.8,-1.,0.));
#14693=CARTESIAN_POINT('',(-0.499999999999999,-1.,0.));
#14694=CARTESIAN_POINT('',(-1.8,-1.,10.));
#14695=CARTESIAN_POINT('',(-1.8,-1.,10.));
#14696=CARTESIAN_POINT('',(-0.499999999999999,-1.,10.));
#14697=CARTESIAN_POINT('Origin',(-1.8,3.25,10.));
#14698=CARTESIAN_POINT('',(-1.8,3.25,0.));
#14699=CARTESIAN_POINT('',(-1.8,-1.,0.));
#14700=CARTESIAN_POINT('',(-1.8,3.25,10.));
#14701=CARTESIAN_POINT('',(-1.8,3.25,10.));
#14702=CARTESIAN_POINT('',(-1.8,-1.,10.));
#14703=CARTESIAN_POINT('Origin',(-4.1,3.25,10.));
#14704=CARTESIAN_POINT('',(-1.8,3.25,0.));
#14705=CARTESIAN_POINT('',(-1.8,3.25,10.));
#14706=CARTESIAN_POINT('Origin',(0.,0.,10.));
#14707=CARTESIAN_POINT('Origin',(0.,0.,0.));
#14708=CARTESIAN_POINT('',(0.,0.,0.));
#14709=CARTESIAN_POINT('Origin',(-105.,4.1,-14.));
#14710=CARTESIAN_POINT('',(50.,4.1,-14.));
#14711=CARTESIAN_POINT('',(50.,5.1,-14.));
#14712=CARTESIAN_POINT('',(50.,4.1,-14.));
#14713=CARTESIAN_POINT('',(-105.,4.1,-14.));
#14714=CARTESIAN_POINT('',(-105.,4.1,-14.));
#14715=CARTESIAN_POINT('',(-105.,5.1,-14.));
#14716=CARTESIAN_POINT('',(-105.,4.1,-14.));
#14717=CARTESIAN_POINT('',(-105.,5.1,-14.));
#14718=CARTESIAN_POINT('Origin',(-105.,4.1,-12.7));
#14719=CARTESIAN_POINT('',(50.,4.1,-12.7));
#14720=CARTESIAN_POINT('',(50.,4.1,-12.7));
#14721=CARTESIAN_POINT('',(-105.,4.1,-12.7));
#14722=CARTESIAN_POINT('',(-105.,4.1,-12.7));
#14723=CARTESIAN_POINT('',(-105.,4.1,-12.7));
#14724=CARTESIAN_POINT('Origin',(-105.,8.35,-12.7));
#14725=CARTESIAN_POINT('',(50.,8.35,-12.7));
#14726=CARTESIAN_POINT('',(50.,8.35,-12.7));
#14727=CARTESIAN_POINT('',(-105.,8.35,-12.7));
#14728=CARTESIAN_POINT('',(-105.,8.35,-12.7));
#14729=CARTESIAN_POINT('',(-105.,8.35,-12.7));
#14730=CARTESIAN_POINT('Origin',(-105.,8.35,-10.4));
#14731=CARTESIAN_POINT('',(50.,8.35,-10.4));
#14732=CARTESIAN_POINT('',(50.,8.35,-10.4));
#14733=CARTESIAN_POINT('',(-105.,8.35,-10.4));
#14734=CARTESIAN_POINT('',(-105.,8.35,-10.4));
#14735=CARTESIAN_POINT('',(-105.,8.35,-10.4));
#14736=CARTESIAN_POINT('Origin',(-105.,3.95,-6.));
#14737=CARTESIAN_POINT('',(50.,3.95,-6.));
#14738=CARTESIAN_POINT('',(50.,3.95,-6.));
#14739=CARTESIAN_POINT('',(-105.,3.95,-6.));
#14740=CARTESIAN_POINT('',(-105.,3.95,-6.));
#14741=CARTESIAN_POINT('',(-105.,3.95,-6.));
#14742=CARTESIAN_POINT('Origin',(-105.,-3.95,-6.));
#14743=CARTESIAN_POINT('',(50.,-3.95,-6.));
#14744=CARTESIAN_POINT('',(50.,-3.95,-6.));
#14745=CARTESIAN_POINT('',(-105.,-3.95,-6.));
#14746=CARTESIAN_POINT('',(-105.,-3.95,-6.));
#14747=CARTESIAN_POINT('',(-105.,-3.95,-6.));
#14748=CARTESIAN_POINT('Origin',(-105.,-8.35,-10.4));
#14749=CARTESIAN_POINT('',(50.,-8.35,-10.4));
#14750=CARTESIAN_POINT('',(50.,-8.35,-10.4));
#14751=CARTESIAN_POINT('',(-105.,-8.35,-10.4));
#14752=CARTESIAN_POINT('',(-105.,-8.35,-10.4));
#14753=CARTESIAN_POINT('',(-105.,-8.35,-10.4));
#14754=CARTESIAN_POINT('Origin',(-105.,-8.35,-12.7));
#14755=CARTESIAN_POINT('',(50.,-8.35,-12.7));
#14756=CARTESIAN_POINT('',(50.,-8.35,-12.7));
#14757=CARTESIAN_POINT('',(-105.,-8.35,-12.7));
#14758=CARTESIAN_POINT('',(-105.,-8.35,-12.7));
#14759=CARTESIAN_POINT('',(-105.,-8.35,-12.7));
#14760=CARTESIAN_POINT('Origin',(-105.,-4.1,-12.7));
#14761=CARTESIAN_POINT('',(50.,-4.1,-12.7));
#14762=CARTESIAN_POINT('',(50.,-4.1,-12.7));
#14763=CARTESIAN_POINT('',(-105.,-4.1,-12.7));
#14764=CARTESIAN_POINT('',(-105.,-4.1,-12.7));
#14765=CARTESIAN_POINT('',(-105.,-4.1,-12.7));
#14766=CARTESIAN_POINT('Origin',(-105.,-4.1,-14.));
#14767=CARTESIAN_POINT('',(50.,-4.1,-14.));
#14768=CARTESIAN_POINT('',(50.,-4.1,-14.));
#14769=CARTESIAN_POINT('',(-105.,-4.1,-14.));
#14770=CARTESIAN_POINT('',(-105.,-4.1,-14.));
#14771=CARTESIAN_POINT('',(-105.,-4.1,-14.));
#14772=CARTESIAN_POINT('Origin',(-105.,-5.1,-14.));
#14773=CARTESIAN_POINT('',(50.,-5.1,-14.));
#14774=CARTESIAN_POINT('',(50.,-5.1,-14.));
#14775=CARTESIAN_POINT('',(-105.,-5.1,-14.));
#14776=CARTESIAN_POINT('',(-105.,-5.1,-14.));
#14777=CARTESIAN_POINT('',(-105.,-5.1,-14.));
#14778=CARTESIAN_POINT('Origin',(-105.,-5.1,-15.));
#14779=CARTESIAN_POINT('',(50.,-5.1,-15.));
#14780=CARTESIAN_POINT('',(50.,-5.1,-15.));
#14781=CARTESIAN_POINT('',(-105.,-5.1,-15.));
#14782=CARTESIAN_POINT('',(-105.,-5.1,-15.));
#14783=CARTESIAN_POINT('',(-105.,-5.1,-15.));
#14784=CARTESIAN_POINT('Origin',(-105.,-14.,-15.));
#14785=CARTESIAN_POINT('',(50.,-14.,-15.));
#14786=CARTESIAN_POINT('',(50.,-14.,-15.));
#14787=CARTESIAN_POINT('',(-105.,-14.,-15.));
#14788=CARTESIAN_POINT('',(-105.,-14.,-15.));
#14789=CARTESIAN_POINT('',(-105.,-14.,-15.));
#14790=CARTESIAN_POINT('Origin',(-105.,-14.,-14.));
#14791=CARTESIAN_POINT('',(50.,-15.,-14.));
#14792=CARTESIAN_POINT('Origin',(50.,-14.,-14.));
#14793=CARTESIAN_POINT('',(-105.,-15.,-14.));
#14794=CARTESIAN_POINT('',(-105.,-15.,-14.));
#14795=CARTESIAN_POINT('Origin',(-105.,-14.,-14.));
#14796=CARTESIAN_POINT('Origin',(-105.,-15.,-5.1));
#14797=CARTESIAN_POINT('',(50.,-15.,-5.1));
#14798=CARTESIAN_POINT('',(50.,-15.,-5.1));
#14799=CARTESIAN_POINT('',(-105.,-15.,-5.1));
#14800=CARTESIAN_POINT('',(-105.,-15.,-5.1));
#14801=CARTESIAN_POINT('',(-105.,-15.,-5.1));
#14802=CARTESIAN_POINT('Origin',(-105.,-14.,-5.1));
#14803=CARTESIAN_POINT('',(50.,-14.,-5.1));
#14804=CARTESIAN_POINT('',(50.,-14.,-5.1));
#14805=CARTESIAN_POINT('',(-105.,-14.,-5.1));
#14806=CARTESIAN_POINT('',(-105.,-14.,-5.1));
#14807=CARTESIAN_POINT('',(-105.,-14.,-5.1));
#14808=CARTESIAN_POINT('Origin',(-105.,-14.,-4.1));
#14809=CARTESIAN_POINT('',(50.,-14.,-4.1));
#14810=CARTESIAN_POINT('',(50.,-14.,-4.1));
#14811=CARTESIAN_POINT('',(-105.,-14.,-4.1));
#14812=CARTESIAN_POINT('',(-105.,-14.,-4.1));
#14813=CARTESIAN_POINT('',(-105.,-14.,-4.1));
#14814=CARTESIAN_POINT('Origin',(-105.,-12.7,-4.1));
#14815=CARTESIAN_POINT('',(50.,-12.7,-4.1));
#14816=CARTESIAN_POINT('',(50.,-12.7,-4.1));
#14817=CARTESIAN_POINT('',(-105.,-12.7,-4.1));
#14818=CARTESIAN_POINT('',(-105.,-12.7,-4.1));
#14819=CARTESIAN_POINT('',(-105.,-12.7,-4.1));
#14820=CARTESIAN_POINT('Origin',(-105.,-12.7,-8.35));
#14821=CARTESIAN_POINT('',(50.,-12.7,-8.35));
#14822=CARTESIAN_POINT('',(50.,-12.7,-8.35));
#14823=CARTESIAN_POINT('',(-105.,-12.7,-8.35));
#14824=CARTESIAN_POINT('',(-105.,-12.7,-8.35));
#14825=CARTESIAN_POINT('',(-105.,-12.7,-8.35));
#14826=CARTESIAN_POINT('Origin',(-105.,-10.4,-8.35));
#14827=CARTESIAN_POINT('',(50.,-10.4,-8.35));
#14828=CARTESIAN_POINT('',(50.,-10.4,-8.35));
#14829=CARTESIAN_POINT('',(-105.,-10.4,-8.35));
#14830=CARTESIAN_POINT('',(-105.,-10.4,-8.35));
#14831=CARTESIAN_POINT('',(-105.,-10.4,-8.35));
#14832=CARTESIAN_POINT('Origin',(-105.,-6.,-3.95));
#14833=CARTESIAN_POINT('',(50.,-6.,-3.95));
#14834=CARTESIAN_POINT('',(50.,-6.,-3.95));
#14835=CARTESIAN_POINT('',(-105.,-6.,-3.95));
#14836=CARTESIAN_POINT('',(-105.,-6.,-3.95));
#14837=CARTESIAN_POINT('',(-105.,-6.,-3.95));
#14838=CARTESIAN_POINT('Origin',(-105.,-6.,3.95));
#14839=CARTESIAN_POINT('',(50.,-6.,3.95));
#14840=CARTESIAN_POINT('',(50.,-6.,3.95));
#14841=CARTESIAN_POINT('',(-105.,-6.,3.95));
#14842=CARTESIAN_POINT('',(-105.,-6.,3.95));
#14843=CARTESIAN_POINT('',(-105.,-6.,3.95));
#14844=CARTESIAN_POINT('Origin',(-105.,-10.4,8.35));
#14845=CARTESIAN_POINT('',(50.,-10.4,8.35));
#14846=CARTESIAN_POINT('',(50.,-10.4,8.35));
#14847=CARTESIAN_POINT('',(-105.,-10.4,8.35));
#14848=CARTESIAN_POINT('',(-105.,-10.4,8.35));
#14849=CARTESIAN_POINT('',(-105.,-10.4,8.35));
#14850=CARTESIAN_POINT('Origin',(-105.,-12.7,8.35));
#14851=CARTESIAN_POINT('',(50.,-12.7,8.35));
#14852=CARTESIAN_POINT('',(50.,-12.7,8.35));
#14853=CARTESIAN_POINT('',(-105.,-12.7,8.35));
#14854=CARTESIAN_POINT('',(-105.,-12.7,8.35));
#14855=CARTESIAN_POINT('',(-105.,-12.7,8.35));
#14856=CARTESIAN_POINT('Origin',(-105.,-12.7,4.1));
#14857=CARTESIAN_POINT('',(50.,-12.7,4.1));
#14858=CARTESIAN_POINT('',(50.,-12.7,4.1));
#14859=CARTESIAN_POINT('',(-105.,-12.7,4.1));
#14860=CARTESIAN_POINT('',(-105.,-12.7,4.1));
#14861=CARTESIAN_POINT('',(-105.,-12.7,4.1));
#14862=CARTESIAN_POINT('Origin',(-105.,-14.,4.1));
#14863=CARTESIAN_POINT('',(50.,-14.,4.1));
#14864=CARTESIAN_POINT('',(50.,-14.,4.1));
#14865=CARTESIAN_POINT('',(-105.,-14.,4.1));
#14866=CARTESIAN_POINT('',(-105.,-14.,4.1));
#14867=CARTESIAN_POINT('',(-105.,-14.,4.1));
#14868=CARTESIAN_POINT('Origin',(-105.,-14.,5.1));
#14869=CARTESIAN_POINT('',(50.,-14.,5.1));
#14870=CARTESIAN_POINT('',(50.,-14.,5.1));
#14871=CARTESIAN_POINT('',(-105.,-14.,5.1));
#14872=CARTESIAN_POINT('',(-105.,-14.,5.1));
#14873=CARTESIAN_POINT('',(-105.,-14.,5.1));
#14874=CARTESIAN_POINT('Origin',(-105.,-15.,5.1));
#14875=CARTESIAN_POINT('',(50.,-15.,5.1));
#14876=CARTESIAN_POINT('',(50.,-15.,5.1));
#14877=CARTESIAN_POINT('',(-105.,-15.,5.1));
#14878=CARTESIAN_POINT('',(-105.,-15.,5.1));
#14879=CARTESIAN_POINT('',(-105.,-15.,5.1));
#14880=CARTESIAN_POINT('Origin',(-105.,-15.,14.));
#14881=CARTESIAN_POINT('',(50.,-15.,14.));
#14882=CARTESIAN_POINT('',(50.,-15.,14.));
#14883=CARTESIAN_POINT('',(-105.,-15.,14.));
#14884=CARTESIAN_POINT('',(-105.,-15.,14.));
#14885=CARTESIAN_POINT('',(-105.,-15.,14.));
#14886=CARTESIAN_POINT('Origin',(-105.,-14.,14.));
#14887=CARTESIAN_POINT('',(50.,-14.,15.));
#14888=CARTESIAN_POINT('Origin',(50.,-14.,14.));
#14889=CARTESIAN_POINT('',(-105.,-14.,15.));
#14890=CARTESIAN_POINT('',(-105.,-14.,15.));
#14891=CARTESIAN_POINT('Origin',(-105.,-14.,14.));
#14892=CARTESIAN_POINT('Origin',(-105.,-5.1,15.));
#14893=CARTESIAN_POINT('',(50.,-5.1,15.));
#14894=CARTESIAN_POINT('',(50.,-5.1,15.));
#14895=CARTESIAN_POINT('',(-105.,-5.1,15.));
#14896=CARTESIAN_POINT('',(-105.,-5.1,15.));
#14897=CARTESIAN_POINT('',(-105.,-5.1,15.));
#14898=CARTESIAN_POINT('Origin',(-105.,-5.1,14.));
#14899=CARTESIAN_POINT('',(50.,-5.1,14.));
#14900=CARTESIAN_POINT('',(50.,-5.1,14.));
#14901=CARTESIAN_POINT('',(-105.,-5.1,14.));
#14902=CARTESIAN_POINT('',(-105.,-5.1,14.));
#14903=CARTESIAN_POINT('',(-105.,-5.1,14.));
#14904=CARTESIAN_POINT('Origin',(-105.,-4.1,14.));
#14905=CARTESIAN_POINT('',(50.,-4.1,14.));
#14906=CARTESIAN_POINT('',(50.,-4.1,14.));
#14907=CARTESIAN_POINT('',(-105.,-4.1,14.));
#14908=CARTESIAN_POINT('',(-105.,-4.1,14.));
#14909=CARTESIAN_POINT('',(-105.,-4.1,14.));
#14910=CARTESIAN_POINT('Origin',(-105.,-4.1,12.7));
#14911=CARTESIAN_POINT('',(50.,-4.1,12.7));
#14912=CARTESIAN_POINT('',(50.,-4.1,12.7));
#14913=CARTESIAN_POINT('',(-105.,-4.1,12.7));
#14914=CARTESIAN_POINT('',(-105.,-4.1,12.7));
#14915=CARTESIAN_POINT('',(-105.,-4.1,12.7));
#14916=CARTESIAN_POINT('Origin',(-105.,-8.35,12.7));
#14917=CARTESIAN_POINT('',(50.,-8.35,12.7));
#14918=CARTESIAN_POINT('',(50.,-8.35,12.7));
#14919=CARTESIAN_POINT('',(-105.,-8.35,12.7));
#14920=CARTESIAN_POINT('',(-105.,-8.35,12.7));
#14921=CARTESIAN_POINT('',(-105.,-8.35,12.7));
#14922=CARTESIAN_POINT('Origin',(-105.,-8.35,10.4));
#14923=CARTESIAN_POINT('',(50.,-8.35,10.4));
#14924=CARTESIAN_POINT('',(50.,-8.35,10.4));
#14925=CARTESIAN_POINT('',(-105.,-8.35,10.4));
#14926=CARTESIAN_POINT('',(-105.,-8.35,10.4));
#14927=CARTESIAN_POINT('',(-105.,-8.35,10.4));
#14928=CARTESIAN_POINT('Origin',(-105.,-3.95,6.));
#14929=CARTESIAN_POINT('',(50.,-3.95,6.));
#14930=CARTESIAN_POINT('',(50.,-3.95,6.));
#14931=CARTESIAN_POINT('',(-105.,-3.95,6.));
#14932=CARTESIAN_POINT('',(-105.,-3.95,6.));
#14933=CARTESIAN_POINT('',(-105.,-3.95,6.));
#14934=CARTESIAN_POINT('Origin',(-105.,3.95,6.));
#14935=CARTESIAN_POINT('',(50.,3.95,6.));
#14936=CARTESIAN_POINT('',(50.,3.95,6.));
#14937=CARTESIAN_POINT('',(-105.,3.95,6.));
#14938=CARTESIAN_POINT('',(-105.,3.95,6.));
#14939=CARTESIAN_POINT('',(-105.,3.95,6.));
#14940=CARTESIAN_POINT('Origin',(-105.,8.35,10.4));
#14941=CARTESIAN_POINT('',(50.,8.35,10.4));
#14942=CARTESIAN_POINT('',(50.,8.35,10.4));
#14943=CARTESIAN_POINT('',(-105.,8.35,10.4));
#14944=CARTESIAN_POINT('',(-105.,8.35,10.4));
#14945=CARTESIAN_POINT('',(-105.,8.35,10.4));
#14946=CARTESIAN_POINT('Origin',(-105.,8.35,12.7));
#14947=CARTESIAN_POINT('',(50.,8.35,12.7));
#14948=CARTESIAN_POINT('',(50.,8.35,12.7));
#14949=CARTESIAN_POINT('',(-105.,8.35,12.7));
#14950=CARTESIAN_POINT('',(-105.,8.35,12.7));
#14951=CARTESIAN_POINT('',(-105.,8.35,12.7));
#14952=CARTESIAN_POINT('Origin',(-105.,4.1,12.7));
#14953=CARTESIAN_POINT('',(50.,4.1,12.7));
#14954=CARTESIAN_POINT('',(50.,4.1,12.7));
#14955=CARTESIAN_POINT('',(-105.,4.1,12.7));
#14956=CARTESIAN_POINT('',(-105.,4.1,12.7));
#14957=CARTESIAN_POINT('',(-105.,4.1,12.7));
#14958=CARTESIAN_POINT('Origin',(-105.,4.1,14.));
#14959=CARTESIAN_POINT('',(50.,4.1,14.));
#14960=CARTESIAN_POINT('',(50.,4.1,14.));
#14961=CARTESIAN_POINT('',(-105.,4.1,14.));
#14962=CARTESIAN_POINT('',(-105.,4.1,14.));
#14963=CARTESIAN_POINT('',(-105.,4.1,14.));
#14964=CARTESIAN_POINT('Origin',(-105.,5.1,14.));
#14965=CARTESIAN_POINT('',(50.,5.1,14.));
#14966=CARTESIAN_POINT('',(50.,5.1,14.));
#14967=CARTESIAN_POINT('',(-105.,5.1,14.));
#14968=CARTESIAN_POINT('',(-105.,5.1,14.));
#14969=CARTESIAN_POINT('',(-105.,5.1,14.));
#14970=CARTESIAN_POINT('Origin',(-105.,5.1,15.));
#14971=CARTESIAN_POINT('',(50.,5.1,15.));
#14972=CARTESIAN_POINT('',(50.,5.1,15.));
#14973=CARTESIAN_POINT('',(-105.,5.1,15.));
#14974=CARTESIAN_POINT('',(-105.,5.1,15.));
#14975=CARTESIAN_POINT('',(-105.,5.1,15.));
#14976=CARTESIAN_POINT('Origin',(-105.,14.,15.));
#14977=CARTESIAN_POINT('',(50.,14.,15.));
#14978=CARTESIAN_POINT('',(50.,14.,15.));
#14979=CARTESIAN_POINT('',(-105.,14.,15.));
#14980=CARTESIAN_POINT('',(-105.,14.,15.));
#14981=CARTESIAN_POINT('',(-105.,14.,15.));
#14982=CARTESIAN_POINT('Origin',(-105.,14.,14.));
#14983=CARTESIAN_POINT('',(50.,15.,14.));
#14984=CARTESIAN_POINT('Origin',(50.,14.,14.));
#14985=CARTESIAN_POINT('',(-105.,15.,14.));
#14986=CARTESIAN_POINT('',(-105.,15.,14.));
#14987=CARTESIAN_POINT('Origin',(-105.,14.,14.));
#14988=CARTESIAN_POINT('Origin',(-105.,15.,5.1));
#14989=CARTESIAN_POINT('',(50.,15.,5.1));
#14990=CARTESIAN_POINT('',(50.,15.,5.1));
#14991=CARTESIAN_POINT('',(-105.,15.,5.1));
#14992=CARTESIAN_POINT('',(-105.,15.,5.1));
#14993=CARTESIAN_POINT('',(-105.,15.,5.1));
#14994=CARTESIAN_POINT('Origin',(-105.,14.,5.1));
#14995=CARTESIAN_POINT('',(50.,14.,5.1));
#14996=CARTESIAN_POINT('',(50.,14.,5.1));
#14997=CARTESIAN_POINT('',(-105.,14.,5.1));
#14998=CARTESIAN_POINT('',(-105.,14.,5.1));
#14999=CARTESIAN_POINT('',(-105.,14.,5.1));
#15000=CARTESIAN_POINT('Origin',(-105.,14.,4.1));
#15001=CARTESIAN_POINT('',(50.,14.,4.1));
#15002=CARTESIAN_POINT('',(50.,14.,4.1));
#15003=CARTESIAN_POINT('',(-105.,14.,4.1));
#15004=CARTESIAN_POINT('',(-105.,14.,4.1));
#15005=CARTESIAN_POINT('',(-105.,14.,4.1));
#15006=CARTESIAN_POINT('Origin',(-105.,12.7,4.1));
#15007=CARTESIAN_POINT('',(50.,12.7,4.1));
#15008=CARTESIAN_POINT('',(50.,12.7,4.1));
#15009=CARTESIAN_POINT('',(-105.,12.7,4.1));
#15010=CARTESIAN_POINT('',(-105.,12.7,4.1));
#15011=CARTESIAN_POINT('',(-105.,12.7,4.1));
#15012=CARTESIAN_POINT('Origin',(-105.,12.7,8.35));
#15013=CARTESIAN_POINT('',(50.,12.7,8.35));
#15014=CARTESIAN_POINT('',(50.,12.7,8.35));
#15015=CARTESIAN_POINT('',(-105.,12.7,8.35));
#15016=CARTESIAN_POINT('',(-105.,12.7,8.35));
#15017=CARTESIAN_POINT('',(-105.,12.7,8.35));
#15018=CARTESIAN_POINT('Origin',(-105.,10.4,8.35));
#15019=CARTESIAN_POINT('',(50.,10.4,8.35));
#15020=CARTESIAN_POINT('',(50.,10.4,8.35));
#15021=CARTESIAN_POINT('',(-105.,10.4,8.35));
#15022=CARTESIAN_POINT('',(-105.,10.4,8.35));
#15023=CARTESIAN_POINT('',(-105.,10.4,8.35));
#15024=CARTESIAN_POINT('Origin',(-105.,6.,3.95));
#15025=CARTESIAN_POINT('',(50.,6.,3.95));
#15026=CARTESIAN_POINT('',(50.,6.,3.95));
#15027=CARTESIAN_POINT('',(-105.,6.,3.95));
#15028=CARTESIAN_POINT('',(-105.,6.,3.95));
#15029=CARTESIAN_POINT('',(-105.,6.,3.95));
#15030=CARTESIAN_POINT('Origin',(-105.,6.,-3.95));
#15031=CARTESIAN_POINT('',(50.,6.,-3.95));
#15032=CARTESIAN_POINT('',(50.,6.,-3.95));
#15033=CARTESIAN_POINT('',(-105.,6.,-3.95));
#15034=CARTESIAN_POINT('',(-105.,6.,-3.95));
#15035=CARTESIAN_POINT('',(-105.,6.,-3.95));
#15036=CARTESIAN_POINT('Origin',(-105.,10.4,-8.35));
#15037=CARTESIAN_POINT('',(50.,10.4,-8.35));
#15038=CARTESIAN_POINT('',(50.,10.4,-8.35));
#15039=CARTESIAN_POINT('',(-105.,10.4,-8.35));
#15040=CARTESIAN_POINT('',(-105.,10.4,-8.35));
#15041=CARTESIAN_POINT('',(-105.,10.4,-8.35));
#15042=CARTESIAN_POINT('Origin',(-105.,12.7,-8.35));
#15043=CARTESIAN_POINT('',(50.,12.7,-8.35));
#15044=CARTESIAN_POINT('',(50.,12.7,-8.35));
#15045=CARTESIAN_POINT('',(-105.,12.7,-8.35));
#15046=CARTESIAN_POINT('',(-105.,12.7,-8.35));
#15047=CARTESIAN_POINT('',(-105.,12.7,-8.35));
#15048=CARTESIAN_POINT('Origin',(-105.,12.7,-4.1));
#15049=CARTESIAN_POINT('',(50.,12.7,-4.1));
#15050=CARTESIAN_POINT('',(50.,12.7,-4.1));
#15051=CARTESIAN_POINT('',(-105.,12.7,-4.1));
#15052=CARTESIAN_POINT('',(-105.,12.7,-4.1));
#15053=CARTESIAN_POINT('',(-105.,12.7,-4.1));
#15054=CARTESIAN_POINT('Origin',(-105.,14.,-4.1));
#15055=CARTESIAN_POINT('',(50.,14.,-4.1));
#15056=CARTESIAN_POINT('',(50.,14.,-4.1));
#15057=CARTESIAN_POINT('',(-105.,14.,-4.1));
#15058=CARTESIAN_POINT('',(-105.,14.,-4.1));
#15059=CARTESIAN_POINT('',(-105.,14.,-4.1));
#15060=CARTESIAN_POINT('Origin',(-105.,14.,-5.1));
#15061=CARTESIAN_POINT('',(50.,14.,-5.1));
#15062=CARTESIAN_POINT('',(50.,14.,-5.1));
#15063=CARTESIAN_POINT('',(-105.,14.,-5.1));
#15064=CARTESIAN_POINT('',(-105.,14.,-5.1));
#15065=CARTESIAN_POINT('',(-105.,14.,-5.1));
#15066=CARTESIAN_POINT('Origin',(-105.,15.,-5.1));
#15067=CARTESIAN_POINT('',(50.,15.,-5.1));
#15068=CARTESIAN_POINT('',(50.,15.,-5.1));
#15069=CARTESIAN_POINT('',(-105.,15.,-5.1));
#15070=CARTESIAN_POINT('',(-105.,15.,-5.1));
#15071=CARTESIAN_POINT('',(-105.,15.,-5.1));
#15072=CARTESIAN_POINT('Origin',(-105.,15.,-14.));
#15073=CARTESIAN_POINT('',(50.,15.,-14.));
#15074=CARTESIAN_POINT('',(50.,15.,-14.));
#15075=CARTESIAN_POINT('',(-105.,15.,-14.));
#15076=CARTESIAN_POINT('',(-105.,15.,-14.));
#15077=CARTESIAN_POINT('',(-105.,15.,-14.));
#15078=CARTESIAN_POINT('Origin',(-105.,14.,-14.));
#15079=CARTESIAN_POINT('',(50.,14.,-15.));
#15080=CARTESIAN_POINT('Origin',(50.,14.,-14.));
#15081=CARTESIAN_POINT('',(-105.,14.,-15.));
#15082=CARTESIAN_POINT('',(-105.,14.,-15.));
#15083=CARTESIAN_POINT('Origin',(-105.,14.,-14.));
#15084=CARTESIAN_POINT('Origin',(-105.,5.1,-15.));
#15085=CARTESIAN_POINT('',(50.,5.1,-15.));
#15086=CARTESIAN_POINT('',(50.,5.1,-15.));
#15087=CARTESIAN_POINT('',(-105.,5.1,-15.));
#15088=CARTESIAN_POINT('',(-105.,5.1,-15.));
#15089=CARTESIAN_POINT('',(-105.,5.1,-15.));
#15090=CARTESIAN_POINT('Origin',(-105.,5.1,-14.));
#15091=CARTESIAN_POINT('',(50.,5.1,-14.));
#15092=CARTESIAN_POINT('',(-105.,5.1,-14.));
#15093=CARTESIAN_POINT('Origin',(-105.,14.,-14.));
#15094=CARTESIAN_POINT('',(-105.,9.65,-13.7));
#15095=CARTESIAN_POINT('',(-105.,13.2,-13.7));
#15096=CARTESIAN_POINT('',(-105.,9.65,-13.7));
#15097=CARTESIAN_POINT('',(-105.,13.7,-13.2));
#15098=CARTESIAN_POINT('Origin',(-105.,13.2,-13.2));
#15099=CARTESIAN_POINT('',(-105.,13.7,-9.65));
#15100=CARTESIAN_POINT('',(-105.,13.7,-13.2));
#15101=CARTESIAN_POINT('',(-105.,9.65,-9.65));
#15102=CARTESIAN_POINT('',(-105.,13.7,-9.65));
#15103=CARTESIAN_POINT('',(-105.,9.65,-9.65));
#15104=CARTESIAN_POINT('',(-105.,-13.7,-9.65));
#15105=CARTESIAN_POINT('',(-105.,-13.7,-13.2));
#15106=CARTESIAN_POINT('',(-105.,-13.7,-9.65));
#15107=CARTESIAN_POINT('',(-105.,-13.2,-13.7));
#15108=CARTESIAN_POINT('Origin',(-105.,-13.2,-13.2));
#15109=CARTESIAN_POINT('',(-105.,-9.65,-13.7));
#15110=CARTESIAN_POINT('',(-105.,-13.2,-13.7));
#15111=CARTESIAN_POINT('',(-105.,-9.65,-9.65));
#15112=CARTESIAN_POINT('',(-105.,-9.65,-13.7));
#15113=CARTESIAN_POINT('',(-105.,-9.65,-9.65));
#15114=CARTESIAN_POINT('',(-105.,-9.65,13.7));
#15115=CARTESIAN_POINT('',(-105.,-13.2,13.7));
#15116=CARTESIAN_POINT('',(-105.,-9.65,13.7));
#15117=CARTESIAN_POINT('',(-105.,-13.7,13.2));
#15118=CARTESIAN_POINT('Origin',(-105.,-13.2,13.2));
#15119=CARTESIAN_POINT('',(-105.,-13.7,9.65));
#15120=CARTESIAN_POINT('',(-105.,-13.7,13.2));
#15121=CARTESIAN_POINT('',(-105.,-9.65,9.65));
#15122=CARTESIAN_POINT('',(-105.,-13.7,9.65));
#15123=CARTESIAN_POINT('',(-105.,-9.65,9.65));
#15124=CARTESIAN_POINT('',(-105.,13.7,9.65));
#15125=CARTESIAN_POINT('',(-105.,13.7,13.2));
#15126=CARTESIAN_POINT('',(-105.,13.7,9.65));
#15127=CARTESIAN_POINT('',(-105.,13.2,13.7));
#15128=CARTESIAN_POINT('Origin',(-105.,13.2,13.2));
#15129=CARTESIAN_POINT('',(-105.,9.65,13.7));
#15130=CARTESIAN_POINT('',(-105.,13.2,13.7));
#15131=CARTESIAN_POINT('',(-105.,9.65,9.65));
#15132=CARTESIAN_POINT('',(-105.,9.65,13.7));
#15133=CARTESIAN_POINT('',(-105.,9.65,9.65));
#15134=CARTESIAN_POINT('',(-105.,0.,3.4));
#15135=CARTESIAN_POINT('Origin',(-105.,0.,3.06161699786838E-15));
#15136=CARTESIAN_POINT('Origin',(50.,14.,-14.));
#15137=CARTESIAN_POINT('',(50.,13.2,-13.7));
#15138=CARTESIAN_POINT('',(50.,13.7,-13.2));
#15139=CARTESIAN_POINT('Origin',(50.,13.2,-13.2));
#15140=CARTESIAN_POINT('',(50.,9.65,-13.7));
#15141=CARTESIAN_POINT('',(50.,9.65,-13.7));
#15142=CARTESIAN_POINT('',(50.,9.65,-9.65));
#15143=CARTESIAN_POINT('',(50.,9.65,-9.65));
#15144=CARTESIAN_POINT('',(50.,13.7,-9.65));
#15145=CARTESIAN_POINT('',(50.,13.7,-9.65));
#15146=CARTESIAN_POINT('',(50.,13.7,-13.2));
#15147=CARTESIAN_POINT('',(50.,-13.7,-13.2));
#15148=CARTESIAN_POINT('',(50.,-13.2,-13.7));
#15149=CARTESIAN_POINT('Origin',(50.,-13.2,-13.2));
#15150=CARTESIAN_POINT('',(50.,-13.7,-9.65));
#15151=CARTESIAN_POINT('',(50.,-13.7,-9.65));
#15152=CARTESIAN_POINT('',(50.,-9.65,-9.65));
#15153=CARTESIAN_POINT('',(50.,-9.65,-9.65));
#15154=CARTESIAN_POINT('',(50.,-9.65,-13.7));
#15155=CARTESIAN_POINT('',(50.,-9.65,-13.7));
#15156=CARTESIAN_POINT('',(50.,-13.2,-13.7));
#15157=CARTESIAN_POINT('',(50.,-13.2,13.7));
#15158=CARTESIAN_POINT('',(50.,-13.7,13.2));
#15159=CARTESIAN_POINT('Origin',(50.,-13.2,13.2));
#15160=CARTESIAN_POINT('',(50.,-9.65,13.7));
#15161=CARTESIAN_POINT('',(50.,-9.65,13.7));
#15162=CARTESIAN_POINT('',(50.,-9.65,9.65));
#15163=CARTESIAN_POINT('',(50.,-9.65,9.65));
#15164=CARTESIAN_POINT('',(50.,-13.7,9.65));
#15165=CARTESIAN_POINT('',(50.,-13.7,9.65));
#15166=CARTESIAN_POINT('',(50.,-13.7,13.2));
#15167=CARTESIAN_POINT('',(50.,13.7,13.2));
#15168=CARTESIAN_POINT('',(50.,13.2,13.7));
#15169=CARTESIAN_POINT('Origin',(50.,13.2,13.2));
#15170=CARTESIAN_POINT('',(50.,13.7,9.65));
#15171=CARTESIAN_POINT('',(50.,13.7,9.65));
#15172=CARTESIAN_POINT('',(50.,9.65,9.65));
#15173=CARTESIAN_POINT('',(50.,9.65,9.65));
#15174=CARTESIAN_POINT('',(50.,9.65,13.7));
#15175=CARTESIAN_POINT('',(50.,9.65,13.7));
#15176=CARTESIAN_POINT('',(50.,13.2,13.7));
#15177=CARTESIAN_POINT('',(50.,0.,3.4));
#15178=CARTESIAN_POINT('Origin',(50.,0.,3.06161699786838E-15));
#15179=CARTESIAN_POINT('Origin',(-105.,0.,3.06161699786838E-15));
#15180=CARTESIAN_POINT('',(-105.,-4.163799117101E-16,3.4));
#15181=CARTESIAN_POINT('Origin',(-105.,13.2,13.2));
#15182=CARTESIAN_POINT('',(-105.,13.2,13.7));
#15183=CARTESIAN_POINT('',(-105.,13.7,13.2));
#15184=CARTESIAN_POINT('Origin',(-105.,13.7,13.2));
#15185=CARTESIAN_POINT('',(-105.,13.7,9.65));
#15186=CARTESIAN_POINT('Origin',(-105.,13.7,9.65));
#15187=CARTESIAN_POINT('',(-105.,9.65,9.65));
#15188=CARTESIAN_POINT('Origin',(-105.,9.65,9.65));
#15189=CARTESIAN_POINT('',(-105.,9.65,13.7));
#15190=CARTESIAN_POINT('Origin',(-105.,9.65,13.7));
#15191=CARTESIAN_POINT('Origin',(-105.,-13.2,13.2));
#15192=CARTESIAN_POINT('',(-105.,-13.7,13.2));
#15193=CARTESIAN_POINT('',(-105.,-13.2,13.7));
#15194=CARTESIAN_POINT('Origin',(-105.,-13.2,13.7));
#15195=CARTESIAN_POINT('',(-105.,-9.65,13.7));
#15196=CARTESIAN_POINT('Origin',(-105.,-9.65,13.7));
#15197=CARTESIAN_POINT('',(-105.,-9.65,9.65));
#15198=CARTESIAN_POINT('Origin',(-105.,-9.65,9.65));
#15199=CARTESIAN_POINT('',(-105.,-13.7,9.65));
#15200=CARTESIAN_POINT('Origin',(-105.,-13.7,9.65));
#15201=CARTESIAN_POINT('Origin',(-105.,-13.2,-13.2));
#15202=CARTESIAN_POINT('',(-105.,-13.2,-13.7));
#15203=CARTESIAN_POINT('',(-105.,-13.7,-13.2));
#15204=CARTESIAN_POINT('Origin',(-105.,-13.7,-13.2));
#15205=CARTESIAN_POINT('',(-105.,-13.7,-9.65));
#15206=CARTESIAN_POINT('Origin',(-105.,-13.7,-9.65));
#15207=CARTESIAN_POINT('',(-105.,-9.65,-9.65));
#15208=CARTESIAN_POINT('Origin',(-105.,-9.65,-9.65));
#15209=CARTESIAN_POINT('',(-105.,-9.65,-13.7));
#15210=CARTESIAN_POINT('Origin',(-105.,-9.65,-13.7));
#15211=CARTESIAN_POINT('Origin',(-105.,13.2,-13.2));
#15212=CARTESIAN_POINT('',(-105.,13.7,-13.2));
#15213=CARTESIAN_POINT('',(-105.,13.2,-13.7));
#15214=CARTESIAN_POINT('Origin',(-105.,13.2,-13.7));
#15215=CARTESIAN_POINT('',(-105.,9.65,-13.7));
#15216=CARTESIAN_POINT('Origin',(-105.,9.65,-13.7));
#15217=CARTESIAN_POINT('',(-105.,9.65,-9.65));
#15218=CARTESIAN_POINT('Origin',(-105.,9.65,-9.65));
#15219=CARTESIAN_POINT('',(-105.,13.7,-9.65));
#15220=CARTESIAN_POINT('Origin',(-105.,13.7,-9.65));
#15221=CARTESIAN_POINT('',(0.,0.,0.));
#15222=CARTESIAN_POINT('Origin',(0.,5.,34.));
#15223=CARTESIAN_POINT('',(0.,5.,1.));
#15224=CARTESIAN_POINT('',(0.,37.3,1.));
#15225=CARTESIAN_POINT('',(0.,5.,1.));
#15226=CARTESIAN_POINT('',(0.,5.,34.));
#15227=CARTESIAN_POINT('',(0.,5.,34.));
#15228=CARTESIAN_POINT('',(0.,37.3,34.));
#15229=CARTESIAN_POINT('',(0.,37.3,34.));
#15230=CARTESIAN_POINT('',(0.,37.3,34.));
#15231=CARTESIAN_POINT('Origin',(0.,5.,34.));
#15232=CARTESIAN_POINT('',(5.,0.,1.));
#15233=CARTESIAN_POINT('',(5.,0.,1.));
#15234=CARTESIAN_POINT('',(5.,0.,34.));
#15235=CARTESIAN_POINT('',(5.,0.,34.));
#15236=CARTESIAN_POINT('',(0.,5.,34.));
#15237=CARTESIAN_POINT('Origin',(5.,0.,34.));
#15238=CARTESIAN_POINT('',(37.3,0.,1.));
#15239=CARTESIAN_POINT('',(37.3,0.,1.));
#15240=CARTESIAN_POINT('',(37.3,0.,34.));
#15241=CARTESIAN_POINT('',(37.3,0.,34.));
#15242=CARTESIAN_POINT('',(5.,0.,34.));
#15243=CARTESIAN_POINT('Origin',(37.3,0.,34.));
#15244=CARTESIAN_POINT('',(42.3,5.,1.));
#15245=CARTESIAN_POINT('',(42.3,5.,1.));
#15246=CARTESIAN_POINT('',(42.3,5.,34.));
#15247=CARTESIAN_POINT('',(42.3,5.,34.));
#15248=CARTESIAN_POINT('',(37.3,0.,34.));
#15249=CARTESIAN_POINT('Origin',(42.3,5.,34.));
#15250=CARTESIAN_POINT('',(42.3,37.3,1.));
#15251=CARTESIAN_POINT('',(42.3,37.3,1.));
#15252=CARTESIAN_POINT('',(42.3,37.3,34.));
#15253=CARTESIAN_POINT('',(42.3,37.3,34.));
#15254=CARTESIAN_POINT('',(42.3,5.,34.));
#15255=CARTESIAN_POINT('Origin',(37.3,42.3,34.));
#15256=CARTESIAN_POINT('',(37.3,42.3,1.));
#15257=CARTESIAN_POINT('',(37.3,42.3,1.));
#15258=CARTESIAN_POINT('',(37.3,42.3,34.));
#15259=CARTESIAN_POINT('',(37.3,42.3,34.));
#15260=CARTESIAN_POINT('',(42.3,37.3,34.));
#15261=CARTESIAN_POINT('Origin',(5.,42.3,34.));
#15262=CARTESIAN_POINT('',(5.,42.3,1.));
#15263=CARTESIAN_POINT('',(5.,42.3,1.));
#15264=CARTESIAN_POINT('',(5.,42.3,34.));
#15265=CARTESIAN_POINT('',(5.,42.3,34.));
#15266=CARTESIAN_POINT('',(37.3,42.3,34.));
#15267=CARTESIAN_POINT('Origin',(0.,37.3,34.));
#15268=CARTESIAN_POINT('',(0.,37.3,1.));
#15269=CARTESIAN_POINT('',(5.,42.3,34.));
#15270=CARTESIAN_POINT('Origin',(0.,0.,34.));
#15271=CARTESIAN_POINT('',(32.15,21.15,34.));
#15272=CARTESIAN_POINT('Origin',(21.15,21.15,34.));
#15273=CARTESIAN_POINT('',(4.15000000000032,5.65,34.));
#15274=CARTESIAN_POINT('Origin',(5.65000000000032,5.65,34.));
#15275=CARTESIAN_POINT('',(35.1500000000003,5.65,34.));
#15276=CARTESIAN_POINT('Origin',(36.6500000000003,5.65,34.));
#15277=CARTESIAN_POINT('',(35.15,36.65,34.));
#15278=CARTESIAN_POINT('Origin',(36.65,36.65,34.));
#15279=CARTESIAN_POINT('',(4.15,36.65,34.));
#15280=CARTESIAN_POINT('Origin',(5.65,36.65,34.));
#15281=CARTESIAN_POINT('Origin',(5.65,36.65,29.5));
#15282=CARTESIAN_POINT('',(4.15,36.65,29.5));
#15283=CARTESIAN_POINT('Origin',(5.65,36.65,29.5));
#15284=CARTESIAN_POINT('',(4.15,36.65,29.5));
#15285=CARTESIAN_POINT('Origin',(5.65,36.65,29.5));
#15286=CARTESIAN_POINT('Origin',(36.65,36.65,29.5));
#15287=CARTESIAN_POINT('',(35.15,36.65,29.5));
#15288=CARTESIAN_POINT('Origin',(36.65,36.65,29.5));
#15289=CARTESIAN_POINT('',(35.15,36.65,29.5));
#15290=CARTESIAN_POINT('Origin',(36.65,36.65,29.5));
#15291=CARTESIAN_POINT('Origin',(36.6500000000003,5.65,29.5));
#15292=CARTESIAN_POINT('',(35.1500000000003,5.65,29.5));
#15293=CARTESIAN_POINT('Origin',(36.6500000000003,5.65,29.5));
#15294=CARTESIAN_POINT('',(35.1500000000003,5.65,29.5));
#15295=CARTESIAN_POINT('Origin',(36.6500000000003,5.65,29.5));
#15296=CARTESIAN_POINT('Origin',(5.65000000000032,5.65,29.5));
#15297=CARTESIAN_POINT('',(4.15000000000032,5.65,29.5));
#15298=CARTESIAN_POINT('Origin',(5.65000000000032,5.65,29.5));
#15299=CARTESIAN_POINT('',(4.15000000000032,5.65,29.5));
#15300=CARTESIAN_POINT('Origin',(5.65000000000032,5.65,29.5));
#15301=CARTESIAN_POINT('Origin',(21.15,21.15,36.));
#15302=CARTESIAN_POINT('',(32.15,21.15,36.));
#15303=CARTESIAN_POINT('',(32.15,21.15,36.));
#15304=CARTESIAN_POINT('Origin',(21.15,21.15,36.));
#15305=CARTESIAN_POINT('Origin',(21.15,21.15,36.));
#15306=CARTESIAN_POINT('',(23.65,21.15,36.));
#15307=CARTESIAN_POINT('Origin',(21.15,21.15,36.));
#15308=CARTESIAN_POINT('Origin',(21.15,21.15,58.));
#15309=CARTESIAN_POINT('',(23.65,21.15,58.));
#15310=CARTESIAN_POINT('',(23.65,21.15,58.));
#15311=CARTESIAN_POINT('Origin',(21.15,21.15,58.));
#15312=CARTESIAN_POINT('Origin',(21.15,21.15,58.));
#15313=CARTESIAN_POINT('Origin',(0.,0.,1.));
#15314=CARTESIAN_POINT('',(0.,0.,0.));
#15315=CARTESIAN_POINT('Origin',(-37.5,-5.1,10.));
#15316=CARTESIAN_POINT('',(-28.5,-5.1,12.85));
#15317=CARTESIAN_POINT('Origin',(-28.5,-5.1,10.));
#15318=CARTESIAN_POINT('',(-20.5,-5.1,12.85));
#15319=CARTESIAN_POINT('',(-37.5,-5.1,12.85));
#15320=CARTESIAN_POINT('Origin',(-20.5,-5.1,10.));
#15321=CARTESIAN_POINT('Origin',(-37.5,-5.1,30.));
#15322=CARTESIAN_POINT('',(-28.5,-5.1,32.85));
#15323=CARTESIAN_POINT('Origin',(-28.5,-5.1,30.));
#15324=CARTESIAN_POINT('',(-20.5,-5.1,32.85));
#15325=CARTESIAN_POINT('',(-37.5,-5.1,32.85));
#15326=CARTESIAN_POINT('Origin',(-20.5,-5.1,30.));
#15327=CARTESIAN_POINT('Origin',(0.,0.,40.));
#15328=CARTESIAN_POINT('',(-28.5,0.,40.));
#15329=CARTESIAN_POINT('',(-29.5,0.,40.));
#15330=CARTESIAN_POINT('',(-28.5,0.,40.));
#15331=CARTESIAN_POINT('',(-29.5,-10.2,40.));
#15332=CARTESIAN_POINT('',(-29.5,0.,40.));
#15333=CARTESIAN_POINT('',(-28.5,-10.2,40.));
#15334=CARTESIAN_POINT('',(-29.5,-10.2,40.));
#15335=CARTESIAN_POINT('',(-28.5,-9.2,40.));
#15336=CARTESIAN_POINT('',(-28.5,-10.2,40.));
#15337=CARTESIAN_POINT('',(-27.2,-9.2,40.));
#15338=CARTESIAN_POINT('',(-28.5,-9.2,40.));
#15339=CARTESIAN_POINT('',(-27.2,-13.45,40.));
#15340=CARTESIAN_POINT('',(-27.2,-9.2,40.));
#15341=CARTESIAN_POINT('',(-24.9,-13.45,40.));
#15342=CARTESIAN_POINT('',(-27.2,-13.45,40.));
#15343=CARTESIAN_POINT('',(-20.5,-9.05,40.));
#15344=CARTESIAN_POINT('',(-24.9,-13.45,40.));
#15345=CARTESIAN_POINT('',(-20.5,-1.15,40.));
#15346=CARTESIAN_POINT('',(-20.5,-9.05,40.));
#15347=CARTESIAN_POINT('',(-24.9,3.25,40.));
#15348=CARTESIAN_POINT('',(-20.5,-1.15,40.));
#15349=CARTESIAN_POINT('',(-27.2,3.25,40.));
#15350=CARTESIAN_POINT('',(-24.9,3.25,40.));
#15351=CARTESIAN_POINT('',(-27.2,-1.,40.));
#15352=CARTESIAN_POINT('',(-27.2,3.25,40.));
#15353=CARTESIAN_POINT('',(-28.5,-1.,40.));
#15354=CARTESIAN_POINT('',(-27.2,-1.,40.));
#15355=CARTESIAN_POINT('',(-28.5,-1.,40.));
#15356=CARTESIAN_POINT('Origin',(-28.5,-1.,40.));
#15357=CARTESIAN_POINT('',(-28.5,-1.,0.));
#15358=CARTESIAN_POINT('',(-28.5,0.,0.));
#15359=CARTESIAN_POINT('',(-28.5,-1.,0.));
#15360=CARTESIAN_POINT('',(-28.5,0.,40.));
#15361=CARTESIAN_POINT('',(-28.5,-1.,40.));
#15362=CARTESIAN_POINT('Origin',(-29.5,0.,40.));
#15363=CARTESIAN_POINT('',(-37.5,0.,0.));
#15364=CARTESIAN_POINT('',(-28.5,0.,0.));
#15365=CARTESIAN_POINT('',(-37.5,0.,40.));
#15366=CARTESIAN_POINT('',(-37.5,0.,40.));
#15367=CARTESIAN_POINT('',(-29.5,0.,40.));
#15368=CARTESIAN_POINT('Origin',(-37.5,-10.2,40.));
#15369=CARTESIAN_POINT('',(-37.5,-10.2,0.));
#15370=CARTESIAN_POINT('',(-37.5,0.,0.));
#15371=CARTESIAN_POINT('',(-37.5,-10.2,40.));
#15372=CARTESIAN_POINT('',(-37.5,-10.2,40.));
#15373=CARTESIAN_POINT('',(-37.5,-21.25,40.));
#15374=CARTESIAN_POINT('',(-37.5,-10.2,40.));
#15375=CARTESIAN_POINT('',(-37.5,-26.25,45.));
#15376=CARTESIAN_POINT('',(-37.5,-21.25,40.));
#15377=CARTESIAN_POINT('',(-37.5,-26.25,77.3));
#15378=CARTESIAN_POINT('',(-37.5,-26.25,45.));
#15379=CARTESIAN_POINT('',(-37.5,-21.25,82.3));
#15380=CARTESIAN_POINT('',(-37.5,-26.25,77.3));
#15381=CARTESIAN_POINT('',(-37.5,11.05,82.3));
#15382=CARTESIAN_POINT('',(-37.5,-21.25,82.3));
#15383=CARTESIAN_POINT('',(-37.5,16.05,77.3));
#15384=CARTESIAN_POINT('',(-37.5,11.05,82.3));
#15385=CARTESIAN_POINT('',(-37.5,16.05,45.));
#15386=CARTESIAN_POINT('',(-37.5,16.05,77.3));
#15387=CARTESIAN_POINT('',(-37.5,11.05,40.));
#15388=CARTESIAN_POINT('',(-37.5,16.05,45.));
#15389=CARTESIAN_POINT('',(-37.5,11.05,40.));
#15390=CARTESIAN_POINT('',(-37.5,10.4,47.25));
#15391=CARTESIAN_POINT('Origin',(-37.5,10.4,45.65));
#15392=CARTESIAN_POINT('',(-37.5,10.4,78.25));
#15393=CARTESIAN_POINT('Origin',(-37.5,10.4,76.65));
#15394=CARTESIAN_POINT('',(-37.5,-20.6,78.2500000000003));
#15395=CARTESIAN_POINT('Origin',(-37.5,-20.6,76.6500000000003));
#15396=CARTESIAN_POINT('',(-37.5,-20.6,47.2500000000003));
#15397=CARTESIAN_POINT('Origin',(-37.5,-20.6,45.6500000000003));
#15398=CARTESIAN_POINT('',(-37.5,-5.1,6.4));
#15399=CARTESIAN_POINT('Origin',(-37.5,-5.1,10.));
#15400=CARTESIAN_POINT('',(-37.5,-5.1,26.4));
#15401=CARTESIAN_POINT('Origin',(-37.5,-5.1,30.));
#15402=CARTESIAN_POINT('',(-37.5,-5.1,63.75));
#15403=CARTESIAN_POINT('Origin',(-37.5,-5.1,61.15));
#15404=CARTESIAN_POINT('Origin',(-28.5,-10.2,40.));
#15405=CARTESIAN_POINT('',(-28.5,-10.2,0.));
#15406=CARTESIAN_POINT('',(-37.5,-10.2,0.));
#15407=CARTESIAN_POINT('',(-28.5,-10.2,40.));
#15408=CARTESIAN_POINT('',(-37.5,-10.2,40.));
#15409=CARTESIAN_POINT('Origin',(-28.5,-9.2,40.));
#15410=CARTESIAN_POINT('',(-28.5,-9.2,0.));
#15411=CARTESIAN_POINT('',(-28.5,-10.2,0.));
#15412=CARTESIAN_POINT('',(-28.5,-9.2,40.));
#15413=CARTESIAN_POINT('Origin',(-27.2,-9.2,40.));
#15414=CARTESIAN_POINT('',(-27.2,-9.2,0.));
#15415=CARTESIAN_POINT('',(-28.5,-9.2,0.));
#15416=CARTESIAN_POINT('',(-27.2,-9.2,40.));
#15417=CARTESIAN_POINT('Origin',(-27.2,-13.45,40.));
#15418=CARTESIAN_POINT('',(-27.2,-13.45,0.));
#15419=CARTESIAN_POINT('',(-27.2,-9.2,0.));
#15420=CARTESIAN_POINT('',(-27.2,-13.45,40.));
#15421=CARTESIAN_POINT('Origin',(-24.9,-13.45,40.));
#15422=CARTESIAN_POINT('',(-24.9,-13.45,0.));
#15423=CARTESIAN_POINT('',(-27.2,-13.45,0.));
#15424=CARTESIAN_POINT('',(-24.9,-13.45,40.));
#15425=CARTESIAN_POINT('Origin',(-20.5,-9.05,40.));
#15426=CARTESIAN_POINT('',(-20.5,-9.05,0.));
#15427=CARTESIAN_POINT('',(-24.9,-13.45,0.));
#15428=CARTESIAN_POINT('',(-20.5,-9.05,40.));
#15429=CARTESIAN_POINT('Origin',(-20.5,-1.15,40.));
#15430=CARTESIAN_POINT('',(-20.5,-1.15,0.));
#15431=CARTESIAN_POINT('',(-20.5,-9.05,0.));
#15432=CARTESIAN_POINT('',(-20.5,-1.15,40.));
#15433=CARTESIAN_POINT('Origin',(-24.9,3.25,40.));
#15434=CARTESIAN_POINT('',(-24.9,3.25,0.));
#15435=CARTESIAN_POINT('',(-20.5,-1.15,0.));
#15436=CARTESIAN_POINT('',(-24.9,3.25,40.));
#15437=CARTESIAN_POINT('Origin',(-27.2,3.25,40.));
#15438=CARTESIAN_POINT('',(-27.2,3.25,0.));
#15439=CARTESIAN_POINT('',(-24.9,3.25,0.));
#15440=CARTESIAN_POINT('',(-27.2,3.25,40.));
#15441=CARTESIAN_POINT('Origin',(-27.2,-1.,40.));
#15442=CARTESIAN_POINT('',(-27.2,-1.,0.));
#15443=CARTESIAN_POINT('',(-27.2,3.25,0.));
#15444=CARTESIAN_POINT('',(-27.2,-1.,40.));
#15445=CARTESIAN_POINT('Origin',(-28.5,-1.,40.));
#15446=CARTESIAN_POINT('',(-27.2,-1.,0.));
#15447=CARTESIAN_POINT('Origin',(0.,0.,0.));
#15448=CARTESIAN_POINT('Origin',(-37.5,11.05,40.));
#15449=CARTESIAN_POINT('',(-29.5,11.05,40.));
#15450=CARTESIAN_POINT('',(-29.5,11.05,40.));
#15451=CARTESIAN_POINT('',(-37.5,11.05,40.));
#15452=CARTESIAN_POINT('Origin',(-37.5,11.05,40.));
#15453=CARTESIAN_POINT('',(-29.5,-21.25,40.));
#15454=CARTESIAN_POINT('',(-29.5,-10.2,40.));
#15455=CARTESIAN_POINT('',(-37.5,-21.25,40.));
#15456=CARTESIAN_POINT('Origin',(-29.5,0.,0.));
#15457=CARTESIAN_POINT('',(-29.5,16.05,45.));
#15458=CARTESIAN_POINT('',(-29.5,16.05,45.));
#15459=CARTESIAN_POINT('',(-29.5,16.05,77.3));
#15460=CARTESIAN_POINT('',(-29.5,16.05,77.3));
#15461=CARTESIAN_POINT('',(-29.5,11.05,82.3));
#15462=CARTESIAN_POINT('',(-29.5,11.05,82.3));
#15463=CARTESIAN_POINT('',(-29.5,-21.25,82.3));
#15464=CARTESIAN_POINT('',(-29.5,-21.25,82.3));
#15465=CARTESIAN_POINT('',(-29.5,-26.25,77.3));
#15466=CARTESIAN_POINT('',(-29.5,-26.25,77.3));
#15467=CARTESIAN_POINT('',(-29.5,-26.25,45.));
#15468=CARTESIAN_POINT('',(-29.5,-26.25,45.));
#15469=CARTESIAN_POINT('',(-29.5,-21.25,40.));
#15470=CARTESIAN_POINT('',(-29.5,10.4,78.25));
#15471=CARTESIAN_POINT('Origin',(-29.5,10.4,76.65));
#15472=CARTESIAN_POINT('',(-29.5,-20.6,47.2500000000003));
#15473=CARTESIAN_POINT('Origin',(-29.5,-20.6,45.6500000000003));
#15474=CARTESIAN_POINT('',(-29.5,-5.1,72.175));
#15475=CARTESIAN_POINT('Origin',(-29.5,-5.1,61.15));
#15476=CARTESIAN_POINT('',(-29.5,-20.6,78.2500000000003));
#15477=CARTESIAN_POINT('Origin',(-29.5,-20.6,76.6500000000003));
#15478=CARTESIAN_POINT('',(-29.5,10.4,47.25));
#15479=CARTESIAN_POINT('Origin',(-29.5,10.4,45.65));
#15480=CARTESIAN_POINT('Origin',(-37.5,11.05,40.));
#15481=CARTESIAN_POINT('',(-37.5,16.05,45.));
#15482=CARTESIAN_POINT('Origin',(-37.5,-21.25,40.));
#15483=CARTESIAN_POINT('',(-37.5,-26.25,45.));
#15484=CARTESIAN_POINT('Origin',(-37.5,-26.25,45.));
#15485=CARTESIAN_POINT('',(-37.5,-26.25,77.3));
#15486=CARTESIAN_POINT('Origin',(-37.5,-26.25,77.3));
#15487=CARTESIAN_POINT('',(-37.5,-21.25,82.3));
#15488=CARTESIAN_POINT('Origin',(-37.5,11.05,82.3));
#15489=CARTESIAN_POINT('',(-37.5,11.05,82.3));
#15490=CARTESIAN_POINT('Origin',(-37.5,16.05,77.3));
#15491=CARTESIAN_POINT('',(-37.5,16.05,77.3));
#15492=CARTESIAN_POINT('Origin',(-37.5,16.05,45.));
#15493=CARTESIAN_POINT('Origin',(-37.5,10.4,45.65));
#15494=CARTESIAN_POINT('',(-37.5,10.4,47.25));
#15495=CARTESIAN_POINT('Origin',(-37.5,10.4,76.65));
#15496=CARTESIAN_POINT('',(-37.5,10.4,78.25));
#15497=CARTESIAN_POINT('Origin',(-37.5,-20.6,76.6500000000003));
#15498=CARTESIAN_POINT('',(-37.5,-20.6,78.2500000000003));
#15499=CARTESIAN_POINT('Origin',(-37.5,-20.6,45.6500000000003));
#15500=CARTESIAN_POINT('',(-37.5,-20.6,47.2500000000003));
#15501=CARTESIAN_POINT('Origin',(-31.7,-5.1,61.15));
#15502=CARTESIAN_POINT('',(-31.7,-5.1,72.175));
#15503=CARTESIAN_POINT('Origin',(-31.7,-5.1,61.15));
#15504=CARTESIAN_POINT('',(-31.7,-5.1,72.175));
#15505=CARTESIAN_POINT('Origin',(-31.7,-5.1,61.15));
#15506=CARTESIAN_POINT('',(-31.7,-5.1,63.75));
#15507=CARTESIAN_POINT('Origin',(-31.7,-5.1,61.15));
#15508=CARTESIAN_POINT('Origin',(-37.5,-5.1,61.15));
#15509=CARTESIAN_POINT('',(-37.5,-5.1,63.75));
#15510=CARTESIAN_POINT('Origin',(-28.5,-5.1,30.));
#15511=CARTESIAN_POINT('',(-28.5,-5.1,26.4));
#15512=CARTESIAN_POINT('Origin',(-28.5,-5.1,30.));
#15513=CARTESIAN_POINT('Origin',(-28.5,-5.1,30.));
#15514=CARTESIAN_POINT('',(-28.5,-5.1,26.4));
#15515=CARTESIAN_POINT('Origin',(-28.5,-5.1,10.));
#15516=CARTESIAN_POINT('',(-28.5,-5.1,6.4));
#15517=CARTESIAN_POINT('Origin',(-28.5,-5.1,10.));
#15518=CARTESIAN_POINT('Origin',(-28.5,-5.1,10.));
#15519=CARTESIAN_POINT('',(-28.5,-5.1,6.4));
#15520=CARTESIAN_POINT('',(0.,0.,0.));
#15521=CARTESIAN_POINT('Origin',(0.,30.,0.));
#15522=CARTESIAN_POINT('',(0.,0.,2.75));
#15523=CARTESIAN_POINT('Origin',(0.,0.,0.));
#15524=CARTESIAN_POINT('',(0.,30.,2.75));
#15525=CARTESIAN_POINT('',(-3.36777869765522E-16,30.,2.75));
#15526=CARTESIAN_POINT('Origin',(0.,30.,0.));
#15527=CARTESIAN_POINT('Origin',(0.,30.,0.));
#15528=CARTESIAN_POINT('Origin',(0.,-12.,0.));
#15529=CARTESIAN_POINT('',(0.,0.,-4.5));
#15530=CARTESIAN_POINT('Origin',(0.,0.,0.));
#15531=CARTESIAN_POINT('',(0.,-12.,-4.5));
#15532=CARTESIAN_POINT('',(-5.51091059616309E-16,-12.,-4.5));
#15533=CARTESIAN_POINT('Origin',(0.,-12.,0.));
#15534=CARTESIAN_POINT('Origin',(0.,-12.,0.));
#15535=CARTESIAN_POINT('',(-1.5,-12.,2.));
#15536=CARTESIAN_POINT('',(1.5,-12.,2.));
#15537=CARTESIAN_POINT('Origin',(0.,-12.,0.));
#15538=CARTESIAN_POINT('',(1.5,-12.,2.));
#15539=CARTESIAN_POINT('Origin',(0.,0.,0.));
#15540=CARTESIAN_POINT('Origin',(0.,-2.,0.));
#15541=CARTESIAN_POINT('',(1.5,-2.,2.));
#15542=CARTESIAN_POINT('',(1.5,-2.,2.));
#15543=CARTESIAN_POINT('',(-1.5,-2.,2.));
#15544=CARTESIAN_POINT('Origin',(0.,-2.,0.));
#15545=CARTESIAN_POINT('',(-1.5,-2.,2.));
#15546=CARTESIAN_POINT('Origin',(-1.5,-2.,2.));
#15547=CARTESIAN_POINT('',(1.5,-2.,2.));
#15548=CARTESIAN_POINT('Origin',(0.,-2.,0.));
#15549=CARTESIAN_POINT('',(0.,0.,0.));
#15550=CARTESIAN_POINT('Origin',(0.,0.,30.));
#15551=CARTESIAN_POINT('',(50.,0.,30.));
#15552=CARTESIAN_POINT('Origin',(0.,0.,30.));
#15553=CARTESIAN_POINT('',(2.75,0.,30.));
#15554=CARTESIAN_POINT('Origin',(0.,0.,30.));
#15555=CARTESIAN_POINT('Origin',(0.,0.,0.));
#15556=CARTESIAN_POINT('',(50.,0.,0.));
#15557=CARTESIAN_POINT('Origin',(0.,0.,0.));
#15558=CARTESIAN_POINT('',(2.75,0.,0.));
#15559=CARTESIAN_POINT('Origin',(0.,0.,0.));
#15560=CARTESIAN_POINT('Origin',(0.,0.,30.));
#15561=CARTESIAN_POINT('',(50.,-6.12323399573677E-15,30.));
#15562=CARTESIAN_POINT('Origin',(0.,0.,30.));
#15563=CARTESIAN_POINT('',(2.75,-3.36777869765522E-16,30.));
#15564=CARTESIAN_POINT('',(0.,0.,0.));
#15565=CARTESIAN_POINT('',(-105.,5.1,21.5));
#15566=CARTESIAN_POINT('',(-65.,5.1,14.5));
#15567=CARTESIAN_POINT('',(-105.,-21.15,19.));
#15568=CARTESIAN_POINT('',(-126.15,2.70388538652229E-15,77.));
#15569=CARTESIAN_POINT('',(-126.15,4.5102810375397E-14,77.));
#15570=CARTESIAN_POINT('',(-105.,5.09999999999981,21.4999999999998));
#15571=CARTESIAN_POINT('',(103.738447187191,65.,59.7500000000001));
#15572=CARTESIAN_POINT('',(-77.1819999999998,24.9999999999998,51.0000000000002));
#15573=CARTESIAN_POINT('',(-132.3,68.85,45.));
#15574=CARTESIAN_POINT('',(49.9999999999999,5.10000000000005,14.5000000000002));
#15575=CARTESIAN_POINT('',(-77.1820000000001,5.09999999999999,21.5));
#15576=CARTESIAN_POINT('',(-110.38,98.8499999999999,-4.40000000000027));
#15577=CARTESIAN_POINT('',(40.,5.1,21.5));
#15578=CARTESIAN_POINT('',(-3.46944695195361E-14,-2.54787510534094E-15,
36.));
#15579=CARTESIAN_POINT('',(-147.3,-21.15,17.));
#15580=CARTESIAN_POINT('',(-65.,-5.1,21.5));
#15581=CARTESIAN_POINT('',(92.3,-21.15,19.));
#15582=CARTESIAN_POINT('',(50.,-21.15,17.));
#15583=CARTESIAN_POINT('',(9.99999999999998,5.1,21.5));
#15584=CARTESIAN_POINT('',(9.99999999999998,-5.1,14.5));
#15585=CARTESIAN_POINT('',(71.15,-2.40422353660517E-13,77.));
#15586=CARTESIAN_POINT('',(71.15,1.45439216225896E-14,77.));
#15587=CARTESIAN_POINT('',(-126.15,7.20465965033629E-14,-41.));
#15588=CARTESIAN_POINT('',(71.15,4.37136111023031E-13,-41.));
#15589=CARTESIAN_POINT('',(71.1499999999999,-5.88408571197704E-14,-71.));
#15590=CARTESIAN_POINT('',(-126.15,1.90273979983896E-14,-71.));
#15591=UNCERTAINTY_MEASURE_WITH_UNIT(LENGTH_MEASURE(0.01),#15621,
'DISTANCE_ACCURACY_VALUE',
'Maximum model space distance between geometric entities at asserted c
onnectivities');
#15592=UNCERTAINTY_MEASURE_WITH_UNIT(LENGTH_MEASURE(0.01),#15621,
'DISTANCE_ACCURACY_VALUE',
'Maximum model space distance between geometric entities at asserted c
onnectivities');
#15593=UNCERTAINTY_MEASURE_WITH_UNIT(LENGTH_MEASURE(0.01),#15621,
'DISTANCE_ACCURACY_VALUE',
'Maximum model space distance between geometric entities at asserted c
onnectivities');
#15594=UNCERTAINTY_MEASURE_WITH_UNIT(LENGTH_MEASURE(0.01),#15621,
'DISTANCE_ACCURACY_VALUE',
'Maximum model space distance between geometric entities at asserted c
onnectivities');
#15595=UNCERTAINTY_MEASURE_WITH_UNIT(LENGTH_MEASURE(0.01),#15621,
'DISTANCE_ACCURACY_VALUE',
'Maximum model space distance between geometric entities at asserted c
onnectivities');
#15596=UNCERTAINTY_MEASURE_WITH_UNIT(LENGTH_MEASURE(0.01),#15621,
'DISTANCE_ACCURACY_VALUE',
'Maximum model space distance between geometric entities at asserted c
onnectivities');
#15597=UNCERTAINTY_MEASURE_WITH_UNIT(LENGTH_MEASURE(0.01),#15621,
'DISTANCE_ACCURACY_VALUE',
'Maximum model space distance between geometric entities at asserted c
onnectivities');
#15598=UNCERTAINTY_MEASURE_WITH_UNIT(LENGTH_MEASURE(0.01),#15621,
'DISTANCE_ACCURACY_VALUE',
'Maximum model space distance between geometric entities at asserted c
onnectivities');
#15599=UNCERTAINTY_MEASURE_WITH_UNIT(LENGTH_MEASURE(0.01),#15621,
'DISTANCE_ACCURACY_VALUE',
'Maximum model space distance between geometric entities at asserted c
onnectivities');
#15600=UNCERTAINTY_MEASURE_WITH_UNIT(LENGTH_MEASURE(0.01),#15621,
'DISTANCE_ACCURACY_VALUE',
'Maximum model space distance between geometric entities at asserted c
onnectivities');
#15601=UNCERTAINTY_MEASURE_WITH_UNIT(LENGTH_MEASURE(0.01),#15621,
'DISTANCE_ACCURACY_VALUE',
'Maximum model space distance between geometric entities at asserted c
onnectivities');
#15602=UNCERTAINTY_MEASURE_WITH_UNIT(LENGTH_MEASURE(0.01),#15621,
'DISTANCE_ACCURACY_VALUE',
'Maximum model space distance between geometric entities at asserted c
onnectivities');
#15603=UNCERTAINTY_MEASURE_WITH_UNIT(LENGTH_MEASURE(0.01),#15621,
'DISTANCE_ACCURACY_VALUE',
'Maximum model space distance between geometric entities at asserted c
onnectivities');
#15604=UNCERTAINTY_MEASURE_WITH_UNIT(LENGTH_MEASURE(0.01),#15621,
'DISTANCE_ACCURACY_VALUE',
'Maximum model space distance between geometric entities at asserted c
onnectivities');
#15605=UNCERTAINTY_MEASURE_WITH_UNIT(LENGTH_MEASURE(0.01),#15621,
'DISTANCE_ACCURACY_VALUE',
'Maximum model space distance between geometric entities at asserted c
onnectivities');
#15606=(
GEOMETRIC_REPRESENTATION_CONTEXT(3)
GLOBAL_UNCERTAINTY_ASSIGNED_CONTEXT((#15591))
GLOBAL_UNIT_ASSIGNED_CONTEXT((#15621,#15623,#15624))
REPRESENTATION_CONTEXT('','3D')
);
#15607=(
GEOMETRIC_REPRESENTATION_CONTEXT(3)
GLOBAL_UNCERTAINTY_ASSIGNED_CONTEXT((#15592))
GLOBAL_UNIT_ASSIGNED_CONTEXT((#15621,#15623,#15624))
REPRESENTATION_CONTEXT('','3D')
);
#15608=(
GEOMETRIC_REPRESENTATION_CONTEXT(3)
GLOBAL_UNCERTAINTY_ASSIGNED_CONTEXT((#15593))
GLOBAL_UNIT_ASSIGNED_CONTEXT((#15621,#15623,#15624))
REPRESENTATION_CONTEXT('','3D')
);
#15609=(
GEOMETRIC_REPRESENTATION_CONTEXT(3)
GLOBAL_UNCERTAINTY_ASSIGNED_CONTEXT((#15594))
GLOBAL_UNIT_ASSIGNED_CONTEXT((#15621,#15623,#15624))
REPRESENTATION_CONTEXT('','3D')
);
#15610=(
GEOMETRIC_REPRESENTATION_CONTEXT(3)
GLOBAL_UNCERTAINTY_ASSIGNED_CONTEXT((#15595))
GLOBAL_UNIT_ASSIGNED_CONTEXT((#15621,#15623,#15624))
REPRESENTATION_CONTEXT('','3D')
);
#15611=(
GEOMETRIC_REPRESENTATION_CONTEXT(3)
GLOBAL_UNCERTAINTY_ASSIGNED_CONTEXT((#15596))
GLOBAL_UNIT_ASSIGNED_CONTEXT((#15621,#15623,#15624))
REPRESENTATION_CONTEXT('','3D')
);
#15612=(
GEOMETRIC_REPRESENTATION_CONTEXT(3)
GLOBAL_UNCERTAINTY_ASSIGNED_CONTEXT((#15597))
GLOBAL_UNIT_ASSIGNED_CONTEXT((#15621,#15623,#15624))
REPRESENTATION_CONTEXT('','3D')
);
#15613=(
GEOMETRIC_REPRESENTATION_CONTEXT(3)
GLOBAL_UNCERTAINTY_ASSIGNED_CONTEXT((#15598))
GLOBAL_UNIT_ASSIGNED_CONTEXT((#15621,#15623,#15624))
REPRESENTATION_CONTEXT('','3D')
);
#15614=(
GEOMETRIC_REPRESENTATION_CONTEXT(3)
GLOBAL_UNCERTAINTY_ASSIGNED_CONTEXT((#15599))
GLOBAL_UNIT_ASSIGNED_CONTEXT((#15621,#15623,#15624))
REPRESENTATION_CONTEXT('','3D')
);
#15615=(
GEOMETRIC_REPRESENTATION_CONTEXT(3)
GLOBAL_UNCERTAINTY_ASSIGNED_CONTEXT((#15600))
GLOBAL_UNIT_ASSIGNED_CONTEXT((#15621,#15623,#15624))
REPRESENTATION_CONTEXT('','3D')
);
#15616=(
GEOMETRIC_REPRESENTATION_CONTEXT(3)
GLOBAL_UNCERTAINTY_ASSIGNED_CONTEXT((#15601))
GLOBAL_UNIT_ASSIGNED_CONTEXT((#15621,#15623,#15624))
REPRESENTATION_CONTEXT('','3D')
);
#15617=(
GEOMETRIC_REPRESENTATION_CONTEXT(3)
GLOBAL_UNCERTAINTY_ASSIGNED_CONTEXT((#15602))
GLOBAL_UNIT_ASSIGNED_CONTEXT((#15621,#15623,#15624))
REPRESENTATION_CONTEXT('','3D')
);
#15618=(
GEOMETRIC_REPRESENTATION_CONTEXT(3)
GLOBAL_UNCERTAINTY_ASSIGNED_CONTEXT((#15603))
GLOBAL_UNIT_ASSIGNED_CONTEXT((#15621,#15623,#15624))
REPRESENTATION_CONTEXT('','3D')
);
#15619=(
GEOMETRIC_REPRESENTATION_CONTEXT(3)
GLOBAL_UNCERTAINTY_ASSIGNED_CONTEXT((#15604))
GLOBAL_UNIT_ASSIGNED_CONTEXT((#15621,#15623,#15624))
REPRESENTATION_CONTEXT('','3D')
);
#15620=(
GEOMETRIC_REPRESENTATION_CONTEXT(3)
GLOBAL_UNCERTAINTY_ASSIGNED_CONTEXT((#15605))
GLOBAL_UNIT_ASSIGNED_CONTEXT((#15621,#15623,#15624))
REPRESENTATION_CONTEXT('','3D')
);
#15621=(
LENGTH_UNIT()
NAMED_UNIT(*)
SI_UNIT(.MILLI.,.METRE.)
);
#15622=(
LENGTH_UNIT()
NAMED_UNIT(*)
SI_UNIT($,.METRE.)
);
#15623=(
NAMED_UNIT(*)
PLANE_ANGLE_UNIT()
SI_UNIT($,.RADIAN.)
);
#15624=(
NAMED_UNIT(*)
SI_UNIT($,.STERADIAN.)
SOLID_ANGLE_UNIT()
);
#15625=SHAPE_DEFINITION_REPRESENTATION(#15639,#15680);
#15626=SHAPE_DEFINITION_REPRESENTATION(#15640,#15681);
#15627=SHAPE_DEFINITION_REPRESENTATION(#15641,#15682);
#15628=SHAPE_DEFINITION_REPRESENTATION(#15642,#15683);
#15629=SHAPE_DEFINITION_REPRESENTATION(#15643,#15684);
#15630=SHAPE_DEFINITION_REPRESENTATION(#15644,#15685);
#15631=SHAPE_DEFINITION_REPRESENTATION(#15645,#15686);
#15632=SHAPE_DEFINITION_REPRESENTATION(#15646,#15687);
#15633=SHAPE_DEFINITION_REPRESENTATION(#15647,#15688);
#15634=SHAPE_DEFINITION_REPRESENTATION(#15648,#15689);
#15635=SHAPE_DEFINITION_REPRESENTATION(#15649,#15690);
#15636=SHAPE_DEFINITION_REPRESENTATION(#15650,#15691);
#15637=SHAPE_DEFINITION_REPRESENTATION(#15651,#15692);
#15638=SHAPE_DEFINITION_REPRESENTATION(#15652,#15693);
#15639=PRODUCT_DEFINITION_SHAPE('',$,#15695);
#15640=PRODUCT_DEFINITION_SHAPE('',$,#15696);
#15641=PRODUCT_DEFINITION_SHAPE('',$,#15697);
#15642=PRODUCT_DEFINITION_SHAPE('',$,#15698);
#15643=PRODUCT_DEFINITION_SHAPE('',$,#15699);
#15644=PRODUCT_DEFINITION_SHAPE('',$,#15700);
#15645=PRODUCT_DEFINITION_SHAPE('',$,#15701);
#15646=PRODUCT_DEFINITION_SHAPE('',$,#15702);
#15647=PRODUCT_DEFINITION_SHAPE('',$,#15703);
#15648=PRODUCT_DEFINITION_SHAPE('',$,#15704);
#15649=PRODUCT_DEFINITION_SHAPE('',$,#15705);
#15650=PRODUCT_DEFINITION_SHAPE('',$,#15706);
#15651=PRODUCT_DEFINITION_SHAPE('',$,#15707);
#15652=PRODUCT_DEFINITION_SHAPE('',$,#15708);
#15653=PRODUCT_DEFINITION_SHAPE($,$,#92);
#15654=PRODUCT_DEFINITION_SHAPE($,$,#93);
#15655=PRODUCT_DEFINITION_SHAPE($,$,#94);
#15656=PRODUCT_DEFINITION_SHAPE($,$,#95);
#15657=PRODUCT_DEFINITION_SHAPE($,$,#96);
#15658=PRODUCT_DEFINITION_SHAPE($,$,#97);
#15659=PRODUCT_DEFINITION_SHAPE($,$,#98);
#15660=PRODUCT_DEFINITION_SHAPE($,$,#99);
#15661=PRODUCT_DEFINITION_SHAPE($,$,#100);
#15662=PRODUCT_DEFINITION_SHAPE($,$,#101);
#15663=PRODUCT_DEFINITION_SHAPE($,$,#102);
#15664=PRODUCT_DEFINITION_SHAPE($,$,#103);
#15665=PRODUCT_DEFINITION_SHAPE($,$,#104);
#15666=PRODUCT_DEFINITION_SHAPE($,$,#105);
#15667=PRODUCT_DEFINITION_SHAPE($,$,#106);
#15668=PRODUCT_DEFINITION_SHAPE($,$,#107);
#15669=PRODUCT_DEFINITION_SHAPE($,$,#108);
#15670=PRODUCT_DEFINITION_SHAPE($,$,#109);
#15671=PRODUCT_DEFINITION_SHAPE($,$,#110);
#15672=PRODUCT_DEFINITION_SHAPE($,$,#111);
#15673=PRODUCT_DEFINITION_SHAPE($,$,#112);
#15674=PRODUCT_DEFINITION_SHAPE($,$,#113);
#15675=PRODUCT_DEFINITION_SHAPE($,$,#114);
#15676=PRODUCT_DEFINITION_SHAPE($,$,#115);
#15677=PRODUCT_DEFINITION_SHAPE($,$,#116);
#15678=PRODUCT_DEFINITION_SHAPE($,$,#117);
#15679=PRODUCT_DEFINITION_SHAPE($,$,#118);
#15680=SHAPE_REPRESENTATION('',(#9679,#10330,#10331,#10332,#10333,#10334,
#10335,#10336,#10337,#10338,#10339,#10340,#10341,#10342,#10343,#10344,#10345,
#10346,#10347,#10348,#10349,#10350,#10351,#10352,#10353,#10354,#10355,#10356),
#15606);
#15681=SHAPE_REPRESENTATION('',(#9680),#15607);
#15682=SHAPE_REPRESENTATION('',(#9799),#15608);
#15683=SHAPE_REPRESENTATION('',(#9845),#15609);
#15684=SHAPE_REPRESENTATION('',(#9852),#15610);
#15685=SHAPE_REPRESENTATION('',(#9859),#15611);
#15686=SHAPE_REPRESENTATION('',(#9976),#15612);
#15687=SHAPE_REPRESENTATION('',(#10054),#15613);
#15688=SHAPE_REPRESENTATION('',(#10078),#15614);
#15689=SHAPE_REPRESENTATION('',(#10105),#15615);
#15690=SHAPE_REPRESENTATION('',(#10211),#15616);
#15691=SHAPE_REPRESENTATION('',(#10246),#15617);
#15692=SHAPE_REPRESENTATION('',(#10306),#15618);
#15693=SHAPE_REPRESENTATION('',(#10321),#15619);
#15694=PRODUCT_DEFINITION_CONTEXT('part definition',#15738,'design');
#15695=PRODUCT_DEFINITION('fullrobotassembly','fullrobotassembly v1',#15709,
#15694);
#15696=PRODUCT_DEFINITION('lidar_mount','lidar_mount',#15710,#15694);
#15697=PRODUCT_DEFINITION('rspi5','rspi5',#15711,#15694);
#15698=PRODUCT_DEFINITION('12V_battery','12V_battery',#15712,#15694);
#15699=PRODUCT_DEFINITION('breadboard','breadboard',#15713,#15694);
#15700=PRODUCT_DEFINITION('rspi_mount','rspi_mount',#15714,#15694);
#15701=PRODUCT_DEFINITION('breadboard_mount','breadboard_mount',#15715,
#15694);
#15702=PRODUCT_DEFINITION('lidar','lidar',#15716,#15694);
#15703=PRODUCT_DEFINITION('extrusion-spacers-6mm',
'extrusion-spacers-6mm',#15717,#15694);
#15704=PRODUCT_DEFINITION('3030-155mm','3030-155mm',#15718,#15694);
#15705=PRODUCT_DEFINITION('olimex_motor','olimex_motor',#15719,#15694);
#15706=PRODUCT_DEFINITION('motorleg-v2','motorleg-v2',#15720,#15694);
#15707=PRODUCT_DEFINITION('wheel_shaft_5_5_to_5_d',
'wheel_shaft_5_5_to_5_d',#15721,#15694);
#15708=PRODUCT_DEFINITION('100mm_wheels','100mm_wheels',#15722,#15694);
#15709=PRODUCT_DEFINITION_FORMATION('',$,#15740);
#15710=PRODUCT_DEFINITION_FORMATION('',$,#15741);
#15711=PRODUCT_DEFINITION_FORMATION('',$,#15742);
#15712=PRODUCT_DEFINITION_FORMATION('',$,#15743);
#15713=PRODUCT_DEFINITION_FORMATION('',$,#15744);
#15714=PRODUCT_DEFINITION_FORMATION('',$,#15745);
#15715=PRODUCT_DEFINITION_FORMATION('',$,#15746);
#15716=PRODUCT_DEFINITION_FORMATION('',$,#15747);
#15717=PRODUCT_DEFINITION_FORMATION('',$,#15748);
#15718=PRODUCT_DEFINITION_FORMATION('',$,#15749);
#15719=PRODUCT_DEFINITION_FORMATION('',$,#15750);
#15720=PRODUCT_DEFINITION_FORMATION('',$,#15751);
#15721=PRODUCT_DEFINITION_FORMATION('',$,#15752);
#15722=PRODUCT_DEFINITION_FORMATION('',$,#15753);
#15723=PRODUCT_RELATED_PRODUCT_CATEGORY('fullrobotassembly v1',
'fullrobotassembly v1',(#15740));
#15724=PRODUCT_RELATED_PRODUCT_CATEGORY('lidar_mount','lidar_mount',(#15741));
#15725=PRODUCT_RELATED_PRODUCT_CATEGORY('rspi5','rspi5',(#15742));
#15726=PRODUCT_RELATED_PRODUCT_CATEGORY('12V_battery','12V_battery',(#15743));
#15727=PRODUCT_RELATED_PRODUCT_CATEGORY('breadboard','breadboard',(#15744));
#15728=PRODUCT_RELATED_PRODUCT_CATEGORY('rspi_mount','rspi_mount',(#15745));
#15729=PRODUCT_RELATED_PRODUCT_CATEGORY('breadboard_mount',
'breadboard_mount',(#15746));
#15730=PRODUCT_RELATED_PRODUCT_CATEGORY('lidar','lidar',(#15747));
#15731=PRODUCT_RELATED_PRODUCT_CATEGORY('extrusion-spacers-6mm',
'extrusion-spacers-6mm',(#15748));
#15732=PRODUCT_RELATED_PRODUCT_CATEGORY('3030-155mm','3030-155mm',(#15749));
#15733=PRODUCT_RELATED_PRODUCT_CATEGORY('olimex_motor','olimex_motor',(#15750));
#15734=PRODUCT_RELATED_PRODUCT_CATEGORY('motorleg-v2','motorleg-v2',(#15751));
#15735=PRODUCT_RELATED_PRODUCT_CATEGORY('wheel_shaft_5_5_to_5_d',
'wheel_shaft_5_5_to_5_d',(#15752));
#15736=PRODUCT_RELATED_PRODUCT_CATEGORY('100mm_wheels','100mm_wheels',(#15753));
#15737=APPLICATION_PROTOCOL_DEFINITION('international standard',
'automotive_design',2009,#15738);
#15738=APPLICATION_CONTEXT(
'Core Data for Automotive Mechanical Design Process');
#15739=PRODUCT_CONTEXT('part definition',#15738,'mechanical');
#15740=PRODUCT('fullrobotassembly','fullrobotassembly v1',$,(#15739));
#15741=PRODUCT('lidar_mount','lidar_mount',$,(#15739));
#15742=PRODUCT('rspi5','rspi5',$,(#15739));
#15743=PRODUCT('12V_battery','12V_battery',$,(#15739));
#15744=PRODUCT('breadboard','breadboard',$,(#15739));
#15745=PRODUCT('rspi_mount','rspi_mount',$,(#15739));
#15746=PRODUCT('breadboard_mount','breadboard_mount',$,(#15739));
#15747=PRODUCT('lidar','lidar',$,(#15739));
#15748=PRODUCT('extrusion-spacers-6mm','extrusion-spacers-6mm',$,(#15739));
#15749=PRODUCT('3030-155mm','3030-155mm',$,(#15739));
#15750=PRODUCT('olimex_motor','olimex_motor',$,(#15739));
#15751=PRODUCT('motorleg-v2','motorleg-v2',$,(#15739));
#15752=PRODUCT('wheel_shaft_5_5_to_5_d','wheel_shaft_5_5_to_5_d',$,(#15739));
#15753=PRODUCT('100mm_wheels','100mm_wheels',$,(#15739));
#15754=PRESENTATION_STYLE_ASSIGNMENT((#15755));
#15755=SURFACE_STYLE_USAGE(.BOTH.,#15756);
#15756=SURFACE_SIDE_STYLE('',(#15757));
#15757=SURFACE_STYLE_FILL_AREA(#15758);
#15758=FILL_AREA_STYLE('Steel - Satin',(#15759));
#15759=FILL_AREA_STYLE_COLOUR('Steel - Satin',#15760);
#15760=COLOUR_RGB('Steel - Satin',0.627450980392157,0.627450980392157,0.627450980392157);
ENDSEC;
END-ISO-10303-21;
